{"time": "2021-06-04T03:03:12.275361", "features": ["i", "icA_TW", "icW_TW", "n_gram", "s", "scA_TW", "scW_TW", "tcA_TW", "tcW_TW", "user_avg_correct"], "seed": 888, "split_id": 4, "metrics_train": {"acc": 0.7634203950197279, "auc": 0.7960791812056113, "nll": 0.4926213724817329, "mse": 0.1621185494914071, "rmse": 0.4026394783070919, "f1": 0.8394097485277106}, "metrics_test": {"acc": 0.76225440479881, "auc": 0.7920701060130385, "nll": 0.4950436395248418, "mse": 0.16297112750700526, "rmse": 0.40369682622855146, "f1": 0.8394097485277106}}