{"time": "2021-12-14T08:18:42.967155", "features": ["rpfa_F", "rpfa_R", "s"], "seed": 888, "split_id": 4, "metrics_train": {"acc": 0.7162629750386028, "auc": 0.7092309195964139, "nll": 0.5612473823694437, "mse": 0.1896043760166396, "rmse": 0.43543584604007923, "f1": 0.8171522753717769}, "metrics_test": {"acc": 0.7169670387989707, "auc": 0.7075532473607146, "nll": 0.5609979743127594, "mse": 0.1894534980679973, "rmse": 0.43526256221733256, "f1": 0.8171522753717769}}