{"time": "2021-12-14T08:18:20.515874", "features": ["rpfa_F", "rpfa_R", "s"], "seed": 888, "split_id": 0, "metrics_train": {"acc": 0.7164866244868849, "auc": 0.7090473132787741, "nll": 0.5610209274000689, "mse": 0.18950273075858629, "rmse": 0.4353191137069291, "f1": 0.8160263420545891}, "metrics_test": {"acc": 0.7156709582886617, "auc": 0.7082526143422889, "nll": 0.5619388119420119, "mse": 0.18988578349653895, "rmse": 0.43575885934371883, "f1": 0.8160263420545891}}