{"time": "2021-12-14T08:16:12.121405", "features": ["ppe", "s"], "seed": 888, "split_id": 0, "metrics_train": {"acc": 0.7011931689171339, "auc": 0.6769116496235268, "nll": 0.5789233115964365, "mse": 0.19719613073169215, "rmse": 0.4440677096251113, "f1": 0.8116465575636991}, "metrics_test": {"acc": 0.7005164453043521, "auc": 0.6755698689783759, "nll": 0.5799817592763027, "mse": 0.19762959455806628, "rmse": 0.4445555022244875, "f1": 0.8116465575636991}}