{"time": "2021-05-31T23:13:15.670792", "features": ["i", "icA_TW", "icW_TW", "lag_time_cat", "n_gram", "postcA", "postcW", "precA", "precW", "rc", "s", "scA_TW", "scW_TW", "sm", "t", "tcA_TW", "tcW_TW", "user_avg_correct"], "seed": 888, "split_id": 1, "metrics_train": {"acc": 0.7670087378374932, "auc": 0.8011692087845155, "nll": 0.4869881536856192, "mse": 0.15994532692018112, "rmse": 0.3999316528110536, "f1": 0.8401908790377232}, "metrics_test": {"acc": 0.7647780947655405, "auc": 0.797004753227817, "nll": 0.49120098682014623, "mse": 0.16147704549808295, "rmse": 0.40184206536658523, "f1": 0.8401908790377232}}