{"time": "2021-06-29T11:03:48.911785", "features": ["i", "icA_TW", "icW_TW", "lag_time_cat", "n_gram", "postcA", "postcW", "precA", "precW", "prev_resp_time_cat", "rc", "s", "scA_TW", "scW_TW", "sm", "t", "tcA_TW", "tcW_TW", "user_avg_correct", "vw"], "seed": 888, "split_id": 1, "metrics_train": {"acc": 0.7677097585853114, "auc": 0.80188172624188, "nll": 0.4859332108546254, "mse": 0.15954153772167928, "rmse": 0.39942651104011523, "f1": 0.8405766294387782}, "metrics_test": {"acc": 0.7652893516528056, "auc": 0.7974343539146522, "nll": 0.4904909073869752, "mse": 0.1611856229272776, "rmse": 0.40147929327336124, "f1": 0.8405766294387782}}