{"time": "2021-12-14T08:16:35.795949", "features": ["ppe", "s"], "seed": 888, "split_id": 4, "metrics_train": {"acc": 0.7008227051634668, "auc": 0.6768217821013859, "nll": 0.5793214045087156, "mse": 0.1973723871888297, "rmse": 0.4442661220359141, "f1": 0.8127930161701232}, "metrics_test": {"acc": 0.7021113011958328, "auc": 0.6759973413767313, "nll": 0.5783626983574596, "mse": 0.19691304111463578, "rmse": 0.4437488491417592, "f1": 0.8127930161701232}}