{"time": "2021-05-27T20:01:31.328511", "features": ["i", "icA", "icW", "s", "scA", "scW", "tcA", "tcW"], "seed": 888, "split_id": 2, "metrics_train": {"acc": 0.7587436910293036, "auc": 0.7877100926114073, "nll": 0.5010216783549977, "mse": 0.16520685203507882, "rmse": 0.4064564577357319, "f1": 0.8356966932857359}, "metrics_test": {"acc": 0.7567143738528351, "auc": 0.7846022190665431, "nll": 0.5043868809978131, "mse": 0.16647547122218673, "rmse": 0.4080140576281493, "f1": 0.8356966932857359}}