{"time": "2021-05-27T19:30:39.811787", "features": ["i"], "seed": 888, "split_id": 0, "metrics_train": {"acc": 0.7245413587460997, "auc": 0.7319472141784136, "nll": 0.5461301504065458, "mse": 0.18370411972976283, "rmse": 0.42860718581209395, "f1": 0.8179085112462936}, "metrics_test": {"acc": 0.7226809318247562, "auc": 0.7277056919707754, "nll": 0.5492791238348883, "mse": 0.18495261307834454, "rmse": 0.4300611736466622, "f1": 0.8179085112462936}}