{"time": "2021-06-29T09:40:59.857901", "features": ["i", "icA_TW", "icW_TW", "lag_time_cat", "n_gram", "postcA", "postcW", "precA", "precW", "prev_resp_time_cat", "rc", "s", "scA_TW", "scW_TW", "sm", "t", "tcA_TW", "tcW_TW", "user_avg_correct", "vw"], "seed": 888, "split_id": 4, "metrics_train": {"acc": 0.7674386266994767, "auc": 0.8017947096693517, "nll": 0.48633533576858295, "mse": 0.15969017546469516, "rmse": 0.39961253166623184, "f1": 0.8414423865969191}, "metrics_test": {"acc": 0.7658685659829996, "auc": 0.7972335718282507, "nll": 0.48939826162746247, "mse": 0.16078544901445183, "rmse": 0.40098060927487733, "f1": 0.8414423865969191}}