{"time": "2021-12-24T11:34:43.123121", "features": ["i", "icA_TW", "icW_TW", "n_gram", "ppe", "rpfa_F", "rpfa_R", "s", "scA_TW", "scW_TW", "tcA_TW", "tcW_TW", "user_avg_correct"], "seed": 888, "split_id": 4, "metrics_train": {"acc": 0.7641771347209978, "auc": 0.797470452889536, "nll": 0.491241649848947, "mse": 0.1615923854045635, "rmse": 0.4019855537262048, "f1": 0.8396646546810115}, "metrics_test": {"acc": 0.7628697349827754, "auc": 0.7931735827578942, "nll": 0.49397275781456373, "mse": 0.16255844239132777, "rmse": 0.40318536976349695, "f1": 0.8396646546810115}}