{"time": "2021-12-14T08:16:20.592935", "features": ["ppe", "s"], "seed": 888, "split_id": 3, "metrics_train": {"acc": 0.7011873943496164, "auc": 0.6766430202313826, "nll": 0.5790608572042181, "mse": 0.19725022899595865, "rmse": 0.44412861762777534, "f1": 0.8118789444951229}, "metrics_test": {"acc": 0.7008888588399562, "auc": 0.676677077369637, "nll": 0.5794169951484194, "mse": 0.19740602549293848, "rmse": 0.444303978704826, "f1": 0.8118789444951229}}