{"time": "2021-12-14T08:17:45.245448", "features": ["rpfa_F", "rpfa_R", "s"], "seed": 888, "split_id": 3, "metrics_train": {"acc": 0.7164679313638208, "auc": 0.7089633127508719, "nll": 0.5610862668731291, "mse": 0.18952968603474388, "rmse": 0.43535007296972383, "f1": 0.8161482987353826}, "metrics_test": {"acc": 0.715987734329969, "auc": 0.7085721320001162, "nll": 0.5616763368710924, "mse": 0.1897680152385821, "rmse": 0.4356237083063571, "f1": 0.8161482987353826}}