{"time": "2021-12-24T12:46:06.941630", "features": ["i", "icA_TW", "icW_TW", "n_gram", "ppe", "rpfa_F", "rpfa_R", "s", "scA_TW", "scW_TW", "tcA_TW", "tcW_TW", "user_avg_correct"], "seed": 888, "split_id": 1, "metrics_train": {"acc": 0.7646231922563841, "auc": 0.797823090980853, "nll": 0.4905937113726128, "mse": 0.16134807116555666, "rmse": 0.4016815544253391, "f1": 0.8387369171686003}, "metrics_test": {"acc": 0.7622356108681154, "auc": 0.7933713216055351, "nll": 0.49502323138414006, "mse": 0.16295944193102926, "rmse": 0.40368235276146175, "f1": 0.8387369171686003}}