{"time": "2021-06-04T04:10:10.564487", "features": ["i", "icA_TW", "icW_TW", "n_gram", "s", "scA_TW", "scW_TW", "tcA_TW", "tcW_TW", "user_avg_correct"], "seed": 888, "split_id": 3, "metrics_train": {"acc": 0.7636620167731802, "auc": 0.796109743283689, "nll": 0.4922700400636878, "mse": 0.1619808738218825, "rmse": 0.40246847556284765, "f1": 0.8382981147451044}, "metrics_test": {"acc": 0.7613160262892026, "auc": 0.7922306001859465, "nll": 0.496235521049101, "mse": 0.16346638668895208, "rmse": 0.4043097657600569, "f1": 0.8382981147451044}}