{"time": "2021-07-03T20:12:57.133005", "features": ["i", "s", "scA", "scW", "tcA", "tcW"], "seed": 888, "split_id": 2, "metrics_train": {"acc": 0.7585995606637614, "auc": 0.7875378007772807, "nll": 0.5012109689423243, "mse": 0.16528367006317038, "rmse": 0.4065509439949321, "f1": 0.8356760736004362}, "metrics_test": {"acc": 0.7566463698747097, "auc": 0.7845787079787547, "nll": 0.5044299824583511, "mse": 0.16649963387563288, "rmse": 0.408043666628503, "f1": 0.8356760736004362}}