{"time": "2021-12-28T07:44:04.351805", "features": ["i", "icA_TW", "icW_TW", "lag_time_cat", "n_gram", "postcA", "postcW", "ppe", "precA", "precW", "prev_resp_time_cat", "rc", "rpfa_F", "rpfa_R", "s", "scA_TW", "scW_TW", "sm", "t", "tcA_TW", "tcW_TW", "user_avg_correct", "vw"], "seed": 888, "split_id": 2, "metrics_train": {"acc": 0.7686195548846778, "auc": 0.8033325988915855, "nll": 0.4843727804128993, "mse": 0.15896298747238816, "rmse": 0.3987016271253331, "f1": 0.8404948708554814}, "metrics_test": {"acc": 0.7656636544694274, "auc": 0.7989915751224489, "nll": 0.489255881777957, "mse": 0.1607847024635612, "rmse": 0.40097967836732223, "f1": 0.8404948708554814}}