{"time": "2021-12-30T20:23:37.503665", "features": ["i", "icA_TW", "icW_TW", "lag_time_cat", "n_gram", "postcA", "postcW", "ppe", "precA", "precW", "prev_resp_time_cat", "rc", "rpfa_F", "rpfa_R", "s", "scA_TW", "scW_TW", "sm", "t", "tcA_TW", "tcW_TW", "user_avg_correct", "vw"], "seed": 888, "split_id": 1, "metrics_train": {"acc": 0.7683462820015864, "auc": 0.8031666628121507, "nll": 0.48463007520240264, "mse": 0.15906925347997733, "rmse": 0.39883486993990047, "f1": 0.8407779437583333}, "metrics_test": {"acc": 0.76580124548802, "auc": 0.7985790353269141, "nll": 0.48932882230261493, "mse": 0.16076935529067582, "rmse": 0.40096054081502314, "f1": 0.8407779437583333}}