{"time": "2021-05-27T20:00:34.165832", "features": ["s", "scA", "scW"], "seed": 888, "split_id": 4, "metrics_train": {"acc": 0.7170458571428342, "auc": 0.7091778089247615, "nll": 0.5609097652088277, "mse": 0.18940818930000708, "rmse": 0.43521051147692547, "f1": 0.8179141772341122}, "metrics_test": {"acc": 0.7176993114850719, "auc": 0.7074533459623243, "nll": 0.560702561337647, "mse": 0.18927930306696353, "rmse": 0.43506241284092045, "f1": 0.8179141772341122}}