{"time": "2021-06-04T01:07:20.186085", "features": ["i", "icA_TW", "icW_TW", "n_gram", "s", "scA_TW", "scW_TW", "tcA_TW", "tcW_TW", "user_avg_correct"], "seed": 888, "split_id": 1, "metrics_train": {"acc": 0.7635108004685737, "auc": 0.7958491165455919, "nll": 0.4925520680228602, "mse": 0.16208687491189397, "rmse": 0.4026001427122126, "f1": 0.8385068427792839}, "metrics_test": {"acc": 0.7615525903505358, "auc": 0.7922820146405999, "nll": 0.49606178541220997, "mse": 0.16336966120676594, "rmse": 0.4041901300214615, "f1": 0.8385068427792839}}