{"time": "2021-06-30T05:05:03.743544", "features": ["i", "icA_TW", "icW_TW", "lag_time_cat", "n_gram", "postcA", "postcW", "precA", "precW", "prev_resp_time_cat", "rc", "s", "scA_TW", "scW_TW", "sm", "t", "tcA_TW", "tcW_TW", "user_avg_correct", "vw"], "seed": 888, "split_id": 3, "metrics_train": {"acc": 0.7677863216471, "auc": 0.8019805980373703, "nll": 0.4858087052785742, "mse": 0.15949012029168552, "rmse": 0.39936214178573004, "f1": 0.8403985954598512}, "metrics_test": {"acc": 0.7650551214863609, "auc": 0.7973634593385827, "nll": 0.49067497770649054, "mse": 0.16128567178319955, "rmse": 0.401603874213384, "f1": 0.8403985954598512}}