{"time": "2021-06-01T01:50:38.608114", "features": ["i", "icA_TW", "icW_TW", "lag_time_cat", "n_gram", "postcA", "postcW", "precA", "precW", "rc", "s", "scA_TW", "scW_TW", "sm", "t", "tcA_TW", "tcW_TW", "user_avg_correct"], "seed": 888, "split_id": 0, "metrics_train": {"acc": 0.7671306314640918, "auc": 0.8012958590871693, "nll": 0.48686153946639993, "mse": 0.15989671489262622, "rmse": 0.399870872773482, "f1": 0.8401664392269382}, "metrics_test": {"acc": 0.7647407730413234, "auc": 0.7972865383914796, "nll": 0.49093960393639097, "mse": 0.16140016784781117, "rmse": 0.4017463974297855, "f1": 0.8401664392269382}}