{"time": "2021-05-27T19:39:35.126067", "features": ["s", "scA", "scW"], "seed": 888, "split_id": 2, "metrics_train": {"acc": 0.717394385434149, "auc": 0.7089716702699647, "nll": 0.5606261676558114, "mse": 0.18927951931132414, "rmse": 0.43506266136192856, "f1": 0.8165911940424946}, "metrics_test": {"acc": 0.7162185411881002, "auc": 0.7082579783204216, "nll": 0.5618680074415489, "mse": 0.18980176736035, "rmse": 0.43566244658031983, "f1": 0.8165911940424946}}