{"time": "2021-05-27T19:34:57.377693", "features": ["s", "scA", "scW"], "seed": 888, "split_id": 1, "metrics_train": {"acc": 0.7173395353453934, "auc": 0.7091838527788197, "nll": 0.5606656845645216, "mse": 0.18930190515088677, "rmse": 0.43508838774539454, "f1": 0.8170309552715873}, "metrics_test": {"acc": 0.7168210097705692, "auc": 0.7074599751460726, "nll": 0.5616380292399102, "mse": 0.18969066489526862, "rmse": 0.4355349181125075, "f1": 0.8170309552715873}}