{"time": "2021-12-14T08:16:03.337599", "features": ["ppe", "s"], "seed": 888, "split_id": 2, "metrics_train": {"acc": 0.7013799122277012, "auc": 0.6769221081410085, "nll": 0.578823406243495, "mse": 0.19714938527616938, "rmse": 0.44401507325334055, "f1": 0.8112597058581958}, "metrics_test": {"acc": 0.69978345988795, "auc": 0.6755503336876516, "nll": 0.5803883895757628, "mse": 0.19781767820936635, "rmse": 0.4447669931653723, "f1": 0.8112597058581958}}