{"time": "2021-12-24T11:31:49.445119", "features": ["i", "icA_TW", "icW_TW", "n_gram", "ppe", "rpfa_F", "rpfa_R", "s", "scA_TW", "scW_TW", "tcA_TW", "tcW_TW", "user_avg_correct"], "seed": 888, "split_id": 2, "metrics_train": {"acc": 0.7645237880980643, "auc": 0.7975528939694451, "nll": 0.49078094645764275, "mse": 0.1614104698412092, "rmse": 0.4017592187383, "f1": 0.8384736436829587}, "metrics_test": {"acc": 0.7619940139337362, "auc": 0.7937804253916649, "nll": 0.49498047379667587, "mse": 0.1629775545610164, "rmse": 0.40370478639844787, "f1": 0.8384736436829587}}