{"time": "2021-05-27T20:36:54.758704", "features": ["i", "s", "scA_TW", "scW_TW"], "seed": 888, "split_id": 1, "metrics_train": {"acc": 0.7431418907066512, "auc": 0.7631191042978257, "nll": 0.5228384166559733, "mse": 0.1739982893312461, "rmse": 0.4171310217800231, "f1": 0.8263997492320515}, "metrics_test": {"acc": 0.7406080432513136, "auc": 0.7576891968434072, "nll": 0.5271778351220487, "mse": 0.17564743309684777, "rmse": 0.4191031294286023, "f1": 0.8263997492320515}}