{"time": "2021-07-03T20:14:29.505274", "features": ["i", "s", "scA", "scW", "tcA", "tcW"], "seed": 888, "split_id": 1, "metrics_train": {"acc": 0.7586088428301643, "auc": 0.7877536460034774, "nll": 0.5010556054729417, "mse": 0.1652333045262404, "rmse": 0.4064889968083274, "f1": 0.8359794590222622}, "metrics_test": {"acc": 0.7569069043246854, "auc": 0.7844298747634295, "nll": 0.504312463626981, "mse": 0.16641805842664512, "rmse": 0.4079436951671702, "f1": 0.8359794590222622}}