{"time": "2021-05-27T19:58:26.895927", "features": ["i", "icA", "icW", "s", "scA", "scW", "tcA", "tcW"], "seed": 888, "split_id": 3, "metrics_train": {"acc": 0.7587448986634374, "auc": 0.7878161267860718, "nll": 0.5009949394157882, "mse": 0.16519371506644967, "rmse": 0.4064402970504397, "f1": 0.835697446463259}, "metrics_test": {"acc": 0.7565418119249665, "auc": 0.7842970503222936, "nll": 0.5043927213766556, "mse": 0.1664936982005737, "rmse": 0.40803639323052265, "f1": 0.835697446463259}}