{"time": "2021-12-24T12:23:03.914125", "features": ["i", "icA_TW", "icW_TW", "n_gram", "ppe", "rpfa_F", "rpfa_R", "s", "scA_TW", "scW_TW", "tcA_TW", "tcW_TW", "user_avg_correct"], "seed": 888, "split_id": 3, "metrics_train": {"acc": 0.7645780248483137, "auc": 0.7976803891085723, "nll": 0.49071187448238945, "mse": 0.16138690405157718, "rmse": 0.40172988941772453, "f1": 0.8385631177905541}, "metrics_test": {"acc": 0.7619685921138383, "auc": 0.7933416565177481, "nll": 0.495164732035379, "mse": 0.1630459221696312, "rmse": 0.4037894527716533, "f1": 0.8385631177905541}}