{"time": "2021-05-27T19:34:52.890966", "features": ["s", "scA", "scW"], "seed": 888, "split_id": 0, "metrics_train": {"acc": 0.7172844492915345, "auc": 0.708984466745049, "nll": 0.5606961622445944, "mse": 0.18931601230735623, "rmse": 0.43510459927166506, "f1": 0.8168824390702738}, "metrics_test": {"acc": 0.7167508023722234, "auc": 0.7082300153048778, "nll": 0.5615955453805525, "mse": 0.18966869479486248, "rmse": 0.43550969540856665, "f1": 0.8168824390702738}}