{"time": "2021-05-27T20:47:23.893479", "features": ["i", "s", "scA_TW", "scW_TW"], "seed": 888, "split_id": 2, "metrics_train": {"acc": 0.7431665163930687, "auc": 0.7629819056374779, "nll": 0.5227892934715221, "mse": 0.17397624798686104, "rmse": 0.4171046007740277, "f1": 0.8262000496016146}, "metrics_test": {"acc": 0.7403721812672852, "auc": 0.7581352598168869, "nll": 0.5274863597967302, "mse": 0.17577398934328683, "rmse": 0.4192540868534102, "f1": 0.8262000496016146}}