{"time": "2021-12-27T20:02:38.469160", "features": ["i", "icA_TW", "icW_TW", "lag_time_cat", "n_gram", "postcA", "postcW", "ppe", "precA", "precW", "prev_resp_time_cat", "rc", "rpfa_F", "rpfa_R", "s", "scA_TW", "scW_TW", "sm", "t", "tcA_TW", "tcW_TW", "user_avg_correct", "vw"], "seed": 888, "split_id": 4, "metrics_train": {"acc": 0.7683571926865639, "auc": 0.8035157117012471, "nll": 0.48457225395473624, "mse": 0.15905051745496937, "rmse": 0.3988113807992061, "f1": 0.8416469032301127}, "metrics_test": {"acc": 0.7664473250572061, "auc": 0.7983173290225455, "nll": 0.4883342296102866, "mse": 0.16039747079182165, "rmse": 0.40049653031183885, "f1": 0.8416469032301127}}