{"time": "2021-05-27T20:47:14.194376", "features": ["i", "s", "scA_TW", "scW_TW"], "seed": 888, "split_id": 3, "metrics_train": {"acc": 0.7432558164858074, "auc": 0.7628800076492757, "nll": 0.5229500124538448, "mse": 0.1740415929651623, "rmse": 0.4171829250642484, "f1": 0.8263220764786259}, "metrics_test": {"acc": 0.7405595120776027, "auc": 0.7584463937226487, "nll": 0.5269348978655874, "mse": 0.1755489008882436, "rmse": 0.41898556167037976, "f1": 0.8263220764786259}}