{"time": "2021-05-27T19:46:38.354704", "features": ["s", "scA", "scW"], "seed": 888, "split_id": 3, "metrics_train": {"acc": 0.7173821779876123, "auc": 0.708920611933899, "nll": 0.5607368116388946, "mse": 0.18933007634310273, "rmse": 0.4351207606436433, "f1": 0.8168669675779628}, "metrics_test": {"acc": 0.7167357245342071, "auc": 0.708399045270022, "nll": 0.5614356193331546, "mse": 0.18961412534785696, "rmse": 0.43544704080732594, "f1": 0.8168669675779628}}