{"time": "2021-12-24T12:40:28.704606", "features": ["i", "icA_TW", "icW_TW", "n_gram", "ppe", "rpfa_F", "rpfa_R", "s", "scA_TW", "scW_TW", "tcA_TW", "tcW_TW", "user_avg_correct"], "seed": 888, "split_id": 0, "metrics_train": {"acc": 0.7645177258931486, "auc": 0.7976435004463239, "nll": 0.49078741411836524, "mse": 0.1614135781117361, "rmse": 0.4017630870447609, "f1": 0.8387840510983323}, "metrics_test": {"acc": 0.7622845140229514, "auc": 0.7937016623565375, "nll": 0.49463577327222275, "mse": 0.1628502434522573, "rmse": 0.4035470771202008, "f1": 0.8387840510983323}}