{"time": "2021-05-27T20:42:09.951458", "features": ["i", "s", "scA_TW", "scW_TW"], "seed": 888, "split_id": 0, "metrics_train": {"acc": 0.7430742241089769, "auc": 0.7629075017276632, "nll": 0.5229293822910321, "mse": 0.17403969990343046, "rmse": 0.4171806561951674, "f1": 0.8265481953265861}, "metrics_test": {"acc": 0.7408934293461793, "auc": 0.7584076512493616, "nll": 0.5269900752645429, "mse": 0.17555564186757144, "rmse": 0.4189936059984346, "f1": 0.8265481953265861}}