{"time": "2021-12-28T04:37:24.269811", "features": ["i", "icA_TW", "icW_TW", "lag_time_cat", "n_gram", "postcA", "postcW", "ppe", "precA", "precW", "prev_resp_time_cat", "rc", "rpfa_F", "rpfa_R", "s", "scA_TW", "scW_TW", "sm", "t", "tcA_TW", "tcW_TW", "user_avg_correct", "vw"], "seed": 888, "split_id": 0, "metrics_train": {"acc": 0.7684376176262211, "auc": 0.8032349850548747, "nll": 0.48456693198804857, "mse": 0.15904142999975757, "rmse": 0.398799987462083, "f1": 0.840870914252218}, "metrics_test": {"acc": 0.7659300607820029, "auc": 0.7989627012639159, "nll": 0.488927999160909, "mse": 0.16064176631365434, "rmse": 0.40080140507944123, "f1": 0.840870914252218}}