{"time": "2021-12-31T02:53:00.266775", "features": ["i", "icA_TW", "icW_TW", "lag_time_cat", "n_gram", "postcA", "postcW", "ppe", "precA", "precW", "prev_resp_time_cat", "rc", "rpfa_F", "rpfa_R", "s", "scA_TW", "scW_TW", "sm", "t", "tcA_TW", "tcW_TW", "user_avg_correct", "vw"], "seed": 888, "split_id": 3, "metrics_train": {"acc": 0.7684158003039411, "auc": 0.8031825582922075, "nll": 0.4845846341644514, "mse": 0.15904674665985763, "rmse": 0.39880665322917774, "f1": 0.8406011316353517}, "metrics_test": {"acc": 0.7655746066739726, "auc": 0.7985269607779606, "nll": 0.48951522727532837, "mse": 0.16086902906098588, "rmse": 0.4010848152959494, "f1": 0.8406011316353517}}