{"time": "2021-12-14T08:18:03.580463", "features": ["rpfa_F", "rpfa_R", "s"], "seed": 888, "split_id": 1, "metrics_train": {"acc": 0.7164443808384525, "auc": 0.7092427498447883, "nll": 0.5610034707780146, "mse": 0.18949799265919262, "rmse": 0.4353136715739498, "f1": 0.8163058956153709}, "metrics_test": {"acc": 0.7160294957856339, "auc": 0.7075652094794441, "nll": 0.5619427159845678, "mse": 0.1898670913969174, "rmse": 0.4357374110595938, "f1": 0.8163058956153709}}