{"time": "2021-05-27T19:52:41.543814", "features": ["i", "icA", "icW", "s", "scA", "scW", "tcA", "tcW"], "seed": 888, "split_id": 1, "metrics_train": {"acc": 0.7586567077652648, "auc": 0.7877767962900737, "nll": 0.5010210788264832, "mse": 0.1652134512775979, "rmse": 0.4064645756736962, "f1": 0.836012281329079}, "metrics_test": {"acc": 0.7569635926921688, "auc": 0.7844633978621445, "nll": 0.5042685943008128, "mse": 0.16639261908332967, "rmse": 0.40791251400677775, "f1": 0.836012281329079}}