{"time": "2021-12-14T08:18:19.488083", "features": ["rpfa_F", "rpfa_R", "s"], "seed": 888, "split_id": 2, "metrics_train": {"acc": 0.7165252291883514, "auc": 0.7090594060796649, "nll": 0.5609450668719733, "mse": 0.1894674262257634, "rmse": 0.43527856164272943, "f1": 0.8157865846202701}, "metrics_test": {"acc": 0.7152707759661499, "auc": 0.708238190277021, "nll": 0.5622521678600305, "mse": 0.1900157055957493, "rmse": 0.43590790953566017, "f1": 0.8157865846202701}}