{"time": "2021-06-04T01:25:15.334034", "features": ["i", "icA_TW", "icW_TW", "n_gram", "s", "scA_TW", "scW_TW", "tcA_TW", "tcW_TW", "user_avg_correct"], "seed": 888, "split_id": 2, "metrics_train": {"acc": 0.7637031731670866, "auc": 0.796048436143304, "nll": 0.49227821513936204, "mse": 0.16197472155088086, "rmse": 0.40246083231897345, "f1": 0.838206394066924}, "metrics_test": {"acc": 0.7613570933941322, "auc": 0.7926204974617367, "nll": 0.49610114633816044, "mse": 0.16341036031443618, "rmse": 0.4042404733749902, "f1": 0.838206394066924}}