{"time": "2021-05-27T19:50:58.987228", "features": ["i"], "seed": 888, "split_id": 4, "metrics_train": {"acc": 0.7241265456963055, "auc": 0.7317123764732797, "nll": 0.546623016210902, "mse": 0.18391271484531255, "rmse": 0.42885045743861877, "f1": 0.8190779773630217}, "metrics_test": {"acc": 0.7242227894996689, "auc": 0.7286677453186134, "nll": 0.5473174203893344, "mse": 0.18411146998610362, "rmse": 0.42908212499019766, "f1": 0.8190779773630217}}