{"time": "2021-07-03T20:14:23.183375", "features": ["i", "s", "scA", "scW", "tcA", "tcW"], "seed": 888, "split_id": 4, "metrics_train": {"acc": 0.7581690331422051, "auc": 0.7874818173529703, "nll": 0.5016546683692518, "mse": 0.16546274193333177, "rmse": 0.4067711173784734, "f1": 0.8369891122895213}, "metrics_test": {"acc": 0.7577663641895693, "auc": 0.7842361804375779, "nll": 0.5031571429188701, "mse": 0.16595458011140674, "rmse": 0.4073752325699327, "f1": 0.8369891122895213}}