{"time": "2021-12-14T08:16:04.712407", "features": ["ppe", "s"], "seed": 888, "split_id": 1, "metrics_train": {"acc": 0.7011791566872289, "auc": 0.6768874536838759, "nll": 0.5790201500556931, "mse": 0.19723885141364006, "rmse": 0.44411580856083027, "f1": 0.8119854626215064}, "metrics_test": {"acc": 0.7009142963179525, "auc": 0.6757387847307824, "nll": 0.5795571353473101, "mse": 0.19744355801684849, "rmse": 0.44434621413583403, "f1": 0.8119854626215064}}