{"time": "2021-05-27T19:30:21.573574", "features": ["i"], "seed": 888, "split_id": 1, "metrics_train": {"acc": 0.7244449378900324, "auc": 0.7318855172956975, "nll": 0.5462569393319796, "mse": 0.18375767006602942, "rmse": 0.4286696514403946, "f1": 0.8182475763783227}, "metrics_test": {"acc": 0.7231758394602418, "auc": 0.7280347446561277, "nll": 0.5487354419938815, "mse": 0.18470716723723601, "rmse": 0.4297757173657395, "f1": 0.8182475763783227}}