{"time": "2021-07-02T01:37:14.590842", "features": ["i", "s", "scA", "scW", "tcA", "tcW", "vt"], "seed": 888, "split_id": 1, "metrics_train": {"acc": 0.7587184775977129, "auc": 0.7877624886309857, "nll": 0.5009593731205279, "mse": 0.16518445768316445, "rmse": 0.4064289085229598, "f1": 0.836183113206412}, "metrics_test": {"acc": 0.7571899215301359, "auc": 0.7847137573922502, "nll": 0.5039362944674595, "mse": 0.16626896488350365, "rmse": 0.40776091632659406, "f1": 0.836183113206412}}