{"time": "2021-07-03T19:32:04.634941", "features": ["i", "precA", "precW", "s", "scA", "scW", "tcA", "tcW"], "seed": 888, "split_id": 4, "metrics_train": {"acc": 0.7605494352572698, "auc": 0.7911191367591804, "nll": 0.4978842789010562, "mse": 0.16403680180671631, "rmse": 0.4050145698696731, "f1": 0.8382422211277355}, "metrics_test": {"acc": 0.7598492164639734, "auc": 0.787473492270914, "nll": 0.4998466306499084, "mse": 0.16469215288932545, "rmse": 0.40582280972035745, "f1": 0.8382422211277355}}