{"time": "2021-07-03T03:00:54.876783", "features": ["i", "month", "s", "scA", "scW", "tcA", "tcW"], "seed": 888, "split_id": 4, "metrics_train": {"acc": 0.7581245001735609, "auc": 0.787344084159861, "nll": 0.5017910175527392, "mse": 0.16550568691557802, "rmse": 0.4068239016031113, "f1": 0.8370261987781399}, "metrics_test": {"acc": 0.7577716797578482, "auc": 0.7842160102739489, "nll": 0.5031783484463598, "mse": 0.16595673957307633, "rmse": 0.4073778830190421, "f1": 0.8370261987781399}}