{"time": "2021-07-02T17:24:19.103949", "features": ["i", "prev_resp_time_cat", "s", "scA", "scW", "tcA", "tcW"], "seed": 888, "split_id": 3, "metrics_train": {"acc": 0.7604467809236528, "auc": 0.7898918166286581, "nll": 0.4983315508089901, "mse": 0.16417517645663093, "rmse": 0.4051853606149054, "f1": 0.8370234778045819}, "metrics_test": {"acc": 0.7583777684302775, "auc": 0.7865390577466889, "nll": 0.5015849866921247, "mse": 0.1654123299069897, "rmse": 0.40670914657404705, "f1": 0.8370234778045819}}