{"time": "2021-07-02T19:45:18.005780", "features": ["hour", "i", "s", "scA", "scW", "tcA", "tcW"], "seed": 888, "split_id": 3, "metrics_train": {"acc": 0.7586378771500849, "auc": 0.7876721679021851, "nll": 0.5011543111565451, "mse": 0.1652591083643809, "rmse": 0.4065207354666929, "f1": 0.8356937266415777}, "metrics_test": {"acc": 0.7565199884121426, "auc": 0.7842771558526279, "nll": 0.5044192897803482, "mse": 0.16651295008542155, "rmse": 0.4080599834404515, "f1": 0.8356937266415777}}