{"time": "2021-07-02T13:36:36.276213", "features": ["i", "rc", "s", "scA", "scW", "tcA", "tcW"], "seed": 888, "split_id": 2, "metrics_train": {"acc": 0.7592036599938006, "auc": 0.7889865555771295, "nll": 0.4995692975064511, "mse": 0.164759554567142, "rmse": 0.40590584446043887, "f1": 0.8356512243854839}, "metrics_test": {"acc": 0.7571970519310126, "auc": 0.7860310538484717, "nll": 0.5028984333586919, "mse": 0.16601370755645176, "rmse": 0.40744779733906006, "f1": 0.8356512243854839}}