{"time": "2021-07-03T02:34:00.146142", "features": ["i", "precA", "precW", "s", "scA", "scW", "tcA", "tcW"], "seed": 888, "split_id": 2, "metrics_train": {"acc": 0.7608073370144008, "auc": 0.7909192383520248, "nll": 0.49769898060355333, "mse": 0.16395050935766584, "rmse": 0.4049080258005092, "f1": 0.8369719255590371}, "metrics_test": {"acc": 0.7587169515682961, "auc": 0.7879561863807769, "nll": 0.5009551155407024, "mse": 0.16518547707290893, "rmse": 0.4064301626022716, "f1": 0.8369719255590371}}