{"time": "2021-07-02T06:19:07.497178", "features": ["i", "prev_resp_time_cat", "s", "scA", "scW", "tcA", "tcW"], "seed": 888, "split_id": 2, "metrics_train": {"acc": 0.7603001069455847, "auc": 0.7895634050493208, "nll": 0.49858492716442065, "mse": 0.16426707449943834, "rmse": 0.40529874722164927, "f1": 0.8370015068655995}, "metrics_test": {"acc": 0.7585041441667174, "auc": 0.7868786352053151, "nll": 0.5015359556918146, "mse": 0.1653856280352331, "rmse": 0.4066763185080158, "f1": 0.8370015068655995}}