{"time": "2021-07-02T02:23:34.542924", "features": ["i", "s", "scA", "scW", "tcA", "tcW", "user_avg_correct"], "seed": 888, "split_id": 1, "metrics_train": {"acc": 0.7593802972310857, "auc": 0.78927382502999, "nll": 0.4992217304480562, "mse": 0.16463362748527172, "rmse": 0.40575069622278126, "f1": 0.8360708764063793}, "metrics_test": {"acc": 0.7576820699789234, "auc": 0.7861622099041325, "nll": 0.5023127191018759, "mse": 0.16576418413306765, "rmse": 0.4071414792588292, "f1": 0.8360708764063793}}