{"time": "2021-07-01T22:59:10.827541", "features": ["i", "prev_resp_time_cat", "s", "scA", "scW", "tcA", "tcW"], "seed": 888, "split_id": 1, "metrics_train": {"acc": 0.7603332640227681, "auc": 0.789845008084897, "nll": 0.4983504978044032, "mse": 0.1641891906388941, "rmse": 0.4052026537905374, "f1": 0.8373105499026342}, "metrics_test": {"acc": 0.7587447114742564, "auc": 0.7865904018939759, "nll": 0.5015992640888188, "mse": 0.16536290096569115, "rmse": 0.40664837509289414, "f1": 0.8373105499026342}}