{"time": "2021-07-02T11:19:14.044786", "features": ["i", "pre", "s", "scA", "scW", "tcA", "tcW"], "seed": 888, "split_id": 2, "metrics_train": {"acc": 0.7586270851895275, "auc": 0.7875754382494767, "nll": 0.5011627273152321, "mse": 0.16526677554506236, "rmse": 0.4065301656028275, "f1": 0.8356756908676234}, "metrics_test": {"acc": 0.7566712546111846, "auc": 0.7845843733352028, "nll": 0.5044198825843854, "mse": 0.16649534846599778, "rmse": 0.4080384154292311, "f1": 0.8356756908676234}}