{"time": "2021-07-01T20:48:37.179299", "features": ["i", "icA_TW", "icW_TW", "s", "scA", "scA_TW", "scW", "scW_TW", "tcA", "tcA_TW", "tcW", "tcW_TW"], "seed": 888, "split_id": 0, "metrics_train": {"acc": 0.7613200261546578, "auc": 0.7924769958253841, "nll": 0.49632352163693944, "mse": 0.16346278014709828, "rmse": 0.4043053056133425, "f1": 0.8374168654123861}, "metrics_test": {"acc": 0.759410223153471, "auc": 0.789045216305917, "nll": 0.4996691657345937, "mse": 0.1647058477765321, "rmse": 0.4058396823581106, "f1": 0.8374168654123861}}