{"time": "2021-07-01T18:02:00.617419", "features": ["at", "i", "s", "scA", "scW", "tcA", "tcW"], "seed": 888, "split_id": 0, "metrics_train": {"acc": 0.7585726029906322, "auc": 0.7876552422262921, "nll": 0.5011548471204463, "mse": 0.16526932254200008, "rmse": 0.40653329819585515, "f1": 0.8360025371395445}, "metrics_test": {"acc": 0.7569215602287759, "auc": 0.7847238610004368, "nll": 0.5040410665737213, "mse": 0.16633972704728237, "rmse": 0.40784767628035146, "f1": 0.8360025371395445}}