{"time": "2021-07-03T02:44:25.134605", "features": ["i", "lag_time_cat", "s", "scA", "scW", "tcA", "tcW"], "seed": 888, "split_id": 4, "metrics_train": {"acc": 0.7591983167500149, "auc": 0.7884266778120315, "nll": 0.500569896690927, "mse": 0.16500744999864608, "rmse": 0.4062110904426984, "f1": 0.8375412353596312}, "metrics_test": {"acc": 0.7586721370242938, "auc": 0.7851890974724074, "nll": 0.502087442215787, "mse": 0.1655061560286077, "rmse": 0.4068244781580967, "f1": 0.8375412353596312}}