{"time": "2021-07-02T21:51:15.736209", "features": ["i", "s", "scA", "scW", "tcA", "tcW", "vs"], "seed": 888, "split_id": 3, "metrics_train": {"acc": 0.7589199228740523, "auc": 0.7880080929684914, "nll": 0.5006837757550189, "mse": 0.16509681774280743, "rmse": 0.4063210771579631, "f1": 0.835842297841253}, "metrics_test": {"acc": 0.7568289408878062, "auc": 0.7847070001281093, "nll": 0.5038698434921668, "mse": 0.16631916339338812, "rmse": 0.4078224655329671, "f1": 0.835842297841253}}