{"time": "2021-07-01T19:23:57.574392", "features": ["i", "part_of_day", "s", "scA", "scW", "tcA", "tcW"], "seed": 888, "split_id": 0, "metrics_train": {"acc": 0.7582600442691958, "auc": 0.7871079926634421, "nll": 0.5017047269307011, "mse": 0.16546825696834347, "rmse": 0.40677789636156914, "f1": 0.8360177468636746}, "metrics_test": {"acc": 0.7567962365116058, "auc": 0.7846379218832001, "nll": 0.5041264883587957, "mse": 0.16638132512046494, "rmse": 0.4078986701626581, "f1": 0.8360177468636746}}