{"time": "2021-07-01T20:58:27.981439", "features": ["i", "n_gram", "s", "scA", "scW", "tcA", "tcW"], "seed": 888, "split_id": 0, "metrics_train": {"acc": 0.7618836452688931, "auc": 0.7929545924920798, "nll": 0.4955139006472711, "mse": 0.16315841122342792, "rmse": 0.4039287204735854, "f1": 0.8380036212658417}, "metrics_test": {"acc": 0.7603488634598101, "auc": 0.7902544816299308, "nll": 0.4981474532755517, "mse": 0.16415200173111383, "rmse": 0.4051567619219921, "f1": 0.8380036212658417}}