{"time": "2021-07-01T19:47:18.760360", "features": ["i", "s", "scA", "scA_TW", "scW", "scW_TW", "tcA", "tcW"], "seed": 888, "split_id": 0, "metrics_train": {"acc": 0.7593686143146454, "auc": 0.7895197822491945, "nll": 0.499521206794684, "mse": 0.1646735363432932, "rmse": 0.4057998722810213, "f1": 0.8360401234151943}, "metrics_test": {"acc": 0.7572018218291597, "auc": 0.7856969055653413, "nll": 0.5032471760437385, "mse": 0.16605493726138879, "rmse": 0.4074983892745943, "f1": 0.8360401234151943}}