{"time": "2021-07-02T07:21:56.213874", "features": ["day", "i", "s", "scA", "scW", "tcA", "tcW"], "seed": 888, "split_id": 2, "metrics_train": {"acc": 0.7584604444560138, "auc": 0.7873128945329123, "nll": 0.5014340384514677, "mse": 0.165364372640793, "rmse": 0.40665018460685964, "f1": 0.8356961798367246}, "metrics_test": {"acc": 0.7566184818079705, "auc": 0.7845662797072073, "nll": 0.504445949313839, "mse": 0.16650678462072097, "rmse": 0.4080524287646392, "f1": 0.8356961798367246}}