{"time": "2021-07-02T15:13:24.269314", "features": ["c", "i", "s", "scA", "scW", "tcA", "tcW"], "seed": 888, "split_id": 3, "metrics_train": {"acc": 0.758808310911748, "auc": 0.7880068761374412, "nll": 0.5008716953416195, "mse": 0.16514845947629614, "rmse": 0.40638462012765214, "f1": 0.8358308181355316}, "metrics_test": {"acc": 0.7567512748568741, "auc": 0.7846731172324113, "nll": 0.5040860819656273, "mse": 0.16638179053803942, "rmse": 0.4078992406686232, "f1": 0.8358308181355316}}