{"time": "2021-07-02T04:35:20.685660", "features": ["i", "s", "scA", "scW", "tcA", "tcW", "tea"], "seed": 888, "split_id": 2, "metrics_train": {"acc": 0.7600989005285509, "auc": 0.790240887821005, "nll": 0.4983979726495115, "mse": 0.16426484123538693, "rmse": 0.40529599212845285, "f1": 0.8354481689610771}, "metrics_test": {"acc": 0.7565067150174236, "auc": 0.7840426461671309, "nll": 0.5046736901531355, "mse": 0.16661263745744778, "rmse": 0.4081821131032664, "f1": 0.8354481689610771}}