{"time": "2021-07-01T20:16:48.688470", "features": ["i", "s", "scA", "scW", "tcA", "tcW", "vt"], "seed": 888, "split_id": 0, "metrics_train": {"acc": 0.7586049789537571, "auc": 0.7875316488744054, "nll": 0.5012071835422282, "mse": 0.16527187821663625, "rmse": 0.4065364414374636, "f1": 0.8361973705748631}, "metrics_test": {"acc": 0.7571249966737712, "auc": 0.7850098758800209, "nll": 0.5036716106992729, "mse": 0.16620151884129344, "rmse": 0.407678205011371, "f1": 0.8361973705748631}}