{"time": "2021-07-02T22:23:49.685689", "features": ["i", "pre", "s", "scA", "scW", "tcA", "tcW"], "seed": 888, "split_id": 3, "metrics_train": {"acc": 0.7586690495011063, "auc": 0.7877525144433745, "nll": 0.5010672782189665, "mse": 0.16522850887352386, "rmse": 0.4064830978940254, "f1": 0.8356682317366271}, "metrics_test": {"acc": 0.7564985928113349, "auc": 0.7842593258431253, "nll": 0.504435142246066, "mse": 0.1665162147224232, "rmse": 0.40806398361338286, "f1": 0.8356682317366271}}