{"time": "2021-07-03T01:33:32.881048", "features": ["i", "icA_TW", "icW_TW", "s", "scA", "scW", "tcA", "tcW"], "seed": 888, "split_id": 4, "metrics_train": {"acc": 0.7584610902943094, "auc": 0.7880006469509553, "nll": 0.5011516409512216, "mse": 0.16527500871684464, "rmse": 0.4065402916278344, "f1": 0.8370348645725223}, "metrics_test": {"acc": 0.7579194525560017, "auc": 0.7844988396861151, "nll": 0.5029108785935937, "mse": 0.16585828720240117, "rmse": 0.4072570284260312, "f1": 0.8370348645725223}}