{"time": "2021-07-03T08:32:17.502626", "features": ["i", "s", "scA", "scW", "tcA", "tcW", "user_avg_correct"], "seed": 888, "split_id": 4, "metrics_train": {"acc": 0.7592182576831533, "auc": 0.7893658784629581, "nll": 0.4994570854276212, "mse": 0.16472412924332427, "rmse": 0.4058622047485135, "f1": 0.837142803037476}, "metrics_test": {"acc": 0.7586306755917185, "auc": 0.7859950642107405, "nll": 0.5011505333207593, "mse": 0.16528746594926685, "rmse": 0.4065556123696571, "f1": 0.837142803037476}}