{"time": "2021-07-02T04:52:34.713782", "features": ["i", "icA", "icW", "s", "scA", "scW", "tcA", "tcW"], "seed": 888, "split_id": 2, "metrics_train": {"acc": 0.7587281151348779, "auc": 0.7876657784462225, "nll": 0.501061998075012, "mse": 0.16522341876308325, "rmse": 0.40647683668701623, "f1": 0.8356976695838219}, "metrics_test": {"acc": 0.7567094398102582, "auc": 0.7845917732714739, "nll": 0.5043931727112085, "mse": 0.16648006699035928, "rmse": 0.40801968946407385, "f1": 0.8356976695838219}}