{"time": "2021-07-02T23:55:49.309068", "features": ["c", "i", "s", "scA", "scW", "tcA", "tcW"], "seed": 888, "split_id": 4, "metrics_train": {"acc": 0.7585849058469863, "auc": 0.7882018615947038, "nll": 0.5009871168082141, "mse": 0.16521049392526632, "rmse": 0.4064609377606492, "f1": 0.8370657049318493}, "metrics_test": {"acc": 0.7579711198796726, "auc": 0.7846555111714352, "nll": 0.5027975211541857, "mse": 0.16581342558791548, "rmse": 0.4072019469353204, "f1": 0.8370657049318493}}