{"time": "2021-07-01T20:49:56.331409", "features": ["i", "s", "scA", "scW", "tcA", "tcW", "user_avg_correct"], "seed": 888, "split_id": 0, "metrics_train": {"acc": 0.7594724627499077, "auc": 0.7893115054454469, "nll": 0.4992039521869695, "mse": 0.1646192653762075, "rmse": 0.405732997642794, "f1": 0.8361954280602071}, "metrics_test": {"acc": 0.7578067662789929, "auc": 0.7864016452885981, "nll": 0.502030278131167, "mse": 0.16568417475669026, "rmse": 0.4070432099380731, "f1": 0.8361954280602071}}