{"time": "2021-07-02T22:52:51.219268", "features": ["i", "rt", "s", "scA", "scW", "tcA", "tcW"], "seed": 888, "split_id": 3, "metrics_train": {"acc": 0.7586459371244072, "auc": 0.7877673456136295, "nll": 0.5009932812774293, "mse": 0.16522034223747828, "rmse": 0.4064730522894209, "f1": 0.8356853599896835}, "metrics_test": {"acc": 0.7565482306052088, "auc": 0.784317965852476, "nll": 0.5043205695489927, "mse": 0.16649285998675328, "rmse": 0.4080353660980299, "f1": 0.8356853599896835}}