{"time": "2021-07-02T19:23:10.152438", "features": ["i", "postcA", "postcW", "s", "scA", "scW", "tcA", "tcW"], "seed": 888, "split_id": 1, "metrics_train": {"acc": 0.7599000195096406, "auc": 0.7898758673199888, "nll": 0.4989118047214162, "mse": 0.16442120991058728, "rmse": 0.4054888530041082, "f1": 0.8366607544371827}, "metrics_test": {"acc": 0.7580973600418347, "auc": 0.7863783631369137, "nll": 0.502404522500249, "mse": 0.16568237387892087, "rmse": 0.40704099778636654, "f1": 0.8366607544371827}}