{"time": "2021-07-03T04:05:04.664981", "features": ["i", "part_of_day", "s", "scA", "scW", "tcA", "tcW"], "seed": 888, "split_id": 4, "metrics_train": {"acc": 0.7582873956783133, "auc": 0.7876793842391194, "nll": 0.501459925611629, "mse": 0.16539159316525068, "rmse": 0.4066836524440719, "f1": 0.8369867818688509}, "metrics_test": {"acc": 0.7578076129994136, "auc": 0.7842659641547067, "nll": 0.5031272384156702, "mse": 0.16594151603269022, "rmse": 0.40735919780052865, "f1": 0.8369867818688509}}