{"time": "2021-07-03T08:40:37.493085", "features": ["i", "n_gram", "s", "scA", "scW", "tcA", "tcW"], "seed": 888, "split_id": 4, "metrics_train": {"acc": 0.7617743859301908, "auc": 0.7931997271537524, "nll": 0.4955675909092771, "mse": 0.16319039493423418, "rmse": 0.4039683093192264, "f1": 0.8388557454969741}, "metrics_test": {"acc": 0.7609673994071228, "auc": 0.7895947302786064, "nll": 0.49755117196337556, "mse": 0.16386258235194714, "rmse": 0.4047994347228602, "f1": 0.8388557454969741}}