{"time": "2021-07-03T07:47:39.142104", "features": ["i", "rc", "s", "scA", "scW", "tcA", "tcW"], "seed": 888, "split_id": 4, "metrics_train": {"acc": 0.758901020425129, "auc": 0.7890162381674539, "nll": 0.499941626995166, "mse": 0.16491065996154577, "rmse": 0.4060919353564483, "f1": 0.8369354944196289}, "metrics_test": {"acc": 0.7582619877758939, "auc": 0.7855908655171722, "nll": 0.5016685677937692, "mse": 0.16549358937854514, "rmse": 0.40680903305918015, "f1": 0.8369354944196289}}