{"time": "2021-07-03T01:00:32.901725", "features": ["i", "s", "scA", "scW", "t", "tcA", "tcW"], "seed": 888, "split_id": 4, "metrics_train": {"acc": 0.7588603901055977, "auc": 0.7887338543029828, "nll": 0.5005041062533024, "mse": 0.16502908026607505, "rmse": 0.406237713987851, "f1": 0.8371745025526109}, "metrics_test": {"acc": 0.7581831047426351, "auc": 0.7851204118619423, "nll": 0.5023838207151172, "mse": 0.16565874914929732, "rmse": 0.40701197666567174, "f1": 0.8371745025526109}}