{"time": "2021-07-02T06:47:04.674231", "features": ["i", "lag_time_cat", "s", "scA", "scW", "tcA", "tcW"], "seed": 888, "split_id": 2, "metrics_train": {"acc": 0.7595440359606862, "auc": 0.7885034306771606, "nll": 0.5000900786943915, "mse": 0.1648164646659345, "rmse": 0.40597594099396395, "f1": 0.8362924813923611}, "metrics_test": {"acc": 0.7576359671967687, "auc": 0.7855508876451591, "nll": 0.5033376579115348, "mse": 0.16604330224468608, "rmse": 0.4074841128739697, "f1": 0.8362924813923611}}