{"time": "2021-07-02T16:08:55.314774", "features": ["i", "s", "scA", "scW", "t", "tcA", "tcW"], "seed": 888, "split_id": 3, "metrics_train": {"acc": 0.7591954031884725, "auc": 0.7887193159237529, "nll": 0.5002075440485965, "mse": 0.16490260931410206, "rmse": 0.40608202288959067, "f1": 0.8358599933600952}, "metrics_test": {"acc": 0.7569155930710775, "auc": 0.7851296747064938, "nll": 0.5036728852138871, "mse": 0.16622565996730507, "rmse": 0.4077078120018122, "f1": 0.8358599933600952}}