{"time": "2021-07-02T21:22:26.783854", "features": ["i", "s", "scA", "scW", "tcA", "tcW", "vw"], "seed": 888, "split_id": 3, "metrics_train": {"acc": 0.7591825392559448, "auc": 0.7882752237341026, "nll": 0.5004154349178651, "mse": 0.16496939216940942, "rmse": 0.40616424284937913, "f1": 0.8360228274646941}, "metrics_test": {"acc": 0.7570319851394715, "auc": 0.7848535848057633, "nll": 0.5037177729045641, "mse": 0.16623090258730475, "rmse": 0.4077142413349143, "f1": 0.8360228274646941}}