{"time": "2021-07-01T22:48:14.511674", "features": ["i", "resp_time_cat", "s", "scA", "scW", "tcA", "tcW"], "seed": 888, "split_id": 1, "metrics_train": {"acc": 0.7623230013528396, "auc": 0.7929228246071318, "nll": 0.4947903741720376, "mse": 0.16284469599165594, "rmse": 0.4035402036868891, "f1": 0.8385312631269443}, "metrics_test": {"acc": 0.760630077404038, "auc": 0.7894747865276357, "nll": 0.49830016824972784, "mse": 0.16411250915325093, "rmse": 0.40510802158591097, "f1": 0.8385312631269443}}