{"time": "2021-07-01T21:55:57.197074", "features": ["i", "s", "scA", "scW", "t", "tcA", "tcW"], "seed": 888, "split_id": 1, "metrics_train": {"acc": 0.7591133232020112, "auc": 0.788764467254196, "nll": 0.5001550858676533, "mse": 0.16489376294811042, "rmse": 0.4060711304046502, "f1": 0.8362496601436705}, "metrics_test": {"acc": 0.7574245306914431, "auc": 0.7852871302677693, "nll": 0.503557570329555, "mse": 0.16612606941513502, "rmse": 0.40758565899100896, "f1": 0.8362496601436705}}