{"time": "2021-07-01T18:08:15.313330", "features": ["i", "s", "scA", "scW", "sch", "tcA", "tcW"], "seed": 888, "split_id": 0, "metrics_train": {"acc": 0.7589297520006558, "auc": 0.7881985636565148, "nll": 0.500528115281094, "mse": 0.16504011286025777, "rmse": 0.4062512927490296, "f1": 0.8361283683927617}, "metrics_test": {"acc": 0.7572185602708366, "auc": 0.7850180806438457, "nll": 0.5036013125694124, "mse": 0.16619325540885796, "rmse": 0.40766807013654865, "f1": 0.8361283683927617}}