{"time": "2021-07-01T22:48:22.605214", "features": ["i", "pre", "s", "scA", "scW", "tcA", "tcW"], "seed": 888, "split_id": 0, "metrics_train": {"acc": 0.7585464141967372, "auc": 0.7876039502318266, "nll": 0.5012037169361363, "mse": 0.1652874899958361, "rmse": 0.40655564194318605, "f1": 0.8359993855534702}, "metrics_test": {"acc": 0.7569155515574048, "auc": 0.7847347051204145, "nll": 0.5040329373770726, "mse": 0.1663376687485375, "rmse": 0.4078451529055329, "f1": 0.8359993855534702}}