{"time": "2021-07-01T18:26:49.915951", "features": ["d", "i", "s", "scA", "scW", "tcA", "tcW"], "seed": 888, "split_id": 0, "metrics_train": {"acc": 0.7585703628086697, "auc": 0.7875898834826255, "nll": 0.5012319719139673, "mse": 0.16529417277966052, "rmse": 0.4065638606414256, "f1": 0.8359961468560888}, "metrics_test": {"acc": 0.7568904438948895, "auc": 0.7847743069097318, "nll": 0.5040052177724882, "mse": 0.1663265964539171, "rmse": 0.4078315785393734, "f1": 0.8359961468560888}}