{"time": "2021-07-02T14:05:48.546935", "features": ["i", "s", "scA", "scW", "tcA", "tcW", "user_avg_correct"], "seed": 888, "split_id": 2, "metrics_train": {"acc": 0.7595703869601599, "auc": 0.7893505692863335, "nll": 0.4990798696257746, "mse": 0.16457047755420112, "rmse": 0.40567287012345443, "f1": 0.8358550343509173}, "metrics_test": {"acc": 0.7575598113222118, "auc": 0.786352592693287, "nll": 0.5024199679129003, "mse": 0.1658316301338424, "rmse": 0.4072242995375428, "f1": 0.8358550343509173}}