{"time": "2021-07-02T16:15:31.487377", "features": ["i", "icA", "icW", "s", "scA", "scW", "tcA", "tcW"], "seed": 888, "split_id": 3, "metrics_train": {"acc": 0.758572383186552, "auc": 0.7875162915132062, "nll": 0.5012940273450184, "mse": 0.1653028470325115, "rmse": 0.4065745282632835, "f1": 0.8357230401887089}, "metrics_test": {"acc": 0.7565270489604091, "auc": 0.784301796655447, "nll": 0.5043919356632843, "mse": 0.16649746302696183, "rmse": 0.4080410065507655, "f1": 0.8357230401887089}}