{"time": "2021-07-02T16:44:17.658639", "features": ["i", "s", "scA", "scW", "tcA", "tcA_TW", "tcW", "tcW_TW"], "seed": 888, "split_id": 3, "metrics_train": {"acc": 0.7605185200328527, "auc": 0.7908181675515782, "nll": 0.49780477347206353, "mse": 0.16401990473945474, "rmse": 0.40499370950603014, "f1": 0.8370203671628348}, "metrics_test": {"acc": 0.7586343016839622, "auc": 0.787664224479549, "nll": 0.5009389727928089, "mse": 0.1651992966526386, "rmse": 0.4064471634205836, "f1": 0.8370203671628348}}