{"time": "2021-07-02T14:19:46.448634", "features": ["i", "s", "scA", "scW", "smA", "smW", "tcA", "tcW"], "seed": 888, "split_id": 2, "metrics_train": {"acc": 0.7590368058918701, "auc": 0.7885397794805067, "nll": 0.5003054950150507, "mse": 0.164944386784043, "rmse": 0.40613345932592526, "f1": 0.8359995213407558}, "metrics_test": {"acc": 0.75715243102423, "auc": 0.7855773832725922, "nll": 0.503554347887459, "mse": 0.16616422079180443, "rmse": 0.4076324579713991, "f1": 0.8359995213407558}}