{"time": "2021-07-01T19:00:38.396901", "features": ["i", "month", "s", "scA", "scW", "tcA", "tcW"], "seed": 888, "split_id": 0, "metrics_train": {"acc": 0.7586104727333319, "auc": 0.7876605321050957, "nll": 0.5011479570416766, "mse": 0.1652607649750864, "rmse": 0.40652277300919615, "f1": 0.8359906116785889}, "metrics_test": {"acc": 0.7569078261227846, "auc": 0.7847426482933211, "nll": 0.5040233147828502, "mse": 0.16632777610272376, "rmse": 0.4078330247818631, "f1": 0.8359906116785889}}