{"time": "2021-07-02T13:15:40.952632", "features": ["i", "s", "scA", "scW", "tcA", "tcW", "vt"], "seed": 888, "split_id": 2, "metrics_train": {"acc": 0.7589478846041725, "auc": 0.7879838580889018, "nll": 0.5006831493708482, "mse": 0.165074025833843, "rmse": 0.4062930295166815, "f1": 0.8358298733816314}, "metrics_test": {"acc": 0.7569033691358904, "auc": 0.7848953306527195, "nll": 0.5040363519347483, "mse": 0.16633889595484674, "rmse": 0.40784665740305726, "f1": 0.8358298733816314}}