{"time": "2021-07-01T22:23:05.965262", "features": ["i", "icA_TW", "icW_TW", "s", "scA", "scW", "tcA", "tcW"], "seed": 888, "split_id": 1, "metrics_train": {"acc": 0.7586723775149681, "auc": 0.7879059802286036, "nll": 0.5009259597503162, "mse": 0.16518158257741425, "rmse": 0.4064253714735514, "f1": 0.8360606771258261}, "metrics_test": {"acc": 0.757035143178468, "auc": 0.7846850440373262, "nll": 0.504069490547217, "mse": 0.1663264278638244, "rmse": 0.4078313718484938, "f1": 0.8360606771258261}}