{"time": "2021-07-02T05:20:01.977186", "features": ["i", "icA_TW", "icW_TW", "s", "scA", "scW", "tcA", "tcW"], "seed": 888, "split_id": 2, "metrics_train": {"acc": 0.7587638543446904, "auc": 0.7878453923513384, "nll": 0.5009115716862547, "mse": 0.1651706184165995, "rmse": 0.40641188272071904, "f1": 0.8357463825992145}, "metrics_test": {"acc": 0.7567802325950576, "auc": 0.7848165608217361, "nll": 0.5041990206452562, "mse": 0.1664124685395541, "rmse": 0.40793684381231626, "f1": 0.8357463825992145}}