{"time": "2021-07-01T18:35:39.288589", "features": ["c", "i", "s", "scA", "scW", "tcA", "tcW"], "seed": 888, "split_id": 0, "metrics_train": {"acc": 0.7587194415845084, "auc": 0.7879505000215014, "nll": 0.5009201125735959, "mse": 0.16517469689244713, "rmse": 0.40641690035288536, "f1": 0.8361585241990748}, "metrics_test": {"acc": 0.7571619070836226, "auc": 0.7851585663572596, "nll": 0.5036616309968913, "mse": 0.16619420232680798, "rmse": 0.40766923151840634, "f1": 0.8361585241990748}}