{"time": "2021-07-02T07:15:32.325021", "features": ["i", "icA_TW", "icW_TW", "s", "scA", "scA_TW", "scW", "scW_TW", "tcA", "tcA_TW", "tcW", "tcW_TW"], "seed": 888, "split_id": 2, "metrics_train": {"acc": 0.7613338769249365, "auc": 0.7922678173297307, "nll": 0.49645359245781623, "mse": 0.1635014919994403, "rmse": 0.4043531773084519, "f1": 0.8372414443223802}, "metrics_test": {"acc": 0.7592476829307011, "auc": 0.788968799726939, "nll": 0.5000474055134684, "mse": 0.16485490294641994, "rmse": 0.406023278823296, "f1": 0.8372414443223802}}