{"time": "2021-07-03T08:14:16.367410", "features": ["i", "rt", "s", "scA", "scW", "tcA", "tcW"], "seed": 888, "split_id": 4, "metrics_train": {"acc": 0.7582776123250577, "auc": 0.7876526438572831, "nll": 0.5014267995414687, "mse": 0.16539117629838954, "rmse": 0.40668313992393335, "f1": 0.8370000237560896}, "metrics_test": {"acc": 0.7578244101951749, "auc": 0.7843304903394265, "nll": 0.5030113870894426, "mse": 0.1659130725498838, "rmse": 0.407324284262409, "f1": 0.8370000237560896}}