{"time": "2021-07-02T00:22:20.006378", "features": ["i", "part_of_day", "s", "scA", "scW", "tcA", "tcW"], "seed": 888, "split_id": 1, "metrics_train": {"acc": 0.7584140138261742, "auc": 0.7874389422149217, "nll": 0.5013729645310145, "mse": 0.1653496359783045, "rmse": 0.40663206462145174, "f1": 0.8359984172327436}, "metrics_test": {"acc": 0.7568610440723395, "auc": 0.7844219772433118, "nll": 0.504321922751414, "mse": 0.16642616142767502, "rmse": 0.40795362656517103, "f1": 0.8359984172327436}}