{"time": "2021-07-01T23:33:37.679722", "features": ["i", "lag_time_cat", "s", "scA", "scW", "tcA", "tcW"], "seed": 888, "split_id": 1, "metrics_train": {"acc": 0.7595692433938902, "auc": 0.7886530176694432, "nll": 0.5000079837322675, "mse": 0.16479366177140142, "rmse": 0.40594785597586475, "f1": 0.8365398435591195}, "metrics_test": {"acc": 0.7578147674683506, "auc": 0.7853337663121405, "nll": 0.5032584876959272, "mse": 0.1659744599598103, "rmse": 0.40739963176199645, "f1": 0.8365398435591195}}