{"time": "2021-07-02T07:59:11.204111", "features": ["hour", "i", "s", "scA", "scW", "tcA", "tcW"], "seed": 888, "split_id": 2, "metrics_train": {"acc": 0.7586191905581061, "auc": 0.787586573677149, "nll": 0.5011590419290153, "mse": 0.165264978037836, "rmse": 0.40652795480487686, "f1": 0.8356633930179189}, "metrics_test": {"acc": 0.7566446536859872, "auc": 0.7845903464433012, "nll": 0.5044147440902998, "mse": 0.16649358682894946, "rmse": 0.40803625675783944, "f1": 0.8356633930179189}}