{"time": "2021-07-01T18:30:49.795883", "features": ["i", "resp_time_cat", "s", "scA", "scW", "tcA", "tcW"], "seed": 888, "split_id": 0, "metrics_train": {"acc": 0.7621860164961666, "auc": 0.7927771257585216, "nll": 0.49499833614699856, "mse": 0.1629213362588524, "rmse": 0.40363515240728526, "f1": 0.838598342790589}, "metrics_test": {"acc": 0.7607550925635824, "auc": 0.790055043168161, "nll": 0.4976454843783757, "mse": 0.16389643574519658, "rmse": 0.4048412475837863, "f1": 0.838598342790589}}