{"time": "2021-07-03T02:35:54.466021", "features": ["i", "prev_resp_time_cat", "s", "scA", "scW", "tcA", "tcW"], "seed": 888, "split_id": 4, "metrics_train": {"acc": 0.7601300875909498, "auc": 0.7899320130304496, "nll": 0.4986152829860714, "mse": 0.1642954316642283, "rmse": 0.40533372875228174, "f1": 0.8382810721934286}, "metrics_test": {"acc": 0.7596285140690335, "auc": 0.7864902166728478, "nll": 0.5002795291080392, "mse": 0.16484967788056173, "rmse": 0.4060168443310717, "f1": 0.8382810721934286}}