{"time": "2021-07-02T07:33:35.825171", "features": ["i", "s", "scA", "scW", "tcA", "tcW", "weekend"], "seed": 888, "split_id": 2, "metrics_train": {"acc": 0.7586630911098609, "auc": 0.7876323853810874, "nll": 0.5011031164266552, "mse": 0.1652449135336107, "rmse": 0.40650327616590093, "f1": 0.8356279665798542}, "metrics_test": {"acc": 0.7566427229736745, "auc": 0.7845555274581527, "nll": 0.5044458509184416, "mse": 0.1665034330150332, "rmse": 0.40804832191179663, "f1": 0.8356279665798542}}