{"time": "2021-07-02T13:28:11.389232", "features": ["i", "post", "s", "scA", "scW", "tcA", "tcW"], "seed": 888, "split_id": 2, "metrics_train": {"acc": 0.7586724793201997, "auc": 0.787651955189999, "nll": 0.5010871118124733, "mse": 0.16523937991709908, "rmse": 0.4064964697474002, "f1": 0.8356451388336528}, "metrics_test": {"acc": 0.7566429374972649, "auc": 0.7845683777102991, "nll": 0.5044343565664801, "mse": 0.16649964896657915, "rmse": 0.4080436851203302, "f1": 0.8356451388336528}}