{"time": "2021-07-02T02:42:10.155691", "features": ["i", "s", "scA", "scW", "smA", "smW", "tcA", "tcW"], "seed": 888, "split_id": 1, "metrics_train": {"acc": 0.7590018701017325, "auc": 0.788640256167184, "nll": 0.5002791111166173, "mse": 0.16493960560949014, "rmse": 0.40612757307216923, "f1": 0.8362647866854788}, "metrics_test": {"acc": 0.7573525555731778, "auc": 0.7853976182140009, "nll": 0.5034596435430304, "mse": 0.1660949154044236, "rmse": 0.4075474394526649, "f1": 0.8362647866854788}}