{"time": "2021-07-01T19:17:24.303949", "features": ["i", "s", "scA", "scW", "tcA", "tcW", "weekend"], "seed": 888, "split_id": 0, "metrics_train": {"acc": 0.7585495611190178, "auc": 0.7876168162696513, "nll": 0.5011986791062427, "mse": 0.16528537352182054, "rmse": 0.40655303900207235, "f1": 0.8359973310560352}, "metrics_test": {"acc": 0.7568923752535445, "auc": 0.7847332646469041, "nll": 0.5040373417036225, "mse": 0.1663395495207332, "rmse": 0.40784745864199423, "f1": 0.8359973310560352}}