{"time": "2021-07-02T03:32:30.594165", "features": ["i", "s", "scA", "scW", "sch", "tcA", "tcW"], "seed": 888, "split_id": 2, "metrics_train": {"acc": 0.7590463541285215, "auc": 0.7882943347632628, "nll": 0.5003624278079729, "mse": 0.1649762993597518, "rmse": 0.4061727457126485, "f1": 0.8358043593112019}, "metrics_test": {"acc": 0.7569138807918152, "auc": 0.7848917048743344, "nll": 0.5040095142318297, "mse": 0.16635255387557538, "rmse": 0.4078634010003538, "f1": 0.8358043593112019}}