{"time": "2021-07-02T16:05:03.953351", "features": ["at", "i", "s", "scA", "scW", "tcA", "tcW"], "seed": 888, "split_id": 3, "metrics_train": {"acc": 0.7586620570730518, "auc": 0.7877326629206992, "nll": 0.5010894189960946, "mse": 0.16523570450451636, "rmse": 0.40649194888031465, "f1": 0.8356764939544118}, "metrics_test": {"acc": 0.7565116441278276, "auc": 0.7842658894730696, "nll": 0.5044278168302327, "mse": 0.16651374754452197, "rmse": 0.4080609605739343, "f1": 0.8356764939544118}}