{"time": "2021-07-02T00:10:17.074429", "features": ["day", "i", "s", "scA", "scW", "tcA", "tcW"], "seed": 888, "split_id": 1, "metrics_train": {"acc": 0.7585884133271381, "auc": 0.7877210969761345, "nll": 0.5010867050122383, "mse": 0.16524811744965048, "rmse": 0.40650721697117564, "f1": 0.8359942389781206}, "metrics_test": {"acc": 0.7569245265512814, "auc": 0.7844386172177953, "nll": 0.504301656280518, "mse": 0.1664185900235325, "rmse": 0.4079443467233398, "f1": 0.8359942389781206}}