{"time": "2021-07-02T19:22:00.042342", "features": ["i", "icA_TW", "icW_TW", "s", "scA", "scA_TW", "scW", "scW_TW", "tcA", "tcA_TW", "tcW", "tcW_TW"], "seed": 888, "split_id": 3, "metrics_train": {"acc": 0.7615390942649226, "auc": 0.7927940069753903, "nll": 0.4959898332339252, "mse": 0.1633387176286454, "rmse": 0.40415184971572926, "f1": 0.837174160409088}, "metrics_test": {"acc": 0.7590814697408437, "auc": 0.7887089750490021, "nll": 0.5000564008892093, "mse": 0.16485475587241272, "rmse": 0.40602309770801553, "f1": 0.837174160409088}}