{"time": "2021-07-02T18:23:29.615513", "features": ["i", "month", "s", "scA", "scW", "tcA", "tcW"], "seed": 888, "split_id": 3, "metrics_train": {"acc": 0.7585166572713699, "auc": 0.787456426316106, "nll": 0.5013644695782031, "mse": 0.1653305454106611, "rmse": 0.40660858993712995, "f1": 0.8357544415533797}, "metrics_test": {"acc": 0.7565593563176288, "auc": 0.7842739633964569, "nll": 0.5044244987911972, "mse": 0.16651155876405202, "rmse": 0.40805827863682903, "f1": 0.8357544415533797}}