{"time": "2021-07-02T04:54:29.376671", "features": ["i", "s", "scA", "scW", "t", "tcA", "tcW"], "seed": 888, "split_id": 2, "metrics_train": {"acc": 0.7591779490995773, "auc": 0.78867211738339, "nll": 0.5001778112068199, "mse": 0.16489426098911955, "rmse": 0.4060717436477445, "f1": 0.8358383374710148}, "metrics_test": {"acc": 0.757048387082934, "auc": 0.7854366518251514, "nll": 0.5036778575104626, "mse": 0.16621512044661207, "rmse": 0.4076948864612016, "f1": 0.8358383374710148}}