{"time": "2021-07-02T18:12:53.779005", "features": ["i", "prev_lag_time_cat", "s", "scA", "scW", "tcA", "tcW"], "seed": 888, "split_id": 3, "metrics_train": {"acc": 0.759210829232043, "auc": 0.7883989196962731, "nll": 0.5003575382585237, "mse": 0.16495650815618243, "rmse": 0.4061483819445578, "f1": 0.8360697924889113}, "metrics_test": {"acc": 0.7571261257830255, "auc": 0.7850213213790838, "nll": 0.5036154500884038, "mse": 0.16620684293372193, "rmse": 0.4076847347322707, "f1": 0.8360697924889113}}