{"time": "2021-07-03T08:25:32.338642", "features": ["i", "s", "scA", "scW", "smA", "smW", "tcA", "tcW"], "seed": 888, "split_id": 4, "metrics_train": {"acc": 0.7588009415328099, "auc": 0.788683359440459, "nll": 0.5005534851411905, "mse": 0.16504902828808185, "rmse": 0.4062622654001745, "f1": 0.837206473033298}, "metrics_test": {"acc": 0.7581648191877557, "auc": 0.7852821910189127, "nll": 0.5022518969689148, "mse": 0.16561126893246222, "rmse": 0.40695364469735645, "f1": 0.837206473033298}}