{"time": "2021-07-03T03:21:55.594856", "features": ["i", "icA_TW", "icW_TW", "s", "scA", "scA_TW", "scW", "scW_TW", "tcA", "tcA_TW", "tcW", "tcW_TW"], "seed": 888, "split_id": 4, "metrics_train": {"acc": 0.7610386563809943, "auc": 0.7923581186284491, "nll": 0.49673789114221306, "mse": 0.1636283338620874, "rmse": 0.40450999228954454, "f1": 0.8383616654387184}, "metrics_test": {"acc": 0.7600950083411897, "auc": 0.7885375422700702, "nll": 0.4988940136997701, "mse": 0.1643826431252533, "rmse": 0.40544129430196585, "f1": 0.8383616654387184}}