{"time": "2021-07-01T21:52:12.580237", "features": ["at", "i", "s", "scA", "scW", "tcA", "tcW"], "seed": 888, "split_id": 1, "metrics_train": {"acc": 0.7585386230985588, "auc": 0.7876496784652011, "nll": 0.5011589433677774, "mse": 0.1652707889795751, "rmse": 0.4065351017803691, "f1": 0.8359888797085622}, "metrics_test": {"acc": 0.7569024456890407, "auc": 0.7844556515811669, "nll": 0.5042894604537345, "mse": 0.1664114642789582, "rmse": 0.40793561290840763, "f1": 0.8359888797085622}}