{"time": "2021-07-02T14:39:27.263232", "features": ["i", "n_gram", "s", "scA", "scW", "tcA", "tcW"], "seed": 888, "split_id": 2, "metrics_train": {"acc": 0.7620170292533968, "auc": 0.7930401452103375, "nll": 0.49534216697305505, "mse": 0.16309895144194328, "rmse": 0.4038551119423193, "f1": 0.8376683605505943}, "metrics_test": {"acc": 0.7600120304829441, "auc": 0.790171098319442, "nll": 0.49857303009809073, "mse": 0.16431125471263863, "rmse": 0.4053532468263189, "f1": 0.8376683605505943}}