{"time": "2021-07-02T23:05:07.011385", "features": ["i", "s", "scA", "scW", "tcA", "tcW", "user_avg_correct"], "seed": 888, "split_id": 3, "metrics_train": {"acc": 0.7594749401787104, "auc": 0.7892888052375356, "nll": 0.4992091662154816, "mse": 0.16461674070307622, "rmse": 0.4057298863814154, "f1": 0.8358367930701037}, "metrics_test": {"acc": 0.7573640448640074, "auc": 0.7859544444943946, "nll": 0.5025101741261738, "mse": 0.16587498545204774, "rmse": 0.40727752878356516, "f1": 0.8358367930701037}}