{"time": "2021-07-02T19:30:20.375962", "features": ["i", "s", "scA", "scW", "tcA", "tcW", "weekend"], "seed": 888, "split_id": 3, "metrics_train": {"acc": 0.7586373967542643, "auc": 0.7877032273543085, "nll": 0.5011278636052636, "mse": 0.16524995216180333, "rmse": 0.40650947364336215, "f1": 0.8357070694092228}, "metrics_test": {"acc": 0.7565137836879083, "auc": 0.7842708178130818, "nll": 0.5044298299266321, "mse": 0.16651568972104244, "rmse": 0.4080633403297121, "f1": 0.8357070694092228}}