{"time": "2021-07-01T20:17:38.215670", "features": ["i", "rc", "s", "scA", "scW", "tcA", "tcW"], "seed": 888, "split_id": 0, "metrics_train": {"acc": 0.759179798977805, "auc": 0.7890135611607043, "nll": 0.49963054022757886, "mse": 0.16478424845416278, "rmse": 0.40593626156597884, "f1": 0.8359336229638078}, "metrics_test": {"acc": 0.757363412169963, "auc": 0.7860319497635713, "nll": 0.5025336654179757, "mse": 0.16588182721168165, "rmse": 0.4072859280796252, "f1": 0.8359336229638078}}