{"time": "2021-07-02T12:23:51.318300", "features": ["i", "s", "scA", "scW", "tcA", "tcW", "vs"], "seed": 888, "split_id": 2, "metrics_train": {"acc": 0.7589123054206727, "auc": 0.787973954299096, "nll": 0.5006407278226719, "mse": 0.165080651551202, "rmse": 0.40630118330027293, "f1": 0.8358292320363335}, "metrics_test": {"acc": 0.7569904657135527, "auc": 0.7850350389086757, "nll": 0.5038670242629456, "mse": 0.16629882285914163, "rmse": 0.407797526793802, "f1": 0.8358292320363335}}