{"time": "2021-07-03T07:19:31.823545", "features": ["i", "s", "scA", "scW", "tcA", "tcW", "vs"], "seed": 888, "split_id": 4, "metrics_train": {"acc": 0.7585444893712421, "auc": 0.7879302036463788, "nll": 0.5010821876635438, "mse": 0.165252958780616, "rmse": 0.406513171718477, "f1": 0.8371011684375971}, "metrics_test": {"acc": 0.7580568068403284, "auc": 0.7846180414214011, "nll": 0.5026699839411487, "mse": 0.1657784582559144, "rmse": 0.40715900856534465, "f1": 0.8371011684375971}}