{"time": "2021-06-25T15:46:57.859874", "features": ["prev_resp_time_cat"], "seed": 888, "split_id": 0, "metrics_train": {"acc": 0.6943160769805462, "auc": 0.5583643056978872, "nll": 0.6120779280356067, "mse": 0.21076914768987914, "rmse": 0.45909601140706846, "f1": 0.8166228128445844}, "metrics_test": {"acc": 0.6946193635443607, "auc": 0.5592546052203423, "nll": 0.6117041268920429, "mse": 0.21061351572117096, "rmse": 0.45892648182597934, "f1": 0.8166228128445844}}