{"time": "2021-05-19T16:04:29.996228", "features": ["vt"], "seed": 888, "split_id": 2, "metrics_train": {"acc": 0.685465668835041, "auc": 0.5327359996603277, "nll": 0.6212596246374134, "mse": 0.21498274544942866, "rmse": 0.46366231834108396, "f1": 0.8126006808342409}, "metrics_test": {"acc": 0.6843555668442636, "auc": 0.5334390569008207, "nll": 0.6220792876055117, "mse": 0.21537604819472644, "rmse": 0.46408625081414173, "f1": 0.8126006808342409}}