{"time": "2021-05-19T18:05:01.491965", "features": ["day"], "seed": 888, "split_id": 3, "metrics_train": {"acc": 0.6853373747788244, "auc": 0.505287374307902, "nll": 0.6227420103643261, "mse": 0.21563340679197338, "rmse": 0.464363442566244, "f1": 0.8129825658819136}, "metrics_test": {"acc": 0.6848952193241643, "auc": 0.5055158832199931, "nll": 0.6230839791857911, "mse": 0.21579633151525843, "rmse": 0.46453883746707164, "f1": 0.8129825658819136}}