{"time": "2021-05-19T07:13:20.683896", "features": ["smA", "smW"], "seed": 888, "split_id": 1, "metrics_train": {"acc": 0.7035823507918946, "auc": 0.6277732705330257, "nll": 0.5947160789066849, "mse": 0.20304184684270674, "rmse": 0.45060164984463463, "f1": 0.815683702000057}, "metrics_test": {"acc": 0.7033937223684018, "auc": 0.6274165313806952, "nll": 0.5948814056823165, "mse": 0.20311276408111106, "rmse": 0.4506803346953482, "f1": 0.815683702000057}}