{"time": "2021-05-19T01:56:13.105993", "features": ["user_avg_correct"], "seed": 888, "split_id": 0, "metrics_train": {"acc": 0.7018743975844012, "auc": 0.6513465739712561, "nll": 0.5884168614792035, "mse": 0.20065944123260546, "rmse": 0.44795026647230096, "f1": 0.8138901255453656}, "metrics_test": {"acc": 0.701716033624525, "auc": 0.6517634056526777, "nll": 0.5883174734325242, "mse": 0.20061675096422674, "rmse": 0.44790261325898373, "f1": 0.8138901255453656}}