{"time": "2021-05-19T03:09:33.990141", "features": ["month"], "seed": 888, "split_id": 1, "metrics_train": {"acc": 0.6852182598256283, "auc": 0.5141016031757866, "nll": 0.6225200513327759, "mse": 0.21554119332385846, "rmse": 0.46426414175968667, "f1": 0.8133180079601575}, "metrics_test": {"acc": 0.685371492460341, "auc": 0.5129868933977919, "nll": 0.6224866436089458, "mse": 0.21552171435997952, "rmse": 0.46424316296524987, "f1": 0.8133180079601575}}