{"time": "2021-05-20T01:40:07.794295", "features": ["rt"], "seed": 888, "split_id": 4, "metrics_train": {"acc": 0.6846390073628019, "auc": 0.5494759088484711, "nll": 0.6203254855760753, "mse": 0.2146005665846699, "rmse": 0.46325000440871006, "f1": 0.8139524728323152}, "metrics_test": {"acc": 0.6865673038119429, "auc": 0.5482613180143937, "nll": 0.6189356156149507, "mse": 0.21393766023810906, "rmse": 0.4625339557676918, "f1": 0.8139524728323152}}