{"time": "2021-05-19T19:47:17.965805", "features": ["vs"], "seed": 888, "split_id": 3, "metrics_train": {"acc": 0.685983774044011, "auc": 0.572280879330394, "nll": 0.6145305888453529, "mse": 0.21194417916423738, "rmse": 0.4603739557840315, "f1": 0.8130738445235401}, "metrics_test": {"acc": 0.6856939171023168, "auc": 0.572567474187763, "nll": 0.6148526227482336, "mse": 0.21209752877770333, "rmse": 0.46054047463572984, "f1": 0.8130738445235401}}