{"time": "2021-05-19T02:17:54.221015", "features": ["sm"], "seed": 888, "split_id": 1, "metrics_train": {"acc": 0.6852182598256283, "auc": 0.5527929052235355, "nll": 0.6183359235641918, "mse": 0.21378029664268236, "rmse": 0.46236381415794464, "f1": 0.8133180079601575}, "metrics_test": {"acc": 0.685371492460341, "auc": 0.5528131846246501, "nll": 0.6182132918204762, "mse": 0.2137226821142406, "rmse": 0.46230150563700373, "f1": 0.8133180079601575}}