{"time": "2021-05-19T18:57:57.713838", "features": ["pre"], "seed": 888, "split_id": 3, "metrics_train": {"acc": 0.6965900063470963, "auc": 0.6667532546868213, "nll": 0.5844332054939542, "mse": 0.1995212818700681, "rmse": 0.44667805169950775, "f1": 0.8097819760880802}, "metrics_test": {"acc": 0.6961608589734648, "auc": 0.666891109998772, "nll": 0.5847307330721773, "mse": 0.19965495147924572, "rmse": 0.4468276529930144, "f1": 0.8097819760880802}}