{"time": "2021-05-19T01:41:58.339298", "features": ["vw"], "seed": 888, "split_id": 0, "metrics_train": {"acc": 0.6853535889875215, "auc": 0.5345141564848138, "nll": 0.621223382216968, "mse": 0.21496338433078221, "rmse": 0.4636414394020256, "f1": 0.8129335431199832}, "metrics_test": {"acc": 0.68482651678179, "auc": 0.5339987254785977, "nll": 0.6216749464572444, "mse": 0.2151756063688819, "rmse": 0.46387024734173443, "f1": 0.8129335431199832}}