{"time": "2021-05-20T01:48:05.841687", "features": ["n_gram"], "seed": 888, "split_id": 4, "metrics_train": {"acc": 0.708413197305162, "auc": 0.6503174106575653, "nll": 0.5854120619822674, "mse": 0.19912173680843873, "rmse": 0.44623058703817997, "f1": 0.8193883037740195}, "metrics_test": {"acc": 0.709608378696393, "auc": 0.6480243603125859, "nll": 0.5847772660180764, "mse": 0.1988129670853879, "rmse": 0.4458844772868729, "f1": 0.8193883037740195}}