{"time": "2021-05-19T19:45:11.211834", "features": ["vw"], "seed": 888, "split_id": 3, "metrics_train": {"acc": 0.6853372146468842, "auc": 0.5343638105657601, "nll": 0.6212440632046893, "mse": 0.21497279291488985, "rmse": 0.4636515856921982, "f1": 0.8129813682579238}, "metrics_test": {"acc": 0.6848937216321078, "auc": 0.5346615847827301, "nll": 0.6215903305118406, "mse": 0.2151375514557784, "rmse": 0.46382922660800324, "f1": 0.8129813682579238}}