{"time": "2021-06-26T12:19:39.663643", "features": ["prev_lag_time_cat"], "seed": 888, "split_id": 3, "metrics_train": {"acc": 0.6853373747788244, "auc": 0.5057823930516269, "nll": 0.6223661593393479, "mse": 0.215468444603335, "rmse": 0.46418578673127747, "f1": 0.8129825658819136}, "metrics_test": {"acc": 0.6848952193241643, "auc": 0.5061595453120226, "nll": 0.6227255400448555, "mse": 0.2156389963551238, "rmse": 0.46436946104919924, "f1": 0.8129825658819136}}