{"time": "2021-05-19T16:14:20.205975", "features": ["user_avg_correct"], "seed": 888, "split_id": 2, "metrics_train": {"acc": 0.7019536065583477, "auc": 0.6511722490006263, "nll": 0.5883801601149767, "mse": 0.20063615248845956, "rmse": 0.44792427093032094, "f1": 0.8132328998204423}, "metrics_test": {"acc": 0.7013981789521466, "auc": 0.6524558953914785, "nll": 0.5884649492367956, "mse": 0.2007085109641525, "rmse": 0.4480050345299174, "f1": 0.8132328998204423}}