{"time": "2021-05-19T22:28:16.263149", "features": ["icA_TW", "icW_TW", "scA_TW", "scW_TW", "tcA_TW", "tcW_TW"], "seed": 888, "split_id": 4, "metrics_train": {"acc": 0.7235147386216795, "auc": 0.71852985813446, "nll": 0.552353525857275, "mse": 0.18593464810658003, "rmse": 0.4312014008634249, "f1": 0.8230127536423752}, "metrics_test": {"acc": 0.7237101560948519, "auc": 0.7155484220028544, "nll": 0.5527969633739541, "mse": 0.18607041267655852, "rmse": 0.431358798074826, "f1": 0.8230127536423752}}