{"time": "2021-05-19T16:40:26.836191", "features": ["sm"], "seed": 888, "split_id": 3, "metrics_train": {"acc": 0.6853373747788244, "auc": 0.5528170017645175, "nll": 0.6182423221849999, "mse": 0.21373617273572013, "rmse": 0.4623160961244159, "f1": 0.8129825658819136}, "metrics_test": {"acc": 0.6848952193241643, "auc": 0.5527160823766698, "nll": 0.6185878420981977, "mse": 0.21389926502778975, "rmse": 0.4624924486170447, "f1": 0.8129825658819136}}