{"time": "2021-05-19T00:41:25.026756", "features": ["month"], "seed": 888, "split_id": 0, "metrics_train": {"acc": 0.6853540690265134, "auc": 0.5135702231911592, "nll": 0.6224443916613411, "mse": 0.21550391824194215, "rmse": 0.4642239957627591, "f1": 0.8129343138061575}, "metrics_test": {"acc": 0.6848267313771961, "auc": 0.5151087834459405, "nll": 0.6227901052458928, "mse": 0.21567121908040268, "rmse": 0.4644041548914078, "f1": 0.8129343138061575}}