{"time": "2021-05-19T03:15:22.326875", "features": ["part_of_day"], "seed": 888, "split_id": 1, "metrics_train": {"acc": 0.6852182598256283, "auc": 0.5023692591107396, "nll": 0.6228650748136277, "mse": 0.2156906355034529, "rmse": 0.464425059082144, "f1": 0.8133180079601575}, "metrics_test": {"acc": 0.685371492460341, "auc": 0.5037586670849526, "nll": 0.622738404066097, "mse": 0.2156306486873824, "rmse": 0.4643604727874482, "f1": 0.8133180079601575}}