{"time": "2021-05-19T00:26:41.793180", "features": ["at"], "seed": 888, "split_id": 0, "metrics_train": {"acc": 0.6853540690265134, "auc": 0.5018270795966661, "nll": 0.622706398783541, "mse": 0.21561795322861313, "rmse": 0.4643468027548086, "f1": 0.8129343138061575}, "metrics_test": {"acc": 0.6848267313771961, "auc": 0.5009716607472492, "nll": 0.6231737427455787, "mse": 0.21583722284555662, "rmse": 0.4645828482042322, "f1": 0.8129343138061575}}