{"time": "2021-06-25T16:20:06.007784", "features": ["resp_time_cat"], "seed": 888, "split_id": 4, "metrics_train": {"acc": 0.6968110491801683, "auc": 0.6148208452414398, "nll": 0.5985632030824565, "mse": 0.20502961055380103, "rmse": 0.45280195511260884, "f1": 0.8193161067199345}, "metrics_test": {"acc": 0.6986283282367665, "auc": 0.6160022793605047, "nll": 0.5967889280311776, "mse": 0.2042185965058907, "rmse": 0.4519055172332937, "f1": 0.8193161067199345}}