{"time": "2021-06-26T12:18:48.068044", "features": ["prev_lag_time_cat"], "seed": 888, "split_id": 0, "metrics_train": {"acc": 0.6853540690265134, "auc": 0.5062348586534452, "nll": 0.6223477505045865, "mse": 0.21545991074347515, "rmse": 0.4641765943511964, "f1": 0.8129343138061575}, "metrics_test": {"acc": 0.6848267313771961, "auc": 0.5043595951990222, "nll": 0.6227940292574351, "mse": 0.215670873119146, "rmse": 0.46440378241261776, "f1": 0.8129343138061575}}