{"time": "2021-05-19T02:21:43.623624", "features": ["tea"], "seed": 888, "split_id": 1, "metrics_train": {"acc": 0.6883547233438839, "auc": 0.5984230166951704, "nll": 0.6083672744264594, "mse": 0.20944823450403813, "rmse": 0.45765514801435164, "f1": 0.8104863047091526}, "metrics_test": {"acc": 0.683741754974192, "auc": 0.5650353385287317, "nll": 0.6187216026345185, "mse": 0.2138662304057068, "rmse": 0.46245673354996875, "f1": 0.8104863047091526}}