{"time": "2021-05-19T02:13:48.897845", "features": ["post"], "seed": 888, "split_id": 0, "metrics_train": {"acc": 0.6966346653117477, "auc": 0.6669906417860407, "nll": 0.5843231163201814, "mse": 0.19947515346956543, "rmse": 0.4466264137616196, "f1": 0.8096364416051727}, "metrics_test": {"acc": 0.6959230306364985, "auc": 0.6658901136848772, "nll": 0.5851957721822493, "mse": 0.199849964737399, "rmse": 0.44704581950556144, "f1": 0.8096364416051727}}