{"time": "2021-05-19T02:15:31.827058", "features": ["sch"], "seed": 888, "split_id": 1, "metrics_train": {"acc": 0.6854469953869968, "auc": 0.5664680200864487, "nll": 0.6165968101390069, "mse": 0.21296715424794457, "rmse": 0.4614836446158678, "f1": 0.8130212336779236}, "metrics_test": {"acc": 0.6852670329966639, "auc": 0.555920351854189, "nll": 0.6187045210618293, "mse": 0.21388788257520538, "rmse": 0.4624801428982712, "f1": 0.8130212336779236}}