{"time": "2021-06-25T15:59:59.507266", "features": ["resp_time_cat"], "seed": 888, "split_id": 2, "metrics_train": {"acc": 0.697208933074169, "auc": 0.6148418227863977, "nll": 0.5982014702114598, "mse": 0.20485964102131354, "rmse": 0.45261422980427113, "f1": 0.8179226818139799}, "metrics_test": {"acc": 0.6970444226869852, "auc": 0.6159282266849526, "nll": 0.5982269979877695, "mse": 0.20489452620380086, "rmse": 0.4526527655983125, "f1": 0.8179226818139799}}