{"time": "2021-05-19T00:24:36.003885", "features": ["c"], "seed": 888, "split_id": 0, "metrics_train": {"acc": 0.6853715104432216, "auc": 0.546621338077281, "nll": 0.6196788680291113, "mse": 0.2143076115570941, "rmse": 0.46293370103838205, "f1": 0.8129280446233157}, "metrics_test": {"acc": 0.6848248000185411, "auc": 0.5443881032298643, "nll": 0.6204011993504893, "mse": 0.21463955435862894, "rmse": 0.4632920832030577, "f1": 0.8129280446233157}}