{"time": "2021-05-19T00:24:19.049087", "features": ["i"], "seed": 888, "split_id": 0, "metrics_train": {"acc": 0.7245413587460997, "auc": 0.7319472139372525, "nll": 0.5461301502799087, "mse": 0.18370411968125444, "rmse": 0.42860718575550555, "f1": 0.8179085112462936}, "metrics_test": {"acc": 0.7226809318247562, "auc": 0.7277057039591985, "nll": 0.5492791227216813, "mse": 0.18495261251304887, "rmse": 0.43006117298943514, "f1": 0.8179085112462936}}