{"time": "2021-05-19T07:37:43.399527", "features": ["sch"], "seed": 888, "split_id": 2, "metrics_train": {"acc": 0.6856799440676032, "auc": 0.5663691976183918, "nll": 0.616446759350481, "mse": 0.21289827615175702, "rmse": 0.4614090117799576, "f1": 0.8120421835056519}, "metrics_test": {"acc": 0.6840702504691631, "auc": 0.5561225697144143, "nll": 0.6194778664946657, "mse": 0.21424515082154438, "rmse": 0.46286623426379286, "f1": 0.8120421835056519}}