{"time": "2021-05-19T01:51:08.330289", "features": ["rt"], "seed": 888, "split_id": 0, "metrics_train": {"acc": 0.6851210901024121, "auc": 0.5492186643902216, "nll": 0.6199712411122533, "mse": 0.21443217019373179, "rmse": 0.4630682133268616, "f1": 0.812592068774442}, "metrics_test": {"acc": 0.6846479734039037, "auc": 0.5493667903819237, "nll": 0.6203468171329397, "mse": 0.21460930649797152, "rmse": 0.4632594375703225, "f1": 0.812592068774442}}