{"time": "2021-05-19T00:36:14.840160", "features": ["icA_TW", "icW_TW"], "seed": 888, "split_id": 0, "metrics_train": {"acc": 0.6853606295594037, "auc": 0.5032258417460341, "nll": 0.6220816083867969, "mse": 0.21539499793046776, "rmse": 0.46410666654387517, "f1": 0.8129351539357346}, "metrics_test": {"acc": 0.6848312378807244, "auc": 0.5032199687613184, "nll": 0.622564268748568, "mse": 0.2156065811188162, "rmse": 0.46433455731704504, "f1": 0.8129351539357346}}