{"time": "2021-06-22T17:44:23.537813", "features": ["ones"], "seed": 888, "split_id": 3, "metrics_train": {"acc": 0.6853373747788244, "auc": 0.5, "nll": 0.6227806414258319, "mse": 0.21565005751009397, "rmse": 0.46438137076124614, "f1": 0.8129825658819136}, "metrics_test": {"acc": 0.6848952193241643, "auc": 0.5, "nll": 0.6231248196945384, "mse": 0.2158139533519505, "rmse": 0.46455780410186903, "f1": 0.8129825658819136}}