{"time": "2021-05-20T07:41:08.405901", "features": ["precA", "precW"], "seed": 888, "split_id": 4, "metrics_train": {"acc": 0.7174147911363675, "auc": 0.6981339783549605, "nll": 0.5638228404243082, "mse": 0.19058060190261455, "rmse": 0.436555382400234, "f1": 0.8208857450141426}, "metrics_test": {"acc": 0.7182744559728489, "auc": 0.6962823599813113, "nll": 0.5633846983814604, "mse": 0.19035325736094844, "rmse": 0.43629492016404275, "f1": 0.8208857450141426}}