{"time": "2021-05-19T02:07:14.833005", "features": ["s"], "seed": 888, "split_id": 1, "metrics_train": {"acc": 0.6965168446065684, "auc": 0.6669307514472775, "nll": 0.5844379059239657, "mse": 0.19952856060119195, "rmse": 0.4466861992508745, "f1": 0.8101142239592964}, "metrics_test": {"acc": 0.6964879327026274, "auc": 0.6662184198883464, "nll": 0.5846900773386555, "mse": 0.19961695704520005, "rmse": 0.4467851352106514, "f1": 0.8101142239592964}}