{"time": "2021-05-19T16:53:56.611643", "features": ["t"], "seed": 888, "split_id": 3, "metrics_train": {"acc": 0.6855552075947804, "auc": 0.5935546433478571, "nll": 0.6106136097630608, "mse": 0.21051685383381677, "rmse": 0.4588211566981374, "f1": 0.8123175335559775}, "metrics_test": {"acc": 0.685021667324938, "auc": 0.5931259504717067, "nll": 0.6111656602835335, "mse": 0.21074806251606787, "rmse": 0.45907304703725293, "f1": 0.8123175335559775}}