{"time": "2021-05-19T18:00:58.618364", "features": ["month"], "seed": 888, "split_id": 3, "metrics_train": {"acc": 0.6853373747788244, "auc": 0.5141771080170915, "nll": 0.6224425271137256, "mse": 0.2155036897861855, "rmse": 0.4642237497007079, "f1": 0.8129825658819136}, "metrics_test": {"acc": 0.6848952193241643, "auc": 0.5126784442572943, "nll": 0.6227996081495206, "mse": 0.21567292395281132, "rmse": 0.4644059904359668, "f1": 0.8129825658819136}}