{"time": "2021-05-20T01:45:09.447984", "features": ["user_avg_correct"], "seed": 888, "split_id": 4, "metrics_train": {"acc": 0.7014117913357234, "auc": 0.6517447526230259, "nll": 0.5886387514717876, "mse": 0.200767362542608, "rmse": 0.44807071154295275, "f1": 0.815417609345193}, "metrics_test": {"acc": 0.7035392754582764, "auc": 0.6501467819493718, "nll": 0.5874357359826823, "mse": 0.2001866047247481, "rmse": 0.44742217728309813, "f1": 0.815417609345193}}