{"time": "2021-06-26T12:20:18.320131", "features": ["lag_time_cat"], "seed": 888, "split_id": 0, "metrics_train": {"acc": 0.6853540690265134, "auc": 0.5157231049579037, "nll": 0.6226093904872028, "mse": 0.21557499253639026, "rmse": 0.46430054117606867, "f1": 0.8129343138061575}, "metrics_test": {"acc": 0.6848267313771961, "auc": 0.5162735101734068, "nll": 0.623037975904506, "mse": 0.21577835973776566, "rmse": 0.464519493388346, "f1": 0.8129343138061575}}