{"time": "2021-05-20T01:28:57.675248", "features": ["post"], "seed": 888, "split_id": 4, "metrics_train": {"acc": 0.6961802100084987, "auc": 0.6668581432120918, "nll": 0.5847292028319848, "mse": 0.19965768716997379, "rmse": 0.4468307142195731, "f1": 0.8110505224619007}, "metrics_test": {"acc": 0.6977546614344465, "auc": 0.6664665592577602, "nll": 0.583560201757071, "mse": 0.1991145532473479, "rmse": 0.44622253780747995, "f1": 0.8110505224619007}}