{"time": "2021-05-19T03:10:27.911709", "features": ["week"], "seed": 888, "split_id": 1, "metrics_train": {"acc": 0.6852182598256283, "auc": 0.5209854810379453, "nll": 0.6222701073249288, "mse": 0.21543465941832904, "rmse": 0.46414939342665207, "f1": 0.8133180079601575}, "metrics_test": {"acc": 0.685371492460341, "auc": 0.5199006883010393, "nll": 0.62217638698244, "mse": 0.21538997790684616, "rmse": 0.4641012582474283, "f1": 0.8133180079601575}}