{"time": "2021-05-19T07:56:57.044957", "features": ["tcA", "tcW"], "seed": 888, "split_id": 2, "metrics_train": {"acc": 0.7015306036720598, "auc": 0.6483766538991438, "nll": 0.5912299330082186, "mse": 0.20157759732544242, "rmse": 0.44897393835883437, "f1": 0.8149265360404667}, "metrics_test": {"acc": 0.7009871517531296, "auc": 0.6495968632258298, "nll": 0.5913479502555048, "mse": 0.2016654662707063, "rmse": 0.44907178298208217, "f1": 0.8149265360404667}}