{"time": "2021-05-19T00:31:06.294606", "features": ["icA", "icW"], "seed": 888, "split_id": 0, "metrics_train": {"acc": 0.6853566292344706, "auc": 0.5032240084517662, "nll": 0.6221401081276071, "mse": 0.21541036550501927, "rmse": 0.4641232223289622, "f1": 0.8129351027357348}, "metrics_test": {"acc": 0.6848286627358511, "auc": 0.5032164691547798, "nll": 0.622605666495077, "mse": 0.21561597758146073, "rmse": 0.4643446754098304, "f1": 0.8129351027357348}}