{"time": "2021-05-19T07:54:18.253505", "features": ["t"], "seed": 888, "split_id": 2, "metrics_train": {"acc": 0.6856832512780635, "auc": 0.5935850127763858, "nll": 0.6105283016654394, "mse": 0.2104700037194666, "rmse": 0.4587700989814687, "f1": 0.8119492691528843}, "metrics_test": {"acc": 0.6844825648097219, "auc": 0.5930752650500154, "nll": 0.6115320028543467, "mse": 0.2109435076366746, "rmse": 0.45928586701168433, "f1": 0.8119492691528843}}