{"time": "2021-05-19T07:49:40.221775", "features": ["at"], "seed": 888, "split_id": 2, "metrics_train": {"acc": 0.6854700962296894, "auc": 0.5016169899372752, "nll": 0.6226290932292762, "mse": 0.21558040973588602, "rmse": 0.4643063748602705, "f1": 0.8126055831450072}, "metrics_test": {"acc": 0.6843602863632502, "auc": 0.5018173425258968, "nll": 0.6234825712338633, "mse": 0.2159873760902683, "rmse": 0.46474442018196227, "f1": 0.8126055831450072}}