{"time": "2021-06-25T16:08:19.096366", "features": ["resp_time_cat"], "seed": 888, "split_id": 3, "metrics_train": {"acc": 0.6973937085548514, "auc": 0.6154570891049399, "nll": 0.597933546182699, "mse": 0.20474780716728577, "rmse": 0.4524906708069082, "f1": 0.8177601524854833}, "metrics_test": {"acc": 0.6963042094988765, "auc": 0.613456630127573, "nll": 0.5992992566737235, "mse": 0.20534221803853744, "rmse": 0.45314701592147494, "f1": 0.8177601524854833}}