{"time": "2021-05-19T17:13:49.691439", "features": ["icA", "icW", "scA", "scW", "tcA", "tcW"], "seed": 888, "split_id": 3, "metrics_train": {"acc": 0.7209332105156937, "auc": 0.7112293451907916, "nll": 0.5571791780589003, "mse": 0.18774928306034364, "rmse": 0.43330045356581803, "f1": 0.8207587161436191}, "metrics_test": {"acc": 0.7200967594650929, "auc": 0.710249070032724, "nll": 0.5582020424961048, "mse": 0.1881833007183193, "rmse": 0.4338009920670068, "f1": 0.8207587161436191}}