{"time": "2021-06-25T16:23:56.135397", "features": ["prev_resp_time_cat"], "seed": 888, "split_id": 4, "metrics_train": {"acc": 0.6939743578845782, "auc": 0.558550044488378, "nll": 0.6123225517322137, "mse": 0.2108885052807741, "rmse": 0.45922598497991607, "f1": 0.8177394303676053}, "metrics_test": {"acc": 0.6959756470428643, "auc": 0.5585051947853749, "nll": 0.6107349683355383, "mse": 0.21014043020811768, "rmse": 0.45841076580738993, "f1": 0.8177394303676053}}