{"time": "2021-05-19T23:40:02.998166", "features": ["precA", "precW"], "seed": 888, "split_id": 3, "metrics_train": {"acc": 0.7177003067754333, "auc": 0.697965455579989, "nll": 0.5635276744496424, "mse": 0.190455865551079, "rmse": 0.43641249472383237, "f1": 0.8196943552502298}, "metrics_test": {"acc": 0.7170297000893052, "auc": 0.6970029648549911, "nll": 0.5646537955207838, "mse": 0.19088839709317862, "rmse": 0.4369077672612134, "f1": 0.8196943552502298}}