{"time": "2021-05-19T07:05:40.198415", "features": ["vt"], "seed": 888, "split_id": 1, "metrics_train": {"acc": 0.685214997522789, "auc": 0.5329576292406568, "nll": 0.6214401418640154, "mse": 0.21506950907106492, "rmse": 0.4637558722766375, "f1": 0.8133167077519082}, "metrics_test": {"acc": 0.6853719170923072, "auc": 0.5325846370079319, "nll": 0.6213527178551936, "mse": 0.21502558735671595, "rmse": 0.4637085155102459, "f1": 0.8133167077519082}}