{"time": "2021-05-19T16:12:03.768485", "features": ["smA", "smW"], "seed": 888, "split_id": 2, "metrics_train": {"acc": 0.7036458314719162, "auc": 0.6271840160755516, "nll": 0.5947022291702061, "mse": 0.20302868523679762, "rmse": 0.45058704512757314, "f1": 0.8153241427443789}, "metrics_test": {"acc": 0.7031261664720223, "auc": 0.6284973079083723, "nll": 0.5949409582382267, "mse": 0.20316663971601553, "rmse": 0.45074010218308236, "f1": 0.8153241427443789}}