{"time": "2021-05-19T16:25:17.887407", "features": ["s"], "seed": 888, "split_id": 3, "metrics_train": {"acc": 0.6965912340253043, "auc": 0.6667568255454649, "nll": 0.5844317310655898, "mse": 0.19952073378074595, "rmse": 0.446677438181901, "f1": 0.809759196198107}, "metrics_test": {"acc": 0.6961458820528993, "auc": 0.6668968760594096, "nll": 0.5847276501643262, "mse": 0.1996537347107145, "rmse": 0.4468262914273448, "f1": 0.809759196198107}}