{"time": "2021-05-19T11:19:40.105260", "features": ["post"], "seed": 888, "split_id": 2, "metrics_train": {"acc": 0.6967653934777649, "auc": 0.6669557690621574, "nll": 0.5842420955666795, "mse": 0.19943827635621156, "rmse": 0.4465851277821638, "f1": 0.8091216384273004}, "metrics_test": {"acc": 0.6954309907643303, "auc": 0.6660122156048447, "nll": 0.5855337708119102, "mse": 0.20000181699084632, "rmse": 0.4472156269528675, "f1": 0.8091216384273004}}