{"time": "2021-05-19T16:21:39.191801", "features": ["i"], "seed": 888, "split_id": 3, "metrics_train": {"acc": 0.7245421040514929, "auc": 0.7317388936525488, "nll": 0.546268941603318, "mse": 0.1837577992687994, "rmse": 0.4286698021423942, "f1": 0.817914279910167}, "metrics_test": {"acc": 0.7226907621070217, "auc": 0.728481532701972, "nll": 0.5487972179442786, "mse": 0.1847614089995532, "rmse": 0.4298388174648181, "f1": 0.817914279910167}}