{"time": "2021-05-19T04:26:26.101076", "features": ["post"], "seed": 888, "split_id": 1, "metrics_train": {"acc": 0.6965078064232925, "auc": 0.6669058727684016, "nll": 0.5844523017686261, "mse": 0.19953392096582687, "rmse": 0.4466921993563654, "f1": 0.8101152262631084}, "metrics_test": {"acc": 0.6964845356468982, "auc": 0.66620852357814, "nll": 0.5846948387475993, "mse": 0.1996182118583954, "rmse": 0.44678653947762953, "f1": 0.8101152262631084}}