{"time": "2021-05-19T18:03:08.390518", "features": ["week"], "seed": 888, "split_id": 3, "metrics_train": {"acc": 0.6853373747788244, "auc": 0.5210680603251754, "nll": 0.6221740569233426, "mse": 0.215389305653266, "rmse": 0.4641005339937307, "f1": 0.8129825658819136}, "metrics_test": {"acc": 0.6848952193241643, "auc": 0.5196787262894165, "nll": 0.6225638468790816, "mse": 0.2155728105056626, "rmse": 0.464298191365918, "f1": 0.8129825658819136}}