{"time": "2021-05-19T15:57:51.642053", "features": ["postcA", "postcW"], "seed": 888, "split_id": 0, "metrics_train": {"acc": 0.7116022277436188, "auc": 0.6933684905370537, "nll": 0.5686223256216475, "mse": 0.19266902125461413, "rmse": 0.43894079470312863, "f1": 0.8166809714425276}, "metrics_test": {"acc": 0.711194712712546, "auc": 0.692742315729963, "nll": 0.5692507940034923, "mse": 0.19292964160310686, "rmse": 0.43923756852426327, "f1": 0.8166809714425276}}