{"time": "2021-05-19T20:46:25.109553", "features": ["scA", "scW"], "seed": 888, "split_id": 4, "metrics_train": {"acc": 0.7071672364801677, "auc": 0.666826937763947, "nll": 0.5796776694743354, "mse": 0.19731991254844852, "rmse": 0.4442070604441678, "f1": 0.8175345551577553}, "metrics_test": {"acc": 0.7079063337334893, "auc": 0.6650321774454026, "nll": 0.5792377761310572, "mse": 0.19710542736821318, "rmse": 0.44396557002566445, "f1": 0.8175345551577553}}