{"time": "2021-05-19T09:26:19.045655", "features": ["hour"], "seed": 888, "split_id": 2, "metrics_train": {"acc": 0.6854700962296894, "auc": 0.5044955670120164, "nll": 0.6226482388303002, "mse": 0.21558832616061271, "rmse": 0.46431489978312424, "f1": 0.8126055831450072}, "metrics_test": {"acc": 0.6843602863632502, "auc": 0.5025410154341616, "nll": 0.6235392152748321, "mse": 0.21601132317564783, "rmse": 0.46477018318266483, "f1": 0.8126055831450072}}