{"time": "2021-05-19T00:46:09.574484", "features": ["weekend"], "seed": 888, "split_id": 0, "metrics_train": {"acc": 0.6853540690265134, "auc": 0.5032097321588488, "nll": 0.6227477431642577, "mse": 0.21563527542003336, "rmse": 0.4643654545937212, "f1": 0.8129343138061575}, "metrics_test": {"acc": 0.6848267313771961, "auc": 0.5039811534537173, "nll": 0.623148648436869, "mse": 0.2158265994802808, "rmse": 0.4645714148333718, "f1": 0.8129343138061575}}