{"time": "2021-06-26T12:19:47.763822", "features": ["lag_time_cat"], "seed": 888, "split_id": 4, "metrics_train": {"acc": 0.6848647729409343, "auc": 0.5159947879615894, "nll": 0.6229930929228861, "mse": 0.21575750957620954, "rmse": 0.46449705012648845, "f1": 0.8143072242646247}, "metrics_test": {"acc": 0.6867775876930561, "auc": 0.5151649362002635, "nll": 0.6215197502162021, "mse": 0.21505536193168287, "rmse": 0.46374061923847354, "f1": 0.8143072242646247}}