{"time": "2021-05-19T16:31:19.294812", "features": ["c"], "seed": 888, "split_id": 3, "metrics_train": {"acc": 0.68534532799852, "auc": 0.5464787761710579, "nll": 0.6197279250976647, "mse": 0.2143316163719832, "rmse": 0.4629596271512055, "f1": 0.8129932874178389}, "metrics_test": {"acc": 0.684933089537594, "auc": 0.5450024380945523, "nll": 0.6201895872898664, "mse": 0.2145371530634766, "rmse": 0.463181555184872, "f1": 0.8129932874178389}}