{"time": "2021-05-19T00:34:23.094702", "features": ["tcA_TW", "tcW_TW"], "seed": 888, "split_id": 0, "metrics_train": {"acc": 0.7064502892688297, "auc": 0.659534110536467, "nll": 0.5842147678154025, "mse": 0.19869257017359132, "rmse": 0.4457494477546678, "f1": 0.8166804603612072}, "metrics_test": {"acc": 0.7062446404797323, "auc": 0.6599802591001657, "nll": 0.584138145669666, "mse": 0.1986840650020589, "rmse": 0.44573990734738894, "f1": 0.8166804603612072}}