{"time": "2021-05-19T07:26:45.308436", "features": ["s"], "seed": 888, "split_id": 2, "metrics_train": {"acc": 0.6967668870566824, "auc": 0.6669631800565812, "nll": 0.5842379515829706, "mse": 0.19943675114165965, "rmse": 0.4465834201374472, "f1": 0.8091072845879878}, "metrics_test": {"acc": 0.6954316343351012, "auc": 0.6660352071348772, "nll": 0.5855238873046987, "mse": 0.19999800512282978, "rmse": 0.44721136515391663, "f1": 0.8091072845879878}}