{"time": "2021-05-19T02:03:36.186323", "features": ["i"], "seed": 888, "split_id": 1, "metrics_train": {"acc": 0.7244449378900324, "auc": 0.7318855214506252, "nll": 0.5462569405059385, "mse": 0.18375767241980678, "rmse": 0.42866965418583897, "f1": 0.8182475763783227}, "metrics_test": {"acc": 0.7231758394602418, "auc": 0.7280347487237393, "nll": 0.5487354448995907, "mse": 0.1847071684751838, "rmse": 0.4297757188059649, "f1": 0.8182475763783227}}