{"time": "2021-05-19T17:17:55.050995", "features": ["tcA_TW", "tcW_TW"], "seed": 888, "split_id": 3, "metrics_train": {"acc": 0.7065660660882666, "auc": 0.6597494509869622, "nll": 0.5840205896541115, "mse": 0.1986154388760649, "rmse": 0.44566292068789487, "f1": 0.8162785189293911}, "metrics_test": {"acc": 0.7057606371438756, "auc": 0.6591362027083263, "nll": 0.5849166247000556, "mse": 0.19899625348965408, "rmse": 0.44608996120699024, "f1": 0.8162785189293911}}