{"time": "2021-05-19T09:21:53.074033", "features": ["week"], "seed": 888, "split_id": 2, "metrics_train": {"acc": 0.6854700962296894, "auc": 0.5207631397190084, "nll": 0.622072548857116, "mse": 0.21534112659058544, "rmse": 0.46404862524371887, "f1": 0.8126055831450072}, "metrics_test": {"acc": 0.6843602863632502, "auc": 0.5209099949601496, "nll": 0.62297181208565, "mse": 0.21576645453131102, "rmse": 0.4645066786724503, "f1": 0.8126055831450072}}