{"time": "2021-05-19T07:01:06.778348", "features": ["vw"], "seed": 888, "split_id": 1, "metrics_train": {"acc": 0.6852175645807609, "auc": 0.5342017092486729, "nll": 0.6213492620709875, "mse": 0.21502281927870337, "rmse": 0.46370553078295645, "f1": 0.813318332113256}, "metrics_test": {"acc": 0.6853725540402564, "auc": 0.5352793121162476, "nll": 0.6211701944817284, "mse": 0.21493844639371223, "rmse": 0.4636145450627194, "f1": 0.813318332113256}}