{"time": "2021-05-19T09:19:37.435789", "features": ["month"], "seed": 888, "split_id": 2, "metrics_train": {"acc": 0.6854700962296894, "auc": 0.513808940661576, "nll": 0.6223503153190707, "mse": 0.21545932775624718, "rmse": 0.4641759663707797, "f1": 0.8126055831450072}, "metrics_test": {"acc": 0.6843602863632502, "auc": 0.5141530017335735, "nll": 0.6231688337952147, "mse": 0.21585070604175435, "rmse": 0.46459735905594035, "f1": 0.8126055831450072}}