{"time": "2021-05-19T20:21:02.306989", "features": ["sch"], "seed": 888, "split_id": 4, "metrics_train": {"acc": 0.6849998152924289, "auc": 0.566545661348437, "nll": 0.6169286419895272, "mse": 0.21313104594977286, "rmse": 0.4616611808997729, "f1": 0.8140717841718118}, "metrics_test": {"acc": 0.6868462648352195, "auc": 0.556252257373575, "nll": 0.6173140440955865, "mse": 0.21320800367335274, "rmse": 0.46174452208266936, "f1": 0.8140717841718118}}