{"time": "2021-05-19T01:48:49.640718", "features": ["rc"], "seed": 888, "split_id": 0, "metrics_train": {"acc": 0.6890572498235457, "auc": 0.5891740000911968, "nll": 0.6113121372947572, "mse": 0.21043303433575541, "rmse": 0.45872980537104346, "f1": 0.8138816565801815}, "metrics_test": {"acc": 0.6884718489454352, "auc": 0.5890315205224695, "nll": 0.611742111565425, "mse": 0.2106357457522079, "rmse": 0.45895070078626954, "f1": 0.8138816565801815}}