{"time": "2021-05-19T20:06:43.877016", "features": ["i"], "seed": 888, "split_id": 4, "metrics_train": {"acc": 0.7241697956022277, "auc": 0.7317354129273266, "nll": 0.5466025654477, "mse": 0.18390496114524243, "rmse": 0.42884141724563224, "f1": 0.8190599110432579}, "metrics_test": {"acc": 0.7242164108177342, "auc": 0.7286668503998048, "nll": 0.5473175783103751, "mse": 0.18411141220952715, "rmse": 0.4290820576644136, "f1": 0.8190599110432579}}