{"time": "2021-05-19T20:02:04.200019", "features": ["n_gram"], "seed": 888, "split_id": 3, "metrics_train": {"acc": 0.7088634256566917, "auc": 0.6500224428156879, "nll": 0.585078735610036, "mse": 0.19896963771899148, "rmse": 0.44606012791886196, "f1": 0.8177303574200039}, "metrics_test": {"acc": 0.7077726794438342, "auc": 0.6492215362228806, "nll": 0.5861078926376011, "mse": 0.1994199240183611, "rmse": 0.4465645798967503, "f1": 0.8177303574200039}}