{"time": "2021-05-19T08:17:32.017327", "features": ["tcA_TW", "tcW_TW"], "seed": 888, "split_id": 2, "metrics_train": {"acc": 0.7064995273622857, "auc": 0.6593667931750677, "nll": 0.5841859748046826, "mse": 0.19867775801273566, "rmse": 0.4457328325496515, "f1": 0.8163498723105986}, "metrics_test": {"acc": 0.7060385387339504, "auc": 0.6606352214904829, "nll": 0.5842533933708929, "mse": 0.1987427048316175, "rmse": 0.44580568057351794, "f1": 0.8163498723105986}}