{"time": "2021-05-20T01:37:59.252202", "features": ["rc"], "seed": 888, "split_id": 4, "metrics_train": {"acc": 0.6886649908798298, "auc": 0.5895171095679199, "nll": 0.6116160273418557, "mse": 0.21057699531619242, "rmse": 0.45888669115174, "f1": 0.8151958558095772}, "metrics_test": {"acc": 0.6905129438340046, "auc": 0.5878525989475013, "nll": 0.6105306810207574, "mse": 0.21005282227551783, "rmse": 0.4583151996994185, "f1": 0.8151958558095772}}