{"time": "2021-06-26T12:20:00.927919", "features": ["lag_time_cat"], "seed": 888, "split_id": 2, "metrics_train": {"acc": 0.6854700962296894, "auc": 0.5155655932466116, "nll": 0.6225254798351324, "mse": 0.21553474343673992, "rmse": 0.4642571953526837, "f1": 0.8126055831450072}, "metrics_test": {"acc": 0.6843602863632502, "auc": 0.5169199335493707, "nll": 0.6233856542617159, "mse": 0.21594432100254932, "rmse": 0.46469809662032113, "f1": 0.8126055831450072}}