{"time": "2021-05-20T01:35:36.802813", "features": ["vt"], "seed": 888, "split_id": 4, "metrics_train": {"acc": 0.6848623671983305, "auc": 0.5327007789845055, "nll": 0.6217405539809028, "mse": 0.2152112225715607, "rmse": 0.463908636017439, "f1": 0.8143020652656205}, "metrics_test": {"acc": 0.6867718468793149, "auc": 0.5335878303522007, "nll": 0.6201588977854252, "mse": 0.21446254945445, "rmse": 0.46310101430945927, "f1": 0.8143020652656205}}