{"time": "2021-06-25T15:54:49.092545", "features": ["prev_resp_time_cat"], "seed": 888, "split_id": 1, "metrics_train": {"acc": 0.6945461462897883, "auc": 0.5587495294334612, "nll": 0.6118491347614685, "mse": 0.2106688512894867, "rmse": 0.45898676591976667, "f1": 0.8162983502801148}, "metrics_test": {"acc": 0.6937027716365379, "auc": 0.5577191424517072, "nll": 0.6126151066486782, "mse": 0.21101276652215928, "rmse": 0.45936125927439647, "f1": 0.8162983502801148}}