{"time": "2021-05-19T02:24:10.612060", "features": ["tcA", "tcW"], "seed": 888, "split_id": 1, "metrics_train": {"acc": 0.7015359777453187, "auc": 0.6484728825933743, "nll": 0.5911771632452509, "mse": 0.2015658620060147, "rmse": 0.4489608691256006, "f1": 0.8151723194795025}, "metrics_test": {"acc": 0.7009973118673382, "auc": 0.6492009554003512, "nll": 0.5915562097416325, "mse": 0.20170528650611394, "rmse": 0.4491161169520795, "f1": 0.8151723194795025}}