{"time": "2021-05-19T09:09:51.679495", "features": ["precA", "precW"], "seed": 888, "split_id": 1, "metrics_train": {"acc": 0.7177420821236072, "auc": 0.697927125575025, "nll": 0.5635896631697979, "mse": 0.19047879560772016, "rmse": 0.4364387650148875, "f1": 0.8199151322602015}, "metrics_test": {"acc": 0.7170893771731868, "auc": 0.6971755011748437, "nll": 0.5643861735669381, "mse": 0.190790384707432, "rmse": 0.43679558686808184, "f1": 0.8199151322602015}}