{"time": "2021-05-19T20:33:31.683131", "features": ["at"], "seed": 888, "split_id": 4, "metrics_train": {"acc": 0.6848647729409343, "auc": 0.5016927183159998, "nll": 0.6230966961034903, "mse": 0.21580324514373567, "rmse": 0.46454627879656474, "f1": 0.8143072242646247}, "metrics_test": {"acc": 0.6867775876930561, "auc": 0.5015250478776984, "nll": 0.6216164899097739, "mse": 0.21509804108235261, "rmse": 0.46378663314325114, "f1": 0.8143072242646247}}