{"time": "2021-06-25T15:52:32.016203", "features": ["resp_time_cat"], "seed": 888, "split_id": 1, "metrics_train": {"acc": 0.6973631715316694, "auc": 0.6152455700018087, "nll": 0.5980405990819653, "mse": 0.20479669206514323, "rmse": 0.45254468515843077, "f1": 0.8179237821312565}, "metrics_test": {"acc": 0.6964337921269412, "auc": 0.6143159920067707, "nll": 0.5988645784660045, "mse": 0.20514397398245504, "rmse": 0.45292822166702645, "f1": 0.8179237821312565}}