{"time": "2021-05-19T18:06:57.736144", "features": ["weekend"], "seed": 888, "split_id": 3, "metrics_train": {"acc": 0.6853373747788244, "auc": 0.5032423494868553, "nll": 0.6227603062308521, "mse": 0.2156412766455594, "rmse": 0.4643719162972276, "f1": 0.8129825658819136}, "metrics_test": {"acc": 0.6848952193241643, "auc": 0.5038444173763501, "nll": 0.6230969500040683, "mse": 0.215801910658896, "rmse": 0.4645448424629166, "f1": 0.8129825658819136}}