{"time": "2021-05-19T22:41:23.752828", "features": ["day"], "seed": 888, "split_id": 4, "metrics_train": {"acc": 0.6848647729409343, "auc": 0.5050980172190669, "nll": 0.6231121347434292, "mse": 0.21580954324504223, "rmse": 0.46455305751339343, "f1": 0.8143072242646247}, "metrics_test": {"acc": 0.6867775876930561, "auc": 0.5059759669979589, "nll": 0.621611828221806, "mse": 0.2150956619390742, "rmse": 0.4637840682247227, "f1": 0.8143072242646247}}