{"time": "2021-06-22T17:44:17.780610", "features": ["ones"], "seed": 888, "split_id": 0, "metrics_train": {"acc": 0.6853540690265134, "auc": 0.5, "nll": 0.6227676458069433, "mse": 0.21564386909531427, "rmse": 0.46437470763954647, "f1": 0.8129343138061575}, "metrics_test": {"acc": 0.6848267313771961, "auc": 0.5, "nll": 0.6231781715794659, "mse": 0.2158393574289069, "rmse": 0.4645851455103864, "f1": 0.8129343138061575}}