{"time": "2021-05-19T08:57:36.372819", "features": ["scA_TW", "scW_TW"], "seed": 888, "split_id": 2, "metrics_train": {"acc": 0.7081366498822179, "auc": 0.6700246068553146, "nll": 0.5773950368314807, "mse": 0.1964890774879388, "rmse": 0.44327088499916034, "f1": 0.8160394035228764}, "metrics_test": {"acc": 0.7066552940560662, "auc": 0.668039073496031, "nll": 0.5794153451223175, "mse": 0.197305813407197, "rmse": 0.4441911901503642, "f1": 0.8160394035228764}}