{"time": "2021-05-19T16:56:27.692175", "features": ["tcA", "tcW"], "seed": 888, "split_id": 3, "metrics_train": {"acc": 0.701635657027489, "auc": 0.64878041225455, "nll": 0.5910684669534962, "mse": 0.20150633007439808, "rmse": 0.4488945645409377, "f1": 0.8147234634097904}, "metrics_test": {"acc": 0.7005814040563492, "auc": 0.6480004299457808, "nll": 0.5919948489944739, "mse": 0.20194908588204885, "rmse": 0.4493874563025195, "f1": 0.8147234634097904}}