{"time": "2021-05-19T00:25:51.840555", "features": ["d"], "seed": 888, "split_id": 0, "metrics_train": {"acc": 0.685624544329654, "auc": 0.5472221939951972, "nll": 0.6187360559359009, "mse": 0.213885064134768, "rmse": 0.46247709579477336, "f1": 0.8122376537997402}, "metrics_test": {"acc": 0.6850700825677285, "auc": 0.5473933068678369, "nll": 0.6191683756012756, "mse": 0.2140849074749217, "rmse": 0.46269310290398935, "f1": 0.8122376537997402}}