{"time": "2021-05-19T16:48:44.322500", "features": ["at"], "seed": 888, "split_id": 3, "metrics_train": {"acc": 0.6853373747788244, "auc": 0.5016176030263172, "nll": 0.6227317395487157, "mse": 0.21562932479105515, "rmse": 0.46435904728028626, "f1": 0.8129825658819136}, "metrics_test": {"acc": 0.6848952193241643, "auc": 0.5018152758232935, "nll": 0.6230683013905003, "mse": 0.21578998590290738, "rmse": 0.4645320074041264, "f1": 0.8129825658819136}}