{"time": "2021-05-19T02:26:17.152923", "features": ["icA", "icW"], "seed": 888, "split_id": 1, "metrics_train": {"acc": 0.6852213616873443, "auc": 0.50331238460053, "nll": 0.6222274176143481, "mse": 0.21545296351398652, "rmse": 0.46416911090031243, "f1": 0.8133176703273169}, "metrics_test": {"acc": 0.6853712801443579, "auc": 0.5028664198589199, "nll": 0.6222534654503753, "mse": 0.215445107079565, "rmse": 0.4641606479222091, "f1": 0.8133176703273169}}