{"time": "2021-05-19T09:23:53.464200", "features": ["day"], "seed": 888, "split_id": 2, "metrics_train": {"acc": 0.6854700962296894, "auc": 0.5055042925083223, "nll": 0.6226357426636708, "mse": 0.21558293929370306, "rmse": 0.46430909887024946, "f1": 0.8126055831450072}, "metrics_test": {"acc": 0.6843602863632502, "auc": 0.5046502357552302, "nll": 0.6235129423629158, "mse": 0.21600001972726177, "rmse": 0.46475802276804407, "f1": 0.8126055831450072}}