{"time": "2021-05-19T07:47:40.011623", "features": ["tea"], "seed": 888, "split_id": 2, "metrics_train": {"acc": 0.6884864321957579, "auc": 0.5983588236779752, "nll": 0.6082418175038947, "mse": 0.2093953543756064, "rmse": 0.4575973714692933, "f1": 0.8100512143130337}, "metrics_test": {"acc": 0.6833644678570724, "auc": 0.5657437817801511, "nll": 0.6193761605528387, "mse": 0.2140545911519663, "rmse": 0.4626603410191609, "f1": 0.8100512143130337}}