{"time": "2021-05-19T20:56:08.474673", "features": ["icA", "icW", "scA", "scW", "tcA", "tcW"], "seed": 888, "split_id": 4, "metrics_train": {"acc": 0.7205781822775571, "auc": 0.711392362279866, "nll": 0.5574781201845812, "mse": 0.18788083216149584, "rmse": 0.43345222592749, "f1": 0.8221154087651144}, "metrics_test": {"acc": 0.7214044751981963, "auc": 0.709595103906918, "nll": 0.5569840887649835, "mse": 0.1876377847789117, "rmse": 0.4331717728325701, "f1": 0.8221154087651144}}