{"time": "2021-05-20T15:30:05.037740", "features": ["postcA", "postcW"], "seed": 888, "split_id": 4, "metrics_train": {"acc": 0.7113670749960319, "auc": 0.6934774036887434, "nll": 0.568882000442974, "mse": 0.19278567478816241, "rmse": 0.4390736553109995, "f1": 0.8176754028506706}, "metrics_test": {"acc": 0.712274455122358, "auc": 0.6921551119863516, "nll": 0.5682299393596523, "mse": 0.19247127774347683, "rmse": 0.43871548609945016, "f1": 0.8176754028506706}}