{"time": "2021-05-19T20:31:33.907743", "features": ["tea"], "seed": 888, "split_id": 4, "metrics_train": {"acc": 0.6879447650051913, "auc": 0.5984445122203509, "nll": 0.6086758543464496, "mse": 0.20959984964836104, "rmse": 0.45782076148680834, "f1": 0.8115948895974995}, "metrics_test": {"acc": 0.685493346396874, "auc": 0.5664285361480372, "nll": 0.6172065239554291, "mse": 0.21311009061485733, "rmse": 0.46163848476362684, "f1": 0.8115948895974995}}