{"time": "2021-06-26T12:19:09.935020", "features": ["prev_lag_time_cat"], "seed": 888, "split_id": 1, "metrics_train": {"acc": 0.6852182598256283, "auc": 0.5054606675319164, "nll": 0.622466917790202, "mse": 0.2155160992653373, "rmse": 0.4642371153466053, "f1": 0.8133180079601575}, "metrics_test": {"acc": 0.685371492460341, "auc": 0.5074162712688489, "nll": 0.6223232907697261, "mse": 0.21544871538783378, "rmse": 0.4641645348234113, "f1": 0.8133180079601575}}