{"time": "2021-05-19T02:33:52.315619", "features": ["tcA_TW", "tcW_TW"], "seed": 888, "split_id": 1, "metrics_train": {"acc": 0.7064007665235104, "auc": 0.6594349852635047, "nll": 0.5842061853377044, "mse": 0.19869638716664015, "rmse": 0.44575372927956547, "f1": 0.8167431715254796}, "metrics_test": {"acc": 0.7064597774801108, "auc": 0.6603294847346827, "nll": 0.584171584896036, "mse": 0.1986619792342323, "rmse": 0.4457151323819198, "f1": 0.8167431715254796}}