{"time": "2021-05-19T08:04:12.733723", "features": ["scA", "scW"], "seed": 888, "split_id": 2, "metrics_train": {"acc": 0.707467846579787, "auc": 0.6667520933113539, "nll": 0.5793946833864092, "mse": 0.19719218913449177, "rmse": 0.44406327154414804, "f1": 0.8163747356725494}, "metrics_test": {"acc": 0.7065842867476765, "auc": 0.6664492652627312, "nll": 0.5803888679911996, "mse": 0.1976173955681716, "rmse": 0.4445417815775831, "f1": 0.8163747356725494}}