{"time": "2021-05-20T09:10:07.297710", "features": ["postcA", "postcW"], "seed": 888, "split_id": 3, "metrics_train": {"acc": 0.7116844700468135, "auc": 0.6934046965367001, "nll": 0.5685456312956594, "mse": 0.1926401857121032, "rmse": 0.4389079467406613, "f1": 0.8165272469152252}, "metrics_test": {"acc": 0.7109640472603147, "auc": 0.6925025116175224, "nll": 0.5695433614920744, "mse": 0.19302852545716268, "rmse": 0.439350117169852, "f1": 0.8165272469152252}}