{"time": "2021-05-19T07:18:27.498158", "features": ["n_gram"], "seed": 888, "split_id": 1, "metrics_train": {"acc": 0.7087021874756664, "auc": 0.6497793907102907, "nll": 0.5852434397714881, "mse": 0.1990422692339614, "rmse": 0.4461415349796087, "f1": 0.8183340577741315}, "metrics_test": {"acc": 0.7084120229445636, "auc": 0.6501859158869068, "nll": 0.5854469261604945, "mse": 0.19912857339378937, "rmse": 0.44623824734528234, "f1": 0.8183340577741315}}