{"time": "2021-05-19T07:40:14.765161", "features": ["d"], "seed": 888, "split_id": 2, "metrics_train": {"acc": 0.6857267250929846, "auc": 0.5472368008496769, "nll": 0.6186520369958435, "mse": 0.213844315419483, "rmse": 0.4624330388493917, "f1": 0.8119382454078997}, "metrics_test": {"acc": 0.68465933224813, "auc": 0.5473314273781466, "nll": 0.6195053773071977, "mse": 0.2142484824731772, "rmse": 0.462869833185505, "f1": 0.8119382454078997}}