{"time": "2021-05-19T01:04:13.091420", "features": ["scA_TW", "scW_TW"], "seed": 888, "split_id": 0, "metrics_train": {"acc": 0.7082610496841957, "auc": 0.6698921009355276, "nll": 0.5774489727261927, "mse": 0.19651879982664236, "rmse": 0.4433044098885577, "f1": 0.8163269534741915}, "metrics_test": {"acc": 0.7070510900159058, "auc": 0.6677768249872355, "nll": 0.579212436636982, "mse": 0.19719008525325668, "rmse": 0.4440609026397806, "f1": 0.8163269534741915}}