{"time": "2021-05-19T23:51:15.936413", "features": ["pre"], "seed": 888, "split_id": 4, "metrics_train": {"acc": 0.69618315036057, "auc": 0.6668634095163256, "nll": 0.5847255680793929, "mse": 0.19965629592054115, "rmse": 0.446829157419859, "f1": 0.8110064378718178}, "metrics_test": {"acc": 0.6977876179577757, "auc": 0.6664707254747271, "nll": 0.5835583795326598, "mse": 0.19911391486175556, "rmse": 0.44622182248491116, "f1": 0.8110064378718178}}