{"time": "2021-05-19T00:29:39.566030", "features": ["tea"], "seed": 888, "split_id": 0, "metrics_train": {"acc": 0.6884203447565368, "auc": 0.5985384849706887, "nll": 0.6082581517727296, "mse": 0.20940076459113652, "rmse": 0.4576032829767904, "f1": 0.8098349668880312}, "metrics_test": {"acc": 0.6831271357607793, "auc": 0.5649612772320347, "nll": 0.6192279302502338, "mse": 0.21404092573591993, "rmse": 0.46264557248061927, "f1": 0.8098349668880312}}