{"time": "2021-05-19T03:11:40.000748", "features": ["day"], "seed": 888, "split_id": 1, "metrics_train": {"acc": 0.6852182598256283, "auc": 0.5056830629819595, "nll": 0.622829532287336, "mse": 0.21567531467572415, "rmse": 0.46440856438670913, "f1": 0.8133180079601575}, "metrics_test": {"acc": 0.685371492460341, "auc": 0.503966170791714, "nll": 0.6227351197427807, "mse": 0.21562923835152567, "rmse": 0.4643589542062537, "f1": 0.8133180079601575}}