{"time": "2021-05-19T00:48:20.880161", "features": ["part_of_day"], "seed": 888, "split_id": 0, "metrics_train": {"acc": 0.6853540690265134, "auc": 0.5025144234301174, "nll": 0.6227589435993508, "mse": 0.21564012022285536, "rmse": 0.464370671148443, "f1": 0.8129343138061575}, "metrics_test": {"acc": 0.6848267313771961, "auc": 0.5030942092095789, "nll": 0.6231669112590961, "mse": 0.21583450515325855, "rmse": 0.46457992332133613, "f1": 0.8129343138061575}}