{"time": "2021-05-19T08:13:15.929574", "features": ["icA", "icW", "scA", "scW", "tcA", "tcW"], "seed": 888, "split_id": 2, "metrics_train": {"acc": 0.7208695701805262, "auc": 0.7110747447471314, "nll": 0.5572696075953171, "mse": 0.18778180228443375, "rmse": 0.43333797696997867, "f1": 0.8206314709299992}, "metrics_test": {"acc": 0.7201175074418233, "auc": 0.7110258742380785, "nll": 0.5579194671816068, "mse": 0.18806095489726307, "rmse": 0.4336599530706785, "f1": 0.8206314709299992}}