{"time": "2021-05-27T20:03:14.854610", "features": ["i"], "seed": 888, "split_id": 0, "metrics_train": {"acc": 0.6948283796614786, "auc": 0.7046049015587317, "nll": 0.5779692644670944, "mse": 0.19752192050288295, "rmse": 0.4444343826740714, "f1": 0.7939208471516231}, "metrics_test": {"acc": 0.6923713731092382, "auc": 0.7019069620704618, "nll": 0.5807778857983291, "mse": 0.1986911090104474, "rmse": 0.4457478087556319, "f1": 0.7939208471516231}}