{"time": "2021-05-28T15:44:54.917653", "features": ["i", "icA_TW", "icW_TW", "lag_time_cat", "n_gram", "partcA", "partcW", "s", "scA_TW", "scW_TW", "sm", "tcA_TW", "tcW_TW", "user_avg_correct", "vw"], "seed": 888, "split_id": 4, "metrics_train": {"acc": 0.7192179507316058, "auc": 0.7504994061768328, "nll": 0.5472403290553375, "mse": 0.1848174085649916, "rmse": 0.42990395272082765, "f1": 0.8052750766623629}, "metrics_test": {"acc": 0.7178862568332215, "auc": 0.7480477927888985, "nll": 0.5488268341854362, "mse": 0.18546252121941678, "rmse": 0.4306535977086651, "f1": 0.8052750766623629}}