{"time": "2021-12-24T14:30:23.815294", "features": ["i", "icA_TW", "icW_TW", "n_gram", "ppe", "rpfa_F", "rpfa_R", "s", "scA_TW", "scW_TW", "tcA_TW", "tcW_TW", "user_avg_correct"], "seed": 888, "split_id": 3, "metrics_train": {"acc": 0.7173287806892011, "auc": 0.7481511026252092, "nll": 0.5493253753855629, "mse": 0.18571114889276763, "rmse": 0.4309421642085718, "f1": 0.8074706164294178}, "metrics_test": {"acc": 0.7191766368988283, "auc": 0.747909176959778, "nll": 0.5476071003274456, "mse": 0.18492354156785265, "rmse": 0.4300273730448477, "f1": 0.8074706164294178}}