{"time": "2021-05-27T21:38:20.216119", "features": ["i", "icA", "icW", "s", "scA", "scW", "tcA", "tcW"], "seed": 888, "split_id": 2, "metrics_train": {"acc": 0.7129701909190226, "auc": 0.7370852482847899, "nll": 0.5570488338074586, "mse": 0.18874544395829485, "rmse": 0.4344484364781335, "f1": 0.8031079665566825}, "metrics_test": {"acc": 0.7120835286540386, "auc": 0.7347785855706982, "nll": 0.5589754990452188, "mse": 0.18945451538183547, "rmse": 0.43526373083664516, "f1": 0.8031079665566825}}