{"time": "2021-05-28T16:10:05.251604", "features": ["i", "icA_TW", "icW_TW", "lag_time_cat", "n_gram", "partcA", "partcW", "s", "scA_TW", "scW_TW", "sm", "tcA_TW", "tcW_TW", "user_avg_correct", "vw"], "seed": 888, "split_id": 1, "metrics_train": {"acc": 0.7190640517549726, "auc": 0.7500733046860855, "nll": 0.5474000823980473, "mse": 0.1848831570558583, "rmse": 0.4299804147352043, "f1": 0.805727427502951}, "metrics_test": {"acc": 0.7185849312570594, "auc": 0.7497290888891947, "nll": 0.5480648595734393, "mse": 0.1851520061736011, "rmse": 0.43029293065724555, "f1": 0.805727427502951}}