{"time": "2021-05-28T16:09:06.552103", "features": ["i", "icA_TW", "icW_TW", "lag_time_cat", "n_gram", "partcA", "partcW", "s", "scA_TW", "scW_TW", "sm", "tcA_TW", "tcW_TW", "user_avg_correct", "vw"], "seed": 888, "split_id": 3, "metrics_train": {"acc": 0.7189821030451352, "auc": 0.7503813603672629, "nll": 0.5474458660231345, "mse": 0.18491211341169864, "rmse": 0.43001408513175315, "f1": 0.8065178520868583}, "metrics_test": {"acc": 0.7190056335737202, "auc": 0.7485409946664707, "nll": 0.547908157113275, "mse": 0.18504634124100144, "rmse": 0.430170130577428, "f1": 0.8065178520868583}}