{"time": "2021-12-24T13:51:46.636494", "features": ["i", "icA_TW", "icW_TW", "n_gram", "ppe", "rpfa_F", "rpfa_R", "s", "scA_TW", "scW_TW", "tcA_TW", "tcW_TW", "user_avg_correct"], "seed": 888, "split_id": 0, "metrics_train": {"acc": 0.7180643362851221, "auc": 0.7488225673613561, "nll": 0.5483185808219478, "mse": 0.18529899070825917, "rmse": 0.4304636926713555, "f1": 0.8044201727431016}, "metrics_test": {"acc": 0.7162799359447797, "auc": 0.7451974193290581, "nll": 0.5516216524232849, "mse": 0.18656867405283584, "rmse": 0.4319359605923497, "f1": 0.8044201727431016}}