{"time": "2021-06-04T11:38:53.450298", "features": ["i", "icA_TW", "icW_TW", "n_gram", "s", "scA_TW", "scW_TW", "tcA_TW", "tcW_TW", "user_avg_correct"], "seed": 888, "split_id": 4, "metrics_train": {"acc": 0.7171969749546154, "auc": 0.7469734957729445, "nll": 0.5500840410435105, "mse": 0.1859357160327404, "rmse": 0.4312026391764554, "f1": 0.8044194021346525}, "metrics_test": {"acc": 0.7159492830730962, "auc": 0.7447241487948503, "nll": 0.551391272707819, "mse": 0.18649267721025864, "rmse": 0.4318479792823612, "f1": 0.8044194021346525}}