{"time": "2021-06-04T08:03:49.735887", "features": ["i", "icA_TW", "icW_TW", "n_gram", "s", "scA_TW", "scW_TW", "tcA_TW", "tcW_TW", "user_avg_correct"], "seed": 888, "split_id": 3, "metrics_train": {"acc": 0.7169323521784581, "auc": 0.7468817676179115, "nll": 0.5502277094251371, "mse": 0.1860178632637768, "rmse": 0.4312978822852911, "f1": 0.8058229295919435}, "metrics_test": {"acc": 0.7170564607658796, "auc": 0.7452175093108719, "nll": 0.5505723509884268, "mse": 0.18610403107320522, "rmse": 0.4313977643349641, "f1": 0.8058229295919435}}