{"time": "2021-06-04T04:37:01.453453", "features": ["i", "icA_TW", "icW_TW", "n_gram", "s", "scA_TW", "scW_TW", "tcA_TW", "tcW_TW", "user_avg_correct"], "seed": 888, "split_id": 0, "metrics_train": {"acc": 0.717224882504512, "auc": 0.7467375705390255, "nll": 0.5499468413755095, "mse": 0.18588989711990056, "rmse": 0.43114950669100915, "f1": 0.8042544270099206}, "metrics_test": {"acc": 0.7158566940839334, "auc": 0.7440729833960151, "nll": 0.553076563048703, "mse": 0.1869858148710734, "rmse": 0.4324185644385234, "f1": 0.8042544270099206}}