{"time": "2021-06-28T06:10:38.904074", "features": ["i", "icA_TW", "icW_TW", "lag_time_cat", "n_gram", "partcA", "partcW", "prev_resp_time_cat", "s", "scA_TW", "scW_TW", "sm", "tcA_TW", "tcW_TW", "user_avg_correct", "vw"], "seed": 888, "split_id": 0, "metrics_train": {"acc": 0.7195057238267644, "auc": 0.7505413841543802, "nll": 0.5467607890805724, "mse": 0.18465417751504934, "rmse": 0.42971406483270863, "f1": 0.8042925788870668}, "metrics_test": {"acc": 0.7173635422859281, "auc": 0.7492344494374515, "nll": 0.5492062660509494, "mse": 0.1856622936255339, "rmse": 0.4308854762295126, "f1": 0.8042925788870668}}