{"time": "2021-12-14T08:26:41.270918", "features": ["ppe", "s"], "seed": 888, "split_id": 0, "metrics_train": {"acc": 0.6652872884457435, "auc": 0.5997231854051541, "nll": 0.6250094754883952, "mse": 0.21722121305123068, "rmse": 0.46606996583263194, "f1": 0.793651449163748}, "metrics_test": {"acc": 0.6646509084214113, "auc": 0.5982523160164794, "nll": 0.6258634307335732, "mse": 0.21759903596166033, "rmse": 0.4664751182664091, "f1": 0.793651449163748}}