{"time": "2021-12-24T23:30:37.781140", "features": ["i", "icA_TW", "icW_TW", "lag_time_cat", "n_gram", "partcA", "partcW", "ppe", "prev_resp_time_cat", "rpfa_F", "rpfa_R", "s", "scA_TW", "scW_TW", "sm", "tcA_TW", "tcW_TW", "user_avg_correct", "vs", "vw"], "seed": 888, "split_id": 3, "metrics_train": {"acc": 0.7193224473689112, "auc": 0.7515257786124848, "nll": 0.5466111595891913, "mse": 0.18464622430534913, "rmse": 0.4297048106611667, "f1": 0.808112081553161}, "metrics_test": {"acc": 0.7209762120209755, "auc": 0.7509616983797394, "nll": 0.5452030048050674, "mse": 0.18396436740849917, "rmse": 0.4289106753258762, "f1": 0.808112081553161}}