{"time": "2021-05-27T22:19:23.156286", "features": ["i", "icA", "icW", "s", "scA", "scW", "tcA", "tcW"], "seed": 888, "split_id": 4, "metrics_train": {"acc": 0.7127684356547209, "auc": 0.7367093459028555, "nll": 0.5574759138633324, "mse": 0.18889253032483028, "rmse": 0.4346176829408006, "f1": 0.8035792668136461}, "metrics_test": {"acc": 0.712529589694642, "auc": 0.7361795615514254, "nll": 0.5573992665658526, "mse": 0.18892006422881716, "rmse": 0.4346493577917919, "f1": 0.8035792668136461}}