{"time": "2021-05-27T20:24:22.867927", "features": ["i"], "seed": 888, "split_id": 1, "metrics_train": {"acc": 0.6946356637330106, "auc": 0.7047236526598208, "nll": 0.578040256560928, "mse": 0.19756880866913748, "rmse": 0.44448712992519535, "f1": 0.7952883667714211}, "metrics_test": {"acc": 0.693172009697448, "auc": 0.701586817078989, "nll": 0.5803952846333568, "mse": 0.19847285053923344, "rmse": 0.4455029186652243, "f1": 0.7952883667714211}}