{"time": "2021-12-24T22:13:23.368902", "features": ["i", "icA_TW", "icW_TW", "lag_time_cat", "n_gram", "partcA", "partcW", "ppe", "prev_resp_time_cat", "rpfa_F", "rpfa_R", "s", "scA_TW", "scW_TW", "sm", "tcA_TW", "tcW_TW", "user_avg_correct", "vs", "vw"], "seed": 888, "split_id": 2, "metrics_train": {"acc": 0.720269032650774, "auc": 0.7521048996878632, "nll": 0.5453404017856356, "mse": 0.18412313692513452, "rmse": 0.42909572000328144, "f1": 0.803093494677059}, "metrics_test": {"acc": 0.7167210280214362, "auc": 0.7485228058707052, "nll": 0.5503489125796189, "mse": 0.18612378573874244, "rmse": 0.43142065984227324, "f1": 0.803093494677059}}