{"time": "2021-05-27T21:36:05.296027", "features": ["i", "icA", "icW", "s", "scA", "scW", "tcA", "tcW"], "seed": 888, "split_id": 1, "metrics_train": {"acc": 0.71265588741723, "auc": 0.7364642317731035, "nll": 0.557456153183687, "mse": 0.1888996975199019, "rmse": 0.4346259282646422, "f1": 0.803860392828597}, "metrics_test": {"acc": 0.7128446696086044, "auc": 0.7370883935119225, "nll": 0.5573560921678546, "mse": 0.18885138602652116, "rmse": 0.43457034646478254, "f1": 0.803860392828597}}