{"time": "2021-05-27T21:07:16.860632", "features": ["s", "scA", "scW"], "seed": 888, "split_id": 2, "metrics_train": {"acc": 0.6648567720867342, "auc": 0.6201317556313269, "nll": 0.6188019805840811, "mse": 0.2147096586455787, "rmse": 0.46336773587031144, "f1": 0.7931756605440557}, "metrics_test": {"acc": 0.6644890485909557, "auc": 0.6185604014260282, "nll": 0.6195384422538116, "mse": 0.21503865216741405, "rmse": 0.46372260260571085, "f1": 0.7931756605440557}}