{"time": "2021-06-28T13:48:58.164861", "features": ["i", "icA_TW", "icW_TW", "n_gram", "partcA", "partcW", "prev_resp_time_cat", "s", "scA_TW", "scW_TW", "sm", "tcA_TW", "tcW_TW", "user_avg_correct", "vw"], "seed": 888, "split_id": 3, "metrics_train": {"acc": 0.7188447688677391, "auc": 0.7504755229981845, "nll": 0.5475164833749196, "mse": 0.18496017246559784, "rmse": 0.4300699622917158, "f1": 0.8073938680405014}, "metrics_test": {"acc": 0.7198565494209723, "auc": 0.7492642060825573, "nll": 0.5465201714667821, "mse": 0.18452330648111948, "rmse": 0.4295617609624016, "f1": 0.8073938680405014}}