{"time": "2021-07-02T18:46:39.035478", "features": ["i", "s", "scA", "scW", "tcA", "tcW"], "seed": 888, "split_id": 1, "metrics_train": {"acc": 0.707316560312932, "auc": 0.730707917638384, "nll": 0.561440840671662, "mse": 0.19083926141943985, "rmse": 0.43685153246777086, "f1": 0.8002680995688328}, "metrics_test": {"acc": 0.7067244468828731, "auc": 0.7292271052481659, "nll": 0.5630713311206132, "mse": 0.19143928458110318, "rmse": 0.4375377521781443, "f1": 0.8002680995688328}}