{"time": "2021-05-28T00:14:35.129670", "features": ["i", "s", "scA_TW", "scW_TW"], "seed": 888, "split_id": 2, "metrics_train": {"acc": 0.7037462181637024, "auc": 0.72341148766325, "nll": 0.5661361827019, "mse": 0.19277081724093328, "rmse": 0.43905673578813625, "f1": 0.7980912379076913}, "metrics_test": {"acc": 0.702941764055006, "auc": 0.7214295204503866, "nll": 0.5677853303627579, "mse": 0.1933821194370665, "rmse": 0.4397523387511049, "f1": 0.7980912379076913}}