{"time": "2021-06-28T07:46:02.022334", "features": ["i", "icA_TW", "icW_TW", "lag_time_cat", "n_gram", "partcA", "partcW", "prev_resp_time_cat", "s", "scA_TW", "scW_TW", "sm", "tcA_TW", "tcW_TW", "user_avg_correct", "vw"], "seed": 888, "split_id": 1, "metrics_train": {"acc": 0.7192634227162032, "auc": 0.7506795465660385, "nll": 0.5468220903519896, "mse": 0.18470135662168263, "rmse": 0.4297689572568994, "f1": 0.8050428180676774}, "metrics_test": {"acc": 0.7183092808838683, "auc": 0.7487236429509025, "nll": 0.5489805256388679, "mse": 0.18550109921349903, "rmse": 0.43069838543172995, "f1": 0.8050428180676774}}