{"time": "2021-05-28T16:14:58.850335", "features": ["i", "icA_TW", "icW_TW", "lag_time_cat", "n_gram", "partcA", "partcW", "s", "scA_TW", "scW_TW", "sm", "tcA_TW", "tcW_TW", "user_avg_correct", "vw"], "seed": 888, "split_id": 0, "metrics_train": {"acc": 0.7191140249075177, "auc": 0.7500442101603063, "nll": 0.5473420127049705, "mse": 0.18485583755966087, "rmse": 0.42994864525854815, "f1": 0.8051631907239386}, "metrics_test": {"acc": 0.7182215180419835, "auc": 0.7487456946120127, "nll": 0.5492707385412321, "mse": 0.18554975976225221, "rmse": 0.4307548720122063, "f1": 0.8051631907239386}}