{"time": "2021-05-27T20:44:58.256851", "features": ["i"], "seed": 888, "split_id": 2, "metrics_train": {"acc": 0.6944282992664061, "auc": 0.7044334253950633, "nll": 0.5782452601563512, "mse": 0.1976536539747712, "rmse": 0.4445825614829839, "f1": 0.7953320130390515}, "metrics_test": {"acc": 0.6940260727829173, "auc": 0.7026884993473423, "nll": 0.5796274058099973, "mse": 0.19815153335039998, "rmse": 0.4451421495998778, "f1": 0.7953320130390515}}