{"time": "2021-07-02T18:51:22.666359", "features": ["i", "s", "scA", "scW", "tcA", "tcW"], "seed": 888, "split_id": 3, "metrics_train": {"acc": 0.7069655263753055, "auc": 0.7307435557163887, "nll": 0.5619452684208338, "mse": 0.19103338873258985, "rmse": 0.4370736651098872, "f1": 0.8025384599277559}, "metrics_test": {"acc": 0.7081927971111377, "auc": 0.7290543665981271, "nll": 0.561079411392284, "mse": 0.19064346613465794, "rmse": 0.4366273767580979, "f1": 0.8025384599277559}}