{"time": "2021-05-27T20:51:25.962889", "features": ["i"], "seed": 888, "split_id": 3, "metrics_train": {"acc": 0.6941041331631561, "auc": 0.7041482135319879, "nll": 0.5786992723653112, "mse": 0.1978443026775475, "rmse": 0.44479692296321865, "f1": 0.7965886696488321}, "metrics_test": {"acc": 0.695319982374598, "auc": 0.7038301075576451, "nll": 0.5777900041102854, "mse": 0.19737830694634884, "rmse": 0.44427278438629214, "f1": 0.7965886696488321}}