{"time": "2021-12-14T08:26:19.320597", "features": ["ppe", "s"], "seed": 888, "split_id": 3, "metrics_train": {"acc": 0.664398713431695, "auc": 0.5992838896193965, "nll": 0.6257521012180458, "mse": 0.21756420936964366, "rmse": 0.4664377872446053, "f1": 0.7964339810879737}, "metrics_test": {"acc": 0.6681447262378518, "auc": 0.5999513944998865, "nll": 0.6229723375175803, "mse": 0.21626664817432562, "rmse": 0.4650447808268851, "f1": 0.7964339810879737}}