{"time": "2021-07-02T18:32:20.005237", "features": ["i", "s", "scA", "scW", "tcA", "tcW"], "seed": 888, "split_id": 2, "metrics_train": {"acc": 0.7068019478702167, "auc": 0.7300580331914883, "nll": 0.5621441536810547, "mse": 0.1911233232823491, "rmse": 0.437176535603581, "f1": 0.8021752711112757}, "metrics_test": {"acc": 0.7087688049497252, "auc": 0.7316553709193173, "nll": 0.5602728608793404, "mse": 0.19028562040981642, "rmse": 0.4362174003978021, "f1": 0.8021752711112757}}