{"time": "2021-07-02T18:39:24.353322", "features": ["i", "s", "scA", "scW", "tcA", "tcW"], "seed": 888, "split_id": 4, "metrics_train": {"acc": 0.707555196865218, "auc": 0.730939743815628, "nll": 0.5612011256828465, "mse": 0.19073368596860046, "rmse": 0.43673067898717677, "f1": 0.7999198337777923}, "metrics_test": {"acc": 0.7057324955710689, "auc": 0.7283336035144299, "nll": 0.5640079042172826, "mse": 0.19184930266686498, "rmse": 0.4380060532308486, "f1": 0.7999198337777923}}