{"time": "2021-12-24T22:26:03.855244", "features": ["i", "icA_TW", "icW_TW", "lag_time_cat", "n_gram", "partcA", "partcW", "ppe", "prev_resp_time_cat", "rpfa_F", "rpfa_R", "s", "scA_TW", "scW_TW", "sm", "tcA_TW", "tcW_TW", "user_avg_correct", "vs", "vw"], "seed": 888, "split_id": 0, "metrics_train": {"acc": 0.7199635949290676, "auc": 0.7521527942771579, "nll": 0.5456475506352202, "mse": 0.18424805302758432, "rmse": 0.42924125270945745, "f1": 0.805164902312027}, "metrics_test": {"acc": 0.718039428968934, "auc": 0.7483867178785902, "nll": 0.5490740317501468, "mse": 0.1855795157891808, "rmse": 0.4307894100244118, "f1": 0.805164902312027}}