{"time": "2021-12-14T08:31:15.152587", "features": ["rpfa_F", "rpfa_R", "s"], "seed": 888, "split_id": 3, "metrics_train": {"acc": 0.6654463252198647, "auc": 0.6294068144663603, "nll": 0.6157335832698649, "mse": 0.21344995493318042, "rmse": 0.462006444687929, "f1": 0.795207960262047}, "metrics_test": {"acc": 0.668845870742017, "auc": 0.6295264528268478, "nll": 0.6132635255410624, "mse": 0.21230670524498743, "rmse": 0.460767517567143, "f1": 0.795207960262047}}