{"time": "2021-12-14T08:26:31.787119", "features": ["ppe", "s"], "seed": 888, "split_id": 1, "metrics_train": {"acc": 0.666046514747956, "auc": 0.599604617796212, "nll": 0.6245458620329167, "mse": 0.21699544954185318, "rmse": 0.4658277037079838, "f1": 0.7913299665829235}, "metrics_test": {"acc": 0.6615579763896077, "auc": 0.5987342618654639, "nll": 0.6277792537406629, "mse": 0.2185327770092645, "rmse": 0.46747489452297275, "f1": 0.7913299665829235}}