{"time": "2021-05-27T21:14:06.692154", "features": ["s", "scA", "scW"], "seed": 888, "split_id": 3, "metrics_train": {"acc": 0.6644689507692739, "auc": 0.6198519836705387, "nll": 0.6191969065925592, "mse": 0.21488798431789313, "rmse": 0.4635601194213035, "f1": 0.794332451288783}, "metrics_test": {"acc": 0.6658478097524796, "auc": 0.6197482852793507, "nll": 0.6179415017714937, "mse": 0.21432354380099106, "rmse": 0.4629509086296203, "f1": 0.794332451288783}}