{"time": "2021-05-27T22:10:38.700765", "features": ["i", "icA", "icW", "s", "scA", "scW", "tcA", "tcW"], "seed": 888, "split_id": 3, "metrics_train": {"acc": 0.7125583069259273, "auc": 0.7367619366144599, "nll": 0.557509104563264, "mse": 0.18893655776201176, "rmse": 0.43466833075577493, "f1": 0.8045976821329011}, "metrics_test": {"acc": 0.7132643288327055, "auc": 0.735949396784625, "nll": 0.5571226945265298, "mse": 0.18871558885780781, "rmse": 0.4344140753449499, "f1": 0.8045976821329011}}