{"time": "2021-06-28T04:19:45.186837", "features": ["i", "icA_TW", "icW_TW", "lag_time_cat", "n_gram", "partcA", "partcW", "prev_resp_time_cat", "s", "scA_TW", "scW_TW", "sm", "tcA_TW", "tcW_TW", "user_avg_correct", "vw"], "seed": 888, "split_id": 4, "metrics_train": {"acc": 0.7195003926104009, "auc": 0.7509152567351136, "nll": 0.5465952605060621, "mse": 0.18459234170685507, "rmse": 0.4296421088613814, "f1": 0.8045018194326681}, "metrics_test": {"acc": 0.7172621536184893, "auc": 0.747817166586219, "nll": 0.5499889724402895, "mse": 0.1859188554697141, "rmse": 0.4311830881072611, "f1": 0.8045018194326681}}