{"time": "2021-05-27T20:21:33.481820", "features": ["s", "scA", "scW"], "seed": 888, "split_id": 0, "metrics_train": {"acc": 0.6654242746268145, "auc": 0.6197523273551704, "nll": 0.6186932988646849, "mse": 0.21466008612813947, "rmse": 0.4633142412317362, "f1": 0.7928215714654415}, "metrics_test": {"acc": 0.6639431075265745, "auc": 0.6193164154432558, "nll": 0.6201043753239422, "mse": 0.2152693034506815, "rmse": 0.4639712312748297, "f1": 0.7928215714654415}}