{"time": "2021-06-04T07:45:09.976579", "features": ["i", "icA_TW", "icW_TW", "n_gram", "s", "scA_TW", "scW_TW", "tcA_TW", "tcW_TW", "user_avg_correct"], "seed": 888, "split_id": 1, "metrics_train": {"acc": 0.7170236599473467, "auc": 0.7465703289032476, "nll": 0.5501739841497354, "mse": 0.18598865282448598, "rmse": 0.43126401753970384, "f1": 0.8049749846531306}, "metrics_test": {"acc": 0.7166698521235778, "auc": 0.7464040959562597, "nll": 0.5507905093429188, "mse": 0.1862098566080254, "rmse": 0.43152040114926826, "f1": 0.8049749846531306}}