{"time": "2021-12-24T22:54:13.473387", "features": ["i", "icA_TW", "icW_TW", "lag_time_cat", "n_gram", "partcA", "partcW", "ppe", "prev_resp_time_cat", "rpfa_F", "rpfa_R", "s", "scA_TW", "scW_TW", "sm", "tcA_TW", "tcW_TW", "user_avg_correct", "vs", "vw"], "seed": 888, "split_id": 4, "metrics_train": {"acc": 0.7191671512698411, "auc": 0.7512995387318776, "nll": 0.5469225845571862, "mse": 0.18475607736021948, "rmse": 0.42983261551471347, "f1": 0.8084020091691113}, "metrics_test": {"acc": 0.7214316078266733, "auc": 0.7517241225719826, "nll": 0.5439773811979874, "mse": 0.18356655493934482, "rmse": 0.4284466768914713, "f1": 0.8084020091691113}}