{"time": "2021-12-14T08:29:06.383038", "features": ["rpfa_F", "rpfa_R", "s"], "seed": 888, "split_id": 4, "metrics_train": {"acc": 0.6653141456080794, "auc": 0.6289550587197733, "nll": 0.6160465553990164, "mse": 0.21358012585035502, "rmse": 0.4621472988673146, "f1": 0.795564002297324}, "metrics_test": {"acc": 0.6693757992472239, "auc": 0.6313796633186058, "nll": 0.6120382694120776, "mse": 0.21178991022391536, "rmse": 0.46020637786097157, "f1": 0.795564002297324}}