{"time": "2021-06-04T08:40:17.523532", "features": ["i", "icA_TW", "icW_TW", "n_gram", "s", "scA_TW", "scW_TW", "tcA_TW", "tcW_TW", "user_avg_correct"], "seed": 888, "split_id": 2, "metrics_train": {"acc": 0.7171949295071613, "auc": 0.7470710769676739, "nll": 0.5498400042168718, "mse": 0.18585953959979393, "rmse": 0.43111429992496647, "f1": 0.8042808527224753}, "metrics_test": {"acc": 0.7159038051949111, "auc": 0.7444102544427065, "nll": 0.552203383254934, "mse": 0.18675964441930787, "rmse": 0.432156967338614, "f1": 0.8042808527224753}}