{"time": "2021-12-24T13:59:43.797956", "features": ["i", "icA_TW", "icW_TW", "n_gram", "ppe", "rpfa_F", "rpfa_R", "s", "scA_TW", "scW_TW", "tcA_TW", "tcW_TW", "user_avg_correct"], "seed": 888, "split_id": 4, "metrics_train": {"acc": 0.7172907165695728, "auc": 0.7479493538776354, "nll": 0.54961551616422, "mse": 0.1858112623148699, "rmse": 0.43105830500626, "f1": 0.8075184287110602}, "metrics_test": {"acc": 0.7194400313880867, "auc": 0.7485445176831025, "nll": 0.5465128739198784, "mse": 0.18455958178878681, "rmse": 0.4296039825103892, "f1": 0.8075184287110602}}