{"time": "2021-06-28T05:37:46.395511", "features": ["i", "icA_TW", "icW_TW", "lag_time_cat", "n_gram", "partcA", "partcW", "prev_resp_time_cat", "s", "scA_TW", "scW_TW", "sm", "tcA_TW", "tcW_TW", "user_avg_correct", "vw"], "seed": 888, "split_id": 3, "metrics_train": {"acc": 0.7189161127284228, "auc": 0.75054329960982, "nll": 0.5474355011268477, "mse": 0.18493607923532637, "rmse": 0.4300419505528808, "f1": 0.8073902917010168}, "metrics_test": {"acc": 0.7198892447096396, "auc": 0.7493047540105614, "nll": 0.5464677724191513, "mse": 0.18450849047072676, "rmse": 0.4295445151212232, "f1": 0.8073902917010168}}