{"time": "2021-05-27T20:48:38.701618", "features": ["i", "icA", "icW", "s", "scA", "scW", "tcA", "tcW"], "seed": 888, "split_id": 0, "metrics_train": {"acc": 0.713677338385878, "auc": 0.737464388792821, "nll": 0.5565746513451416, "mse": 0.18849283925085422, "rmse": 0.43415762028421684, "f1": 0.8028122241422824}, "metrics_test": {"acc": 0.7113583139898177, "auc": 0.7320236885652863, "nll": 0.5617530322284208, "mse": 0.190339708707122, "rmse": 0.4362793929434692, "f1": 0.8028122241422824}}