{"time": "2021-07-02T18:27:41.566687", "features": ["i", "s", "scA", "scW", "tcA", "tcW"], "seed": 888, "split_id": 0, "metrics_train": {"acc": 0.7077153019382906, "auc": 0.7307544215150218, "nll": 0.5612005266324437, "mse": 0.19072364738909722, "rmse": 0.43671918596404397, "f1": 0.799353302185539}, "metrics_test": {"acc": 0.7049556988126247, "auc": 0.7288558094309693, "nll": 0.5640127791639565, "mse": 0.19190410750595244, "rmse": 0.43806861050062973, "f1": 0.799353302185539}}