{"time": "2021-06-28T13:41:59.779155", "features": ["i", "icA_TW", "icW_TW", "n_gram", "partcA", "partcW", "prev_resp_time_cat", "s", "scA_TW", "scW_TW", "sm", "tcA_TW", "tcW_TW", "user_avg_correct", "vw"], "seed": 888, "split_id": 0, "metrics_train": {"acc": 0.7194428979550404, "auc": 0.750486026678073, "nll": 0.5468007870645086, "mse": 0.184671935812486, "rmse": 0.4297347272591383, "f1": 0.8042702925323859}, "metrics_test": {"acc": 0.7173290272900551, "auc": 0.7491863367769843, "nll": 0.549238075649774, "mse": 0.18567736782785965, "rmse": 0.43090296799611355, "f1": 0.8042702925323859}}