{"time": "2021-12-14T08:32:20.743087", "features": ["rpfa_F", "rpfa_R", "s"], "seed": 888, "split_id": 0, "metrics_train": {"acc": 0.6664451835677463, "auc": 0.6299005568706372, "nll": 0.614953911371058, "mse": 0.21309594704757664, "rmse": 0.46162316563142347, "f1": 0.792100062423624}, "metrics_test": {"acc": 0.6650170159905265, "auc": 0.6276150840869645, "nll": 0.6163235466545931, "mse": 0.21369894521408678, "rmse": 0.4622758323924005, "f1": 0.792100062423624}}