{"time": "2021-05-28T00:46:00.279011", "features": ["i", "s", "scA_TW", "scW_TW"], "seed": 888, "split_id": 3, "metrics_train": {"acc": 0.7033926566173792, "auc": 0.7231988892736879, "nll": 0.566540531175558, "mse": 0.19293873782460058, "rmse": 0.4392479229599163, "f1": 0.7994221147095306}, "metrics_test": {"acc": 0.7041900387346127, "auc": 0.7223246013762472, "nll": 0.5661519374864639, "mse": 0.19270744609149992, "rmse": 0.4389845624751512, "f1": 0.7994221147095306}}