{"time": "2021-06-28T06:20:11.083575", "features": ["i", "icA_TW", "icW_TW", "lag_time_cat", "n_gram", "partcA", "partcW", "prev_resp_time_cat", "s", "scA_TW", "scW_TW", "sm", "tcA_TW", "tcW_TW", "user_avg_correct", "vw"], "seed": 888, "split_id": 2, "metrics_train": {"acc": 0.7189891225255145, "auc": 0.7502926092266813, "nll": 0.5473989067604177, "mse": 0.1849116966436515, "rmse": 0.43001360053334536, "f1": 0.8065198171269787}, "metrics_test": {"acc": 0.7192946677971505, "auc": 0.7495079155129747, "nll": 0.5473273386794131, "mse": 0.18482282767361158, "rmse": 0.429910255371527, "f1": 0.8065198171269787}}