{"time": "2021-12-24T14:00:26.594545", "features": ["i", "icA_TW", "icW_TW", "n_gram", "ppe", "rpfa_F", "rpfa_R", "s", "scA_TW", "scW_TW", "tcA_TW", "tcW_TW", "user_avg_correct"], "seed": 888, "split_id": 2, "metrics_train": {"acc": 0.7183626906091051, "auc": 0.7487432510251849, "nll": 0.5480501851186594, "mse": 0.18518190169010296, "rmse": 0.43032766781849263, "f1": 0.8024800440612639}, "metrics_test": {"acc": 0.7149824279956724, "auc": 0.7454048255813911, "nll": 0.5528370191125053, "mse": 0.18709696988005017, "rmse": 0.4325470724442025, "f1": 0.8024800440612639}}