{"time": "2021-05-27T20:41:49.433709", "features": ["s", "scA", "scW"], "seed": 888, "split_id": 1, "metrics_train": {"acc": 0.6648230715598428, "auc": 0.619248873211875, "nll": 0.6190767298591093, "mse": 0.21482570120334615, "rmse": 0.4634929354406021, "f1": 0.7938275007881818}, "metrics_test": {"acc": 0.6650405714036508, "auc": 0.6218309607927458, "nll": 0.6184510663116487, "mse": 0.21456529952977804, "rmse": 0.4632119380259732, "f1": 0.7938275007881818}}