{"time": "2021-05-28T00:44:07.931265", "features": ["i", "s", "scA_TW", "scW_TW"], "seed": 888, "split_id": 4, "metrics_train": {"acc": 0.7035653960582512, "auc": 0.723161408667819, "nll": 0.5664727442125205, "mse": 0.19289090349410076, "rmse": 0.4391934693208686, "f1": 0.798546143402376}, "metrics_test": {"acc": 0.7034216723676779, "auc": 0.7225257430195211, "nll": 0.5664363197294061, "mse": 0.192904883704033, "rmse": 0.43920938480869576, "f1": 0.798546143402376}}