{"time": "2021-06-28T14:03:31.344052", "features": ["i", "icA_TW", "icW_TW", "n_gram", "partcA", "partcW", "prev_resp_time_cat", "s", "scA_TW", "scW_TW", "sm", "tcA_TW", "tcW_TW", "user_avg_correct", "vw"], "seed": 888, "split_id": 1, "metrics_train": {"acc": 0.7192268861445864, "auc": 0.7506105611849038, "nll": 0.5468932162544246, "mse": 0.18472491725236617, "rmse": 0.4297963671930769, "f1": 0.804959489991676}, "metrics_test": {"acc": 0.7181663408444776, "auc": 0.7486942074780052, "nll": 0.5490133515603512, "mse": 0.1855109129599232, "rmse": 0.43070977811041533, "f1": 0.804959489991676}}