{"time": "2021-12-14T08:28:18.734173", "features": ["ppe", "s"], "seed": 888, "split_id": 2, "metrics_train": {"acc": 0.6658990183089599, "auc": 0.5995511331015863, "nll": 0.6246289502853958, "mse": 0.21704170251544216, "rmse": 0.46587734707264117, "f1": 0.7921445169878176}, "metrics_test": {"acc": 0.662024763444328, "auc": 0.5989521027494853, "nll": 0.6274593471504603, "mse": 0.2183515137591059, "rmse": 0.46728097945358943, "f1": 0.7921445169878176}}