{"time": "2021-05-27T23:03:46.393366", "features": ["i", "s", "scA_TW", "scW_TW"], "seed": 888, "split_id": 0, "metrics_train": {"acc": 0.7040189240433976, "auc": 0.7234926592430782, "nll": 0.5658861724728994, "mse": 0.19265356483029403, "rmse": 0.4389231878475937, "f1": 0.7978566406465594}, "metrics_test": {"acc": 0.7021895023263776, "auc": 0.7202403341377672, "nll": 0.569233803081022, "mse": 0.19391613574272973, "rmse": 0.4403590986260301, "f1": 0.7978566406465594}}