{"time": "2021-05-27T21:37:29.907310", "features": ["s", "scA", "scW"], "seed": 888, "split_id": 4, "metrics_train": {"acc": 0.6647611851590559, "auc": 0.6202563421624729, "nll": 0.6188732994048074, "mse": 0.21474636289745197, "rmse": 0.4634073401419662, "f1": 0.7934145901924321}, "metrics_test": {"acc": 0.6645932948800504, "auc": 0.6181394715380288, "nll": 0.6192657389221964, "mse": 0.214911616848631, "rmse": 0.4635856089749023, "f1": 0.7934145901924321}}