{"time": "2021-06-28T13:35:51.476585", "features": ["i", "icA_TW", "icW_TW", "n_gram", "partcA", "partcW", "prev_resp_time_cat", "s", "scA_TW", "scW_TW", "sm", "tcA_TW", "tcW_TW", "user_avg_correct", "vw"], "seed": 888, "split_id": 4, "metrics_train": {"acc": 0.7194758684794784, "auc": 0.7508538644992915, "nll": 0.5466500354506912, "mse": 0.18461271516072839, "rmse": 0.42966581800362985, "f1": 0.8044836262297251}, "metrics_test": {"acc": 0.7172164356203361, "auc": 0.7477690572358348, "nll": 0.5500273350313152, "mse": 0.1859326976868121, "rmse": 0.431199139246372, "f1": 0.8044836262297251}}