{"time": "2021-12-24T22:07:06.616329", "features": ["i", "icA_TW", "icW_TW", "lag_time_cat", "n_gram", "partcA", "partcW", "ppe", "prev_resp_time_cat", "rpfa_F", "rpfa_R", "s", "scA_TW", "scW_TW", "sm", "tcA_TW", "tcW_TW", "user_avg_correct", "vs", "vw"], "seed": 888, "split_id": 1, "metrics_train": {"acc": 0.7200659183154009, "auc": 0.7514768570112494, "nll": 0.5458358345610154, "mse": 0.18429864797952467, "rmse": 0.4293001839966117, "f1": 0.8036066317399604}, "metrics_test": {"acc": 0.7174938244564623, "auc": 0.7501703397045576, "nll": 0.5492009648017322, "mse": 0.18565390152501132, "rmse": 0.43087573791641054, "f1": 0.8036066317399604}}