{"time": "2021-05-28T16:42:41.200495", "features": ["i", "icA_TW", "icW_TW", "lag_time_cat", "n_gram", "partcA", "partcW", "s", "scA_TW", "scW_TW", "sm", "tcA_TW", "tcW_TW", "user_avg_correct", "vw"], "seed": 888, "split_id": 2, "metrics_train": {"acc": 0.7192382954346282, "auc": 0.7505294528209281, "nll": 0.5470524763559642, "mse": 0.18476129070347802, "rmse": 0.4298386798596399, "f1": 0.8050540973376139}, "metrics_test": {"acc": 0.7178895027323742, "auc": 0.7479378908500048, "nll": 0.5494364278769792, "mse": 0.18566080898118023, "rmse": 0.43088375344306057, "f1": 0.8050540973376139}}