{"time": "2021-12-14T08:31:21.436426", "features": ["rpfa_F", "rpfa_R", "s"], "seed": 888, "split_id": 1, "metrics_train": {"acc": 0.6666764803763694, "auc": 0.6291874980685053, "nll": 0.6148062551260957, "mse": 0.21301846707424948, "rmse": 0.4615392367656833, "f1": 0.7907049030446629}, "metrics_test": {"acc": 0.6640175318723237, "auc": 0.6303096432761812, "nll": 0.6171002437451771, "mse": 0.21406194839434897, "rmse": 0.46266829196990467, "f1": 0.7907049030446629}}