{"time": "2021-12-14T08:29:17.792462", "features": ["rpfa_F", "rpfa_R", "s"], "seed": 888, "split_id": 2, "metrics_train": {"acc": 0.6668716736714858, "auc": 0.6300116029405016, "nll": 0.6145126312409916, "mse": 0.21289343036008326, "rmse": 0.46140376066963656, "f1": 0.790499661763543}, "metrics_test": {"acc": 0.6627515628184936, "auc": 0.6271458764986848, "nll": 0.618173434957921, "mse": 0.2145446476326061, "rmse": 0.46318964542896046, "f1": 0.790499661763543}}