{"time": "2021-06-28T14:44:22.891204", "features": ["i", "icA_TW", "icW_TW", "n_gram", "partcA", "partcW", "prev_resp_time_cat", "s", "scA_TW", "scW_TW", "sm", "tcA_TW", "tcW_TW", "user_avg_correct", "vw"], "seed": 888, "split_id": 2, "metrics_train": {"acc": 0.7189468813552997, "auc": 0.750241939626767, "nll": 0.5474365366805107, "mse": 0.18492693374711566, "rmse": 0.430031317170175, "f1": 0.8065126293926678}, "metrics_test": {"acc": 0.7192589108931893, "auc": 0.7493664702537939, "nll": 0.547448154858858, "mse": 0.18486930831028373, "rmse": 0.42996431050760914, "f1": 0.8065126293926678}}