{"time": "2021-12-14T08:26:06.773041", "features": ["ppe", "s"], "seed": 888, "split_id": 4, "metrics_train": {"acc": 0.6642030601014873, "auc": 0.5991256799526233, "nll": 0.6259272468348942, "mse": 0.2176473145962734, "rmse": 0.46652686374556546, "f1": 0.7970371284194927}, "metrics_test": {"acc": 0.6690740806793112, "auc": 0.6006056614990308, "nll": 0.6222829676823698, "mse": 0.2159395644164497, "rmse": 0.464692978660588, "f1": 0.7970371284194927}}