{"time": "2021-05-28T00:02:24.340478", "features": ["i", "s", "scA_TW", "scW_TW"], "seed": 888, "split_id": 1, "metrics_train": {"acc": 0.7038444544172842, "auc": 0.7233443102321143, "nll": 0.5661467027890984, "mse": 0.19275555549358409, "rmse": 0.4390393552901426, "f1": 0.7986006782329753}, "metrics_test": {"acc": 0.7028937510116143, "auc": 0.721471751750721, "nll": 0.5677519674973663, "mse": 0.19337928568856635, "rmse": 0.4397491167570054, "f1": 0.7986006782329753}}