{"time": "2021-12-24T13:40:06.826784", "features": ["i", "icA_TW", "icW_TW", "n_gram", "ppe", "rpfa_F", "rpfa_R", "s", "scA_TW", "scW_TW", "tcA_TW", "tcW_TW", "user_avg_correct"], "seed": 888, "split_id": 1, "metrics_train": {"acc": 0.7183405190806467, "auc": 0.7483796114523822, "nll": 0.5483013151590768, "mse": 0.18526074406099047, "rmse": 0.4304192654389328, "f1": 0.8024102189432789}, "metrics_test": {"acc": 0.7148648965625016, "auc": 0.745206043206376, "nll": 0.5532380318649258, "mse": 0.18718237862596135, "rmse": 0.4326457888688637, "f1": 0.8024102189432789}}