{"time": "2021-05-27T21:16:48.992095", "features": ["i"], "seed": 888, "split_id": 4, "metrics_train": {"acc": 0.6941185214218886, "auc": 0.7038181359667985, "nll": 0.5787774104887522, "mse": 0.19785680052794735, "rmse": 0.44481097168117084, "f1": 0.796493395641707}, "metrics_test": {"acc": 0.6951957753146973, "auc": 0.705190509098457, "nll": 0.5774790725437223, "mse": 0.19732795057234073, "rmse": 0.44421610796136235, "f1": 0.796493395641707}}