{"time": "2021-05-28T01:23:03.592111", "features": ["i"], "seed": 888, "split_id": 3, "metrics_train": {"acc": 0.6729042512126957, "auc": 0.6874767813319491, "nll": 0.6002582906161186, "mse": 0.20702431679695732, "rmse": 0.45499924922680623, "f1": 0.7760330621510863}, "metrics_test": {"acc": 0.673837972418806, "auc": 0.6860027422403998, "nll": 0.5997982940721514, "mse": 0.20675161004367162, "rmse": 0.45469947222717516, "f1": 0.7760330621510863}}