{"time": "2021-12-14T08:42:59.502324", "features": ["ppe", "s"], "seed": 888, "split_id": 1, "metrics_train": {"acc": 0.6431837861743791, "auc": 0.5795276150229703, "nll": 0.6426405944479618, "mse": 0.22545021899060405, "rmse": 0.47481598434615074, "f1": 0.7805482029940657}, "metrics_test": {"acc": 0.6436154192320552, "auc": 0.5801082355160924, "nll": 0.6422951606933572, "mse": 0.22528688363333382, "rmse": 0.47464395459474024, "f1": 0.7805482029940657}}