{"time": "2021-12-14T08:41:41.018500", "features": ["ppe", "s"], "seed": 888, "split_id": 0, "metrics_train": {"acc": 0.6436568387406608, "auc": 0.580215387279326, "nll": 0.6422258663889348, "mse": 0.22525579237080903, "rmse": 0.4746112012698489, "f1": 0.7791769144116437}, "metrics_test": {"acc": 0.6416701916745127, "auc": 0.5774462038742909, "nll": 0.6439568743978699, "mse": 0.2260666644342593, "rmse": 0.47546468263611263, "f1": 0.7791769144116437}}