{"time": "2021-07-02T12:25:13.069409", "features": ["i", "s", "scA", "scW", "tcA", "tcW"], "seed": 888, "split_id": 4, "metrics_train": {"acc": 0.7352756711631838, "auc": 0.7917005492749941, "nll": 0.5291966477092479, "mse": 0.17671985958908842, "rmse": 0.4203806127654895, "f1": 0.8074316539838005}, "metrics_test": {"acc": 0.7345657126732562, "auc": 0.7909272732030367, "nll": 0.5305462429090815, "mse": 0.17719908493161077, "rmse": 0.4209502166903003, "f1": 0.8074316539838005}}