{"time": "2021-05-28T23:41:02.500879", "features": ["bundle", "i", "icA_TW", "icW_TW", "n_gram", "precA", "precW", "s", "scA_TW", "scW_TW", "sm", "tcA_TW", "tcW_TW", "tea", "user_avg_correct"], "seed": 888, "split_id": 2, "metrics_train": {"acc": 0.751479504646272, "auc": 0.8125707218253224, "nll": 0.5043030142979803, "mse": 0.16755494217687267, "rmse": 0.4093347556424603, "f1": 0.8147219247541825}, "metrics_test": {"acc": 0.7501712501271909, "auc": 0.8101417447407046, "nll": 0.5070513071502927, "mse": 0.1685439271861097, "rmse": 0.4105410176658475, "f1": 0.8147219247541825}}