{"time": "2021-06-04T03:20:07.762047", "features": ["i", "icA_TW", "icW_TW", "n_gram", "s", "scA_TW", "scW_TW", "tcA_TW", "tcW_TW", "user_avg_correct"], "seed": 888, "split_id": 1, "metrics_train": {"acc": 0.7463559574232069, "auc": 0.8053770046726405, "nll": 0.511881698406411, "mse": 0.17048004110983245, "rmse": 0.4128922875397801, "f1": 0.8114294902251737}, "metrics_test": {"acc": 0.7446652906378924, "auc": 0.802888922973532, "nll": 0.5142193236146925, "mse": 0.17137981317079362, "rmse": 0.4139804502277778, "f1": 0.8114294902251737}}