{"time": "2021-06-04T07:11:21.392079", "features": ["i", "icA_TW", "icW_TW", "n_gram", "s", "scA_TW", "scW_TW", "tcA_TW", "tcW_TW", "user_avg_correct"], "seed": 888, "split_id": 4, "metrics_train": {"acc": 0.7462283711359244, "auc": 0.8051069932069091, "nll": 0.5120214190743402, "mse": 0.17052834822938018, "rmse": 0.4129507818486123, "f1": 0.8112102110157366}, "metrics_test": {"acc": 0.7453383108941894, "auc": 0.8040488262742564, "nll": 0.5136780721265013, "mse": 0.17116845516248166, "rmse": 0.41372509612359953, "f1": 0.8112102110157366}}