{"time": "2021-05-28T03:24:29.612511", "features": ["i", "s", "scA_TW", "scW_TW"], "seed": 888, "split_id": 4, "metrics_train": {"acc": 0.7175851332499867, "auc": 0.7635047401671574, "nll": 0.552626388999263, "mse": 0.1862722810637624, "rmse": 0.4315927259161841, "f1": 0.7979410346204431}, "metrics_test": {"acc": 0.7161845523574858, "auc": 0.7613862317862874, "nll": 0.5549597583333933, "mse": 0.18718287419002216, "rmse": 0.4326463615818607, "f1": 0.7979410346204431}}