{"time": "2021-05-28T23:37:43.630073", "features": ["bundle", "i", "icA_TW", "icW_TW", "n_gram", "precA", "precW", "s", "scA_TW", "scW_TW", "sm", "tcA_TW", "tcW_TW", "tea", "user_avg_correct"], "seed": 888, "split_id": 4, "metrics_train": {"acc": 0.7517518353416689, "auc": 0.8127118795847343, "nll": 0.5040631190676593, "mse": 0.1674514884615547, "rmse": 0.4092083680248422, "f1": 0.8134914996113313}, "metrics_test": {"acc": 0.7490182115506918, "auc": 0.8095728145567098, "nll": 0.5080035422957953, "mse": 0.16895199574195008, "rmse": 0.41103770598565537, "f1": 0.8134914996113313}}