{"time": "2021-12-14T08:45:50.667026", "features": ["rpfa_F", "rpfa_R", "s"], "seed": 888, "split_id": 0, "metrics_train": {"acc": 0.6894181185491934, "auc": 0.7105415371496265, "nll": 0.5886152431042379, "mse": 0.20145594832282399, "rmse": 0.4488384434546845, "f1": 0.7837193790812383}, "metrics_test": {"acc": 0.6872458898913893, "auc": 0.7087410842630543, "nll": 0.5907729567140032, "mse": 0.2024125167863238, "rmse": 0.44990278592860905, "f1": 0.7837193790812383}}