{"time": "2021-05-28T01:46:08.376223", "features": ["i", "icA", "icW", "s", "scA", "scW", "tcA", "tcW"], "seed": 888, "split_id": 2, "metrics_train": {"acc": 0.7351120986514498, "auc": 0.7917315420104974, "nll": 0.5292699424749024, "mse": 0.17676251457541467, "rmse": 0.42043134347407385, "f1": 0.8084163315884805}, "metrics_test": {"acc": 0.7350232200780643, "auc": 0.7908847101005404, "nll": 0.5302433834157503, "mse": 0.17705167001507768, "rmse": 0.420775082455078, "f1": 0.8084163315884805}}