{"time": "2021-05-28T01:38:11.424825", "features": ["s", "scA", "scW"], "seed": 888, "split_id": 3, "metrics_train": {"acc": 0.6841892122744053, "auc": 0.7031341778105488, "nll": 0.5972709609499711, "mse": 0.2046866633457306, "rmse": 0.4524231021353028, "f1": 0.7855950793131147}, "metrics_test": {"acc": 0.6852322691332127, "auc": 0.7018028165176129, "nll": 0.5964350667233392, "mse": 0.20431687073403987, "rmse": 0.4520142373134278, "f1": 0.7855950793131147}}