{"time": "2021-12-24T15:26:31.840884", "features": ["i", "icA_TW", "icW_TW", "n_gram", "ppe", "rpfa_F", "rpfa_R", "s", "scA_TW", "scW_TW", "tcA_TW", "tcW_TW", "user_avg_correct"], "seed": 888, "split_id": 4, "metrics_train": {"acc": 0.7466577601660439, "auc": 0.805669424285731, "nll": 0.5112208716683204, "mse": 0.1702623885313441, "rmse": 0.41262863270905487, "f1": 0.81129598716789}, "metrics_test": {"acc": 0.7457750242667399, "auc": 0.8045788312584017, "nll": 0.5129311533025211, "mse": 0.17091854892043543, "rmse": 0.413422966126019, "f1": 0.81129598716789}}