{"time": "2021-06-04T02:49:09.593930", "features": ["i", "icA_TW", "icW_TW", "n_gram", "s", "scA_TW", "scW_TW", "tcA_TW", "tcW_TW", "user_avg_correct"], "seed": 888, "split_id": 2, "metrics_train": {"acc": 0.7460736368222413, "auc": 0.8050172297081913, "nll": 0.5122025258226521, "mse": 0.17061125315383974, "rmse": 0.41305115077171706, "f1": 0.8121069070906926}, "metrics_test": {"acc": 0.7457448793497722, "auc": 0.8044342388936211, "nll": 0.5129495765347784, "mse": 0.1708601494180719, "rmse": 0.4133523308487227, "f1": 0.8121069070906926}}