{"time": "2021-07-02T12:24:53.931520", "features": ["i", "s", "scA", "scW", "tcA", "tcW"], "seed": 888, "split_id": 0, "metrics_train": {"acc": 0.7355120729969532, "auc": 0.7921230189831292, "nll": 0.5287548209564978, "mse": 0.1765402139365307, "rmse": 0.4201668881962627, "f1": 0.8065723789106326}, "metrics_test": {"acc": 0.7331167285501378, "auc": 0.789283333645348, "nll": 0.5323107863755141, "mse": 0.17795754406872158, "rmse": 0.42185014408996185, "f1": 0.8065723789106326}}