{"time": "2021-05-28T02:53:21.137244", "features": ["i", "s", "scA_TW", "scW_TW"], "seed": 888, "split_id": 2, "metrics_train": {"acc": 0.7173964069568846, "auc": 0.7633859136475637, "nll": 0.5528271714025044, "mse": 0.18636222699239688, "rmse": 0.43169691566236246, "f1": 0.7989365773023945}, "metrics_test": {"acc": 0.7170256081115371, "auc": 0.7619567794908607, "nll": 0.5541419929370108, "mse": 0.18680179483258275, "rmse": 0.43220573206817, "f1": 0.7989365773023945}}