{"time": "2021-05-28T01:04:16.050329", "features": ["s", "scA", "scW"], "seed": 888, "split_id": 1, "metrics_train": {"acc": 0.684361339589762, "auc": 0.7029728006073198, "nll": 0.5971134734411259, "mse": 0.20461785872180038, "rmse": 0.4523470556130551, "f1": 0.7847111010477347}, "metrics_test": {"acc": 0.6844668810321725, "auc": 0.7025753201218007, "nll": 0.5970663388323447, "mse": 0.2045902958742134, "rmse": 0.45231658810418773, "f1": 0.7847111010477347}}