{"time": "2021-05-28T02:30:42.668179", "features": ["i", "s", "scA_TW", "scW_TW"], "seed": 888, "split_id": 1, "metrics_train": {"acc": 0.7175855257519573, "auc": 0.7636528090556554, "nll": 0.5526944682986882, "mse": 0.1862974611024331, "rmse": 0.4316218959951326, "f1": 0.7984401323102057}, "metrics_test": {"acc": 0.716205127173719, "auc": 0.7608378803660139, "nll": 0.5547056616211457, "mse": 0.1870720559721805, "rmse": 0.4325182724142189, "f1": 0.7984401323102057}}