{"time": "2021-06-04T03:17:02.997745", "features": ["i", "icA_TW", "icW_TW", "n_gram", "s", "scA_TW", "scW_TW", "tcA_TW", "tcW_TW", "user_avg_correct"], "seed": 888, "split_id": 0, "metrics_train": {"acc": 0.7465579795148757, "auc": 0.8054783931284782, "nll": 0.5115699263702158, "mse": 0.170354954297283, "rmse": 0.4127407834189432, "f1": 0.8103472609321812}, "metrics_test": {"acc": 0.7439737527157722, "auc": 0.8024830322340977, "nll": 0.5154873405280542, "mse": 0.17188587306840472, "rmse": 0.41459121200093557, "f1": 0.8103472609321812}}