{"time": "2021-12-24T23:08:28.965311", "features": ["bundle", "i", "icA_TW", "icW_TW", "n_gram", "ppe", "precA", "precW", "rpfa_F", "rpfa_R", "s", "scA_TW", "scW_TW", "sm", "tcA_TW", "tcW_TW", "tea", "user_avg_correct"], "seed": 888, "split_id": 4, "metrics_train": {"acc": 0.7521199821937263, "auc": 0.8132275770972653, "nll": 0.5033322160086675, "mse": 0.16720426634208518, "rmse": 0.40890618281224994, "f1": 0.81363872992552}, "metrics_test": {"acc": 0.7494830675571466, "auc": 0.8100458579503356, "nll": 0.507345097082648, "mse": 0.1687266570320066, "rmse": 0.41076350499041003, "f1": 0.81363872992552}}