{"time": "2021-05-29T00:58:50.464759", "features": ["bundle", "i", "icA_TW", "icW_TW", "n_gram", "precA", "precW", "s", "scA_TW", "scW_TW", "sm", "tcA_TW", "tcW_TW", "tea", "user_avg_correct"], "seed": 888, "split_id": 3, "metrics_train": {"acc": 0.7515735690291682, "auc": 0.8128143518123044, "nll": 0.5042610852497613, "mse": 0.1675358478160375, "rmse": 0.4093114313283194, "f1": 0.8151917134074647}, "metrics_test": {"acc": 0.7496674400931244, "auc": 0.8091179874204764, "nll": 0.5070616660835836, "mse": 0.16858357397352497, "rmse": 0.41058930085125817, "f1": 0.8151917134074647}}