{"time": "2021-12-24T15:03:14.564715", "features": ["i", "icA_TW", "icW_TW", "n_gram", "ppe", "rpfa_F", "rpfa_R", "s", "scA_TW", "scW_TW", "tcA_TW", "tcW_TW", "user_avg_correct"], "seed": 888, "split_id": 0, "metrics_train": {"acc": 0.7469547705461388, "auc": 0.8060322245317376, "nll": 0.5107919569379827, "mse": 0.1700941724706585, "rmse": 0.4124247476457475, "f1": 0.8104404011329768}, "metrics_test": {"acc": 0.7443894256839905, "auc": 0.8030288500613324, "nll": 0.5147188576072879, "mse": 0.17163208515940098, "rmse": 0.4142850288863948, "f1": 0.8104404011329768}}