{"time": "2021-05-28T02:52:05.996919", "features": ["i", "s", "scA_TW", "scW_TW"], "seed": 888, "split_id": 0, "metrics_train": {"acc": 0.7177392988450547, "auc": 0.7636479901154898, "nll": 0.5524466422079147, "mse": 0.18619591715101286, "rmse": 0.43150424928500164, "f1": 0.7973417275999544}, "metrics_test": {"acc": 0.7154062805279577, "auc": 0.7609070957037062, "nll": 0.5556775100307156, "mse": 0.18749058307107055, "rmse": 0.43300182802278164, "f1": 0.7973417275999544}}