{"time": "2021-12-14T08:45:45.433797", "features": ["rpfa_F", "rpfa_R", "s"], "seed": 888, "split_id": 4, "metrics_train": {"acc": 0.6889845315250892, "auc": 0.7099471003012281, "nll": 0.5890540940116806, "mse": 0.20165337520581597, "rmse": 0.44905832049502875, "f1": 0.7851243172479303}, "metrics_test": {"acc": 0.6891927511610721, "auc": 0.7111012362267873, "nll": 0.589014693258813, "mse": 0.20162336593293784, "rmse": 0.4490249056933678, "f1": 0.7851243172479303}}