{"time": "2021-12-14T08:45:42.239057", "features": ["rpfa_F", "rpfa_R", "s"], "seed": 888, "split_id": 3, "metrics_train": {"acc": 0.688812913785475, "auc": 0.7103834080630579, "nll": 0.589206426912792, "mse": 0.20171664153668697, "rmse": 0.44912875830510673, "f1": 0.7865469982666773}, "metrics_test": {"acc": 0.6896634546780261, "auc": 0.7092753088792957, "nll": 0.5884050063642019, "mse": 0.20136022419791, "rmse": 0.4487317953944316, "f1": 0.7865469982666773}}