{"time": "2021-07-02T12:21:42.168395", "features": ["i", "s", "scA", "scW", "tcA", "tcW"], "seed": 888, "split_id": 1, "metrics_train": {"acc": 0.7353224087784066, "auc": 0.7920511164417264, "nll": 0.529063732112477, "mse": 0.17666762332570604, "rmse": 0.42031847844902803, "f1": 0.8078799340166672}, "metrics_test": {"acc": 0.7340479129531907, "auc": 0.7895595724187847, "nll": 0.531057046761469, "mse": 0.1774313096559515, "rmse": 0.42122596033002463, "f1": 0.8078799340166672}}