{"time": "2021-05-29T01:08:25.598841", "features": ["bundle", "i", "icA_TW", "icW_TW", "n_gram", "precA", "precW", "s", "scA_TW", "scW_TW", "sm", "tcA_TW", "tcW_TW", "tea", "user_avg_correct"], "seed": 888, "split_id": 1, "metrics_train": {"acc": 0.7517434212621498, "auc": 0.8129503493695848, "nll": 0.503941420025554, "mse": 0.16741259018531035, "rmse": 0.40916083657323604, "f1": 0.8141698407990379}, "metrics_test": {"acc": 0.7490845050947423, "auc": 0.8086195982160589, "nll": 0.5083628598296258, "mse": 0.16907939439633862, "rmse": 0.4111926487625218, "f1": 0.8141698407990379}}