{"time": "2021-05-29T01:13:18.227727", "features": ["bundle", "i", "icA_TW", "icW_TW", "n_gram", "precA", "precW", "s", "scA_TW", "scW_TW", "sm", "tcA_TW", "tcW_TW", "tea", "user_avg_correct"], "seed": 888, "split_id": 0, "metrics_train": {"acc": 0.7519739881435061, "auc": 0.8130673098430261, "nll": 0.5036203975214737, "mse": 0.16728597894792716, "rmse": 0.4090060866881166, "f1": 0.8127501280636901}, "metrics_test": {"acc": 0.7481125414978074, "auc": 0.8081363254654123, "nll": 0.5096705798874227, "mse": 0.16958677598030492, "rmse": 0.41180914994728435, "f1": 0.8127501280636901}}