{"time": "2021-12-27T19:59:01.786553", "features": ["bundle", "i", "icA_TW", "icW_TW", "n_gram", "ppe", "precA", "precW", "rpfa_F", "rpfa_R", "s", "scA_TW", "scW_TW", "sm", "tcA_TW", "tcW_TW", "tea", "user_avg_correct"], "seed": 888, "split_id": 1, "metrics_train": {"acc": 0.7521330238794621, "auc": 0.813419966765817, "nll": 0.5032664802424678, "mse": 0.16718426869761333, "rmse": 0.40888172947395596, "f1": 0.8142214432460148}, "metrics_test": {"acc": 0.749402282263559, "auc": 0.8091125687238038, "nll": 0.5076868372650643, "mse": 0.16885356330959442, "rmse": 0.4109179520410302, "f1": 0.8142214432460148}}