{"time": "2021-05-28T00:50:04.493705", "features": ["i"], "seed": 888, "split_id": 1, "metrics_train": {"acc": 0.6733140432320167, "auc": 0.6878129253951208, "nll": 0.5998116446684056, "mse": 0.206832107049898, "rmse": 0.45478798032698486, "f1": 0.7748340334469503}, "metrics_test": {"acc": 0.6721442165309494, "auc": 0.6846389394444601, "nll": 0.6015820103219667, "mse": 0.20752289014433467, "rmse": 0.45554680346187776, "f1": 0.7748340334469503}}