{"time": "2021-07-02T12:21:58.975678", "features": ["i", "s", "scA", "scW", "tcA", "tcW"], "seed": 888, "split_id": 3, "metrics_train": {"acc": 0.7351573279272251, "auc": 0.7919645612535731, "nll": 0.5293470291929472, "mse": 0.17677423464695532, "rmse": 0.42044528139456544, "f1": 0.8089762646358862}, "metrics_test": {"acc": 0.7347582497208568, "auc": 0.7898399489567062, "nll": 0.5299382172261708, "mse": 0.17701750622852988, "rmse": 0.42073448423979926, "f1": 0.8089762646358862}}