{"time": "2021-05-28T01:19:37.485300", "features": ["s", "scA", "scW"], "seed": 888, "split_id": 2, "metrics_train": {"acc": 0.6841286557989074, "auc": 0.7025234199903183, "nll": 0.5973094195054496, "mse": 0.20470999426633174, "rmse": 0.4524488858051611, "f1": 0.7851416236069388}, "metrics_test": {"acc": 0.6852136088114344, "auc": 0.7043873277494995, "nll": 0.5962825565439854, "mse": 0.2042384889578899, "rmse": 0.45192752622283355, "f1": 0.7851416236069388}}