{"time": "2021-12-24T15:04:21.339488", "features": ["i", "icA_TW", "icW_TW", "n_gram", "ppe", "rpfa_F", "rpfa_R", "s", "scA_TW", "scW_TW", "tcA_TW", "tcW_TW", "user_avg_correct"], "seed": 888, "split_id": 2, "metrics_train": {"acc": 0.7465049017804452, "auc": 0.8055807224841706, "nll": 0.5114068756076773, "mse": 0.17034663392465285, "rmse": 0.41273070387923994, "f1": 0.8122338487751019}, "metrics_test": {"acc": 0.7462357164264536, "auc": 0.8049796579175348, "nll": 0.5121703629732992, "mse": 0.1705991868825393, "rmse": 0.4130365442458322, "f1": 0.8122338487751019}}