{"time": "2021-05-28T00:34:54.693188", "features": ["i"], "seed": 888, "split_id": 0, "metrics_train": {"acc": 0.6736121052755887, "auc": 0.6877587141437227, "nll": 0.5996180535133865, "mse": 0.2067389404985825, "rmse": 0.45468554023476765, "f1": 0.7736639996939778}, "metrics_test": {"acc": 0.6710733055072499, "auc": 0.684874123629388, "nll": 0.602370027170915, "mse": 0.20789844610275546, "rmse": 0.45595882062172616, "f1": 0.7736639996939778}}