{"time": "2021-05-28T01:19:37.634588", "features": ["i", "icA", "icW", "s", "scA", "scW", "tcA", "tcW"], "seed": 888, "split_id": 0, "metrics_train": {"acc": 0.7355084200001575, "auc": 0.7921245676673598, "nll": 0.5287614643867994, "mse": 0.17654116817551202, "rmse": 0.42016802374230244, "f1": 0.8065632038848998}, "metrics_test": {"acc": 0.7331033360472103, "auc": 0.7892898707664524, "nll": 0.5323118934266324, "mse": 0.17795714528083603, "rmse": 0.4218496714243547, "f1": 0.8065632038848998}}