{"time": "2021-12-25T01:34:12.115041", "features": ["bundle", "i", "icA_TW", "icW_TW", "n_gram", "ppe", "precA", "precW", "rpfa_F", "rpfa_R", "s", "scA_TW", "scW_TW", "sm", "tcA_TW", "tcW_TW", "tea", "user_avg_correct"], "seed": 888, "split_id": 3, "metrics_train": {"acc": 0.7519688982484573, "auc": 0.8132690491584575, "nll": 0.5036068167159657, "mse": 0.1673128278574007, "rmse": 0.4090389075105212, "f1": 0.815204038782766}, "metrics_test": {"acc": 0.7499275780874908, "auc": 0.8095941895237109, "nll": 0.5064009692873415, "mse": 0.16836480930966216, "rmse": 0.4103228111007992, "f1": 0.815204038782766}}