{"time": "2021-12-25T03:48:36.588017", "features": ["bundle", "i", "icA_TW", "icW_TW", "n_gram", "ppe", "precA", "precW", "rpfa_F", "rpfa_R", "s", "scA_TW", "scW_TW", "sm", "tcA_TW", "tcW_TW", "tea", "user_avg_correct"], "seed": 888, "split_id": 0, "metrics_train": {"acc": 0.7523087412119447, "auc": 0.8135406841479408, "nll": 0.5029445060563427, "mse": 0.16705687788326287, "rmse": 0.40872592024884213, "f1": 0.8127986882397573}, "metrics_test": {"acc": 0.7484369938328788, "auc": 0.8086450021765723, "nll": 0.5089713235548241, "mse": 0.16935471118170292, "rmse": 0.4115272909318444, "f1": 0.8127986882397573}}