{"time": "2021-12-27T18:17:11.394839", "features": ["bundle", "i", "icA_TW", "icW_TW", "n_gram", "ppe", "precA", "precW", "rpfa_F", "rpfa_R", "s", "scA_TW", "scW_TW", "sm", "tcA_TW", "tcW_TW", "tea", "user_avg_correct"], "seed": 888, "split_id": 2, "metrics_train": {"acc": 0.7518330965554743, "auc": 0.8130557395212175, "nll": 0.5036135121977536, "mse": 0.16732181612021765, "rmse": 0.40904989441413825, "f1": 0.8148489005607925}, "metrics_test": {"acc": 0.7505908855291685, "auc": 0.8106374251745558, "nll": 0.5063556099381652, "mse": 0.16830771115167004, "rmse": 0.41025322808196163, "f1": 0.8148489005607925}}