{"time": "2021-05-28T01:49:25.834157", "features": ["i"], "seed": 888, "split_id": 4, "metrics_train": {"acc": 0.6735351041299934, "auc": 0.6877889440664433, "nll": 0.5996576078791369, "mse": 0.2067587312825814, "rmse": 0.4547073028691989, "f1": 0.7739252531065334}, "metrics_test": {"acc": 0.6712832312367155, "auc": 0.6847419280045952, "nll": 0.6022031292385361, "mse": 0.20781743884569182, "rmse": 0.4558699801979637, "f1": 0.7739252531065334}}