{"time": "2021-06-04T05:16:38.042473", "features": ["i", "icA_TW", "icW_TW", "n_gram", "s", "scA_TW", "scW_TW", "tcA_TW", "tcW_TW", "user_avg_correct"], "seed": 888, "split_id": 3, "metrics_train": {"acc": 0.7460902973258712, "auc": 0.8051828494610306, "nll": 0.5122886371690392, "mse": 0.17063270814979825, "rmse": 0.4130771213100506, "f1": 0.8128805837768851}, "metrics_test": {"acc": 0.745681267311489, "auc": 0.8034152433188605, "nll": 0.5129489719204481, "mse": 0.17087271755994143, "rmse": 0.4133675332678432, "f1": 0.8128805837768851}}