{"time": "2021-05-28T03:32:33.431462", "features": ["i", "s", "scA_TW", "scW_TW"], "seed": 888, "split_id": 3, "metrics_train": {"acc": 0.7172880188790489, "auc": 0.7634782755355339, "nll": 0.5530414206090499, "mse": 0.18643746994100782, "rmse": 0.43178405475539255, "f1": 0.7995694569508002}, "metrics_test": {"acc": 0.7173974481725558, "auc": 0.7615105100177896, "nll": 0.5532976919199974, "mse": 0.1865106570039276, "rmse": 0.43186879605260625, "f1": 0.7995694569508002}}