{"time": "2021-05-28T01:27:07.730397", "features": ["i", "icA", "icW", "s", "scA", "scW", "tcA", "tcW"], "seed": 888, "split_id": 1, "metrics_train": {"acc": 0.7353162916767751, "auc": 0.7920485487763435, "nll": 0.5290685121291295, "mse": 0.1766689513995993, "rmse": 0.420320058288442, "f1": 0.8078815730020384}, "metrics_test": {"acc": 0.7340466559232508, "auc": 0.789559715275741, "nll": 0.5310583588685622, "mse": 0.1774319811831954, "rmse": 0.4212267574397374, "f1": 0.8078815730020384}}