{"time": "2021-12-24T15:52:07.158652", "features": ["i", "icA_TW", "icW_TW", "n_gram", "ppe", "rpfa_F", "rpfa_R", "s", "scA_TW", "scW_TW", "tcA_TW", "tcW_TW", "user_avg_correct"], "seed": 888, "split_id": 1, "metrics_train": {"acc": 0.7468098842020049, "auc": 0.8059424970412188, "nll": 0.5110776562079125, "mse": 0.17021247271179088, "rmse": 0.4125681431130994, "f1": 0.8115239359556631}, "metrics_test": {"acc": 0.7450788534881324, "auc": 0.8034352454860386, "nll": 0.5134572498812797, "mse": 0.17113080133839537, "rmse": 0.41367958777101316, "f1": 0.8115239359556631}}