{"time": "2021-12-14T08:41:26.608623", "features": ["ppe", "s"], "seed": 888, "split_id": 4, "metrics_train": {"acc": 0.6434926937640073, "auc": 0.5795788887203117, "nll": 0.6424385906973592, "mse": 0.22535367633251038, "rmse": 0.47471431022511884, "f1": 0.7794510661495955}, "metrics_test": {"acc": 0.6421719379243853, "auc": 0.580058464671643, "nll": 0.6430972757469372, "mse": 0.2256711862518398, "rmse": 0.4750486146194301, "f1": 0.7794510661495955}}