{"time": "2021-12-14T08:46:13.790448", "features": ["rpfa_F", "rpfa_R", "s"], "seed": 888, "split_id": 2, "metrics_train": {"acc": 0.6887829912023461, "auc": 0.709798842587375, "nll": 0.5892751554086167, "mse": 0.20174658369278053, "rmse": 0.4491620906674789, "f1": 0.7859378923462456}, "metrics_test": {"acc": 0.6898331330681029, "auc": 0.7116858424678767, "nll": 0.5881304361581081, "mse": 0.2012453469668019, "rmse": 0.448603775025135, "f1": 0.7859378923462456}}