{"time": "2021-05-28T00:50:16.395203", "features": ["s", "scA", "scW"], "seed": 888, "split_id": 0, "metrics_train": {"acc": 0.6848923074500666, "auc": 0.7032084035369718, "nll": 0.5966864512813976, "mse": 0.20442810451804452, "rmse": 0.45213726291696477, "f1": 0.7830879190390203}, "metrics_test": {"acc": 0.6826835947903669, "auc": 0.701539666765335, "nll": 0.5987780774494742, "mse": 0.20536845706582554, "rmse": 0.4531759669993826, "f1": 0.7830879190390203}}