{"time": "2021-05-28T02:02:23.538635", "features": ["s", "scA", "scW"], "seed": 888, "split_id": 4, "metrics_train": {"acc": 0.684531323261192, "auc": 0.7026793953130851, "nll": 0.5970797558561615, "mse": 0.20460873189911402, "rmse": 0.4523369672037805, "f1": 0.784047840389016}, "metrics_test": {"acc": 0.6843331213422428, "auc": 0.7036671718589137, "nll": 0.5972046040157377, "mse": 0.20466046461293996, "rmse": 0.45239414741234213, "f1": 0.784047840389016}}