{"time": "2021-05-28T01:07:36.046701", "features": ["i"], "seed": 888, "split_id": 2, "metrics_train": {"acc": 0.6732920370572888, "auc": 0.6877349062341628, "nll": 0.5998314666482957, "mse": 0.206838152172337, "rmse": 0.45479462636704165, "f1": 0.7747760846756571}, "metrics_test": {"acc": 0.6722533890860962, "auc": 0.6849577116407091, "nll": 0.601507822421357, "mse": 0.20749923881240265, "rmse": 0.4555208434445153, "f1": 0.7747760846756571}}