{"time": "2021-07-02T12:26:45.412459", "features": ["i", "s", "scA", "scW", "tcA", "tcW"], "seed": 888, "split_id": 2, "metrics_train": {"acc": 0.7351126656080118, "auc": 0.7917315037449928, "nll": 0.5292690685508589, "mse": 0.17676239417480008, "rmse": 0.42043120028703873, "f1": 0.808421645258886}, "metrics_test": {"acc": 0.7350300372596849, "auc": 0.7908852747271037, "nll": 0.5302423265348066, "mse": 0.1770513558122152, "rmse": 0.4207747090929007, "f1": 0.808421645258886}}