{"time": "2021-12-24T15:39:25.564270", "features": ["i", "icA_TW", "icW_TW", "n_gram", "ppe", "rpfa_F", "rpfa_R", "s", "scA_TW", "scW_TW", "tcA_TW", "tcW_TW", "user_avg_correct"], "seed": 888, "split_id": 3, "metrics_train": {"acc": 0.7465334994270372, "auc": 0.8058020520581469, "nll": 0.5114021660095461, "mse": 0.17034130610950662, "rmse": 0.4127242494808206, "f1": 0.8128236354721875}, "metrics_test": {"acc": 0.7459383745719405, "auc": 0.8039467897627217, "nll": 0.5121796139653887, "mse": 0.17062351613596008, "rmse": 0.4130659948918091, "f1": 0.8128236354721875}}