{"time": "2021-05-28T02:09:37.240248", "features": ["i", "icA", "icW", "s", "scA", "scW", "tcA", "tcW"], "seed": 888, "split_id": 3, "metrics_train": {"acc": 0.7351548712924972, "auc": 0.7919650451163057, "nll": 0.5293465172565313, "mse": 0.1767745142223286, "rmse": 0.42044561386977103, "f1": 0.8089775317971833}, "metrics_test": {"acc": 0.734758754843176, "auc": 0.7898406909551743, "nll": 0.5299377642644122, "mse": 0.17701762266299717, "rmse": 0.4207346226102591, "f1": 0.8089775317971833}}