{"time": "2021-12-14T08:42:39.380020", "features": ["ppe", "s"], "seed": 888, "split_id": 2, "metrics_train": {"acc": 0.6432762857440915, "auc": 0.5794935946203885, "nll": 0.6426232616859111, "mse": 0.22544010260425307, "rmse": 0.4748053312719362, "f1": 0.7803465799050586}, "metrics_test": {"acc": 0.643365455724804, "auc": 0.580392907604833, "nll": 0.6423628467930408, "mse": 0.22532561309226853, "rmse": 0.47468475127422044, "f1": 0.7803465799050586}}