{"time": "2021-12-14T08:42:18.304439", "features": ["ppe", "s"], "seed": 888, "split_id": 3, "metrics_train": {"acc": 0.6427529653470885, "auc": 0.5797165498551989, "nll": 0.6428674688243436, "mse": 0.22556059288324867, "rmse": 0.47493219819596216, "f1": 0.7817925217542933}, "metrics_test": {"acc": 0.6453912513319444, "auc": 0.5794761849126773, "nll": 0.6413857113774896, "mse": 0.22484323132717055, "rmse": 0.4741763715403484, "f1": 0.7817925217542933}}