{"time": "2021-05-28T02:20:39.476081", "features": ["i", "icA", "icW", "s", "scA", "scW", "tcA", "tcW"], "seed": 888, "split_id": 4, "metrics_train": {"acc": 0.7352298814399367, "auc": 0.791679254606174, "nll": 0.5292596042771014, "mse": 0.17673706583829932, "rmse": 0.42040107735149695, "f1": 0.8074424912077007}, "metrics_test": {"acc": 0.7345458620654131, "auc": 0.7909406346165464, "nll": 0.5305630505856775, "mse": 0.17720449386779236, "rmse": 0.420956641315697, "f1": 0.8074424912077007}}