{"time": "2021-12-14T08:45:34.166338", "features": ["rpfa_F", "rpfa_R", "s"], "seed": 888, "split_id": 1, "metrics_train": {"acc": 0.6890211205861723, "auc": 0.7102952840416947, "nll": 0.5890292260269835, "mse": 0.20163816166319543, "rmse": 0.44904138079156514, "f1": 0.7853969512553608}, "metrics_test": {"acc": 0.6889039453141695, "auc": 0.7097707564975109, "nll": 0.5891136325889076, "mse": 0.20167242407585734, "rmse": 0.4490795297893875, "f1": 0.7853969512553608}}