{"time": "2021-07-03T20:18:51.324808", "features": ["i", "s", "scA", "scW", "tcA", "tcW"], "seed": 888, "split_id": 0, "metrics_train": {"acc": 0.7585611353924908, "auc": 0.7876347621349833, "nll": 0.5011789060974168, "mse": 0.1652787203213197, "rmse": 0.4065448564689015, "f1": 0.8359856415569584}, "metrics_test": {"acc": 0.7569005298789768, "auc": 0.7847272755694793, "nll": 0.5040420639463464, "mse": 0.1663420260168237, "rmse": 0.4078504946874819, "f1": 0.8359856415569584}}