{"time": "2021-05-27T19:34:44.841271", "features": ["i"], "seed": 888, "split_id": 2, "metrics_train": {"acc": 0.7246339758158635, "auc": 0.7320141082040534, "nll": 0.5459989720227527, "mse": 0.18364837583422997, "rmse": 0.4285421517589955, "f1": 0.8176999862856731}, "metrics_test": {"acc": 0.7222550204955838, "auc": 0.7273843356955563, "nll": 0.549863636442059, "mse": 0.18518908185288252, "rmse": 0.4303360104068477, "f1": 0.8176999862856731}}