{"time": "2021-06-01T19:11:40.416282", "features": ["i", "icA_TW", "icW_TW", "lag_time_cat", "n_gram", "postcA", "postcW", "precA", "precW", "rc", "s", "scA_TW", "scW_TW", "sm", "t", "tcA_TW", "tcW_TW", "user_avg_correct"], "seed": 888, "split_id": 2, "metrics_train": {"acc": 0.7672267925440753, "auc": 0.8013205679379725, "nll": 0.48674722552969857, "mse": 0.1598476722483129, "rmse": 0.39980954496899257, "f1": 0.8398471971680269}, "metrics_test": {"acc": 0.7645000785156341, "auc": 0.7973401621765359, "nll": 0.49123614661076187, "mse": 0.16153137360920414, "rmse": 0.401909658516941, "f1": 0.8398471971680269}}