{"time": "2021-05-27T20:10:21.656675", "features": ["i", "icA", "icW", "s", "scA", "scW", "tcA", "tcW"], "seed": 888, "split_id": 4, "metrics_train": {"acc": 0.7581863010280059, "auc": 0.7874279838388252, "nll": 0.501696273555652, "mse": 0.1654693665514093, "rmse": 0.40677926022771776, "f1": 0.8370410007168007}, "metrics_test": {"acc": 0.7578261111770241, "auc": 0.7842441788621444, "nll": 0.5031359365305543, "mse": 0.16593917893595297, "rmse": 0.40735632919589326, "f1": 0.8370410007168007}}