{"time": "2021-05-27T19:45:41.914047", "features": ["i", "icA", "icW", "s", "scA", "scW", "tcA", "tcW"], "seed": 888, "split_id": 0, "metrics_train": {"acc": 0.75850561088242, "auc": 0.7874541727708467, "nll": 0.5013473302098109, "mse": 0.1653298526955017, "rmse": 0.40660773811562134, "f1": 0.8360268009716488}, "metrics_test": {"acc": 0.7569129764125313, "auc": 0.7847379487410797, "nll": 0.504025281407514, "mse": 0.16632913630315133, "rmse": 0.4078346923732106, "f1": 0.8360268009716488}}