{"time": "2021-06-04T01:04:55.145211", "features": ["i", "icA_TW", "icW_TW", "n_gram", "s", "scA_TW", "scW_TW", "tcA_TW", "tcW_TW", "user_avg_correct"], "seed": 888, "split_id": 0, "metrics_train": {"acc": 0.7634664938384061, "auc": 0.7957531082194587, "nll": 0.4926632590371207, "mse": 0.16212359687293504, "rmse": 0.4026457461254683, "f1": 0.8385962071963834}, "metrics_test": {"acc": 0.7616705565660615, "auc": 0.7925623263137368, "nll": 0.49573903398427066, "mse": 0.1632851066775855, "rmse": 0.40408551901495493, "f1": 0.8385962071963834}}