{"time": "2021-06-03T01:06:09.729995", "features": ["i", "icA_TW", "icW_TW", "lag_time_cat", "n_gram", "postcA", "postcW", "precA", "precW", "rc", "s", "scA_TW", "scW_TW", "sm", "t", "tcA_TW", "tcW_TW", "user_avg_correct"], "seed": 888, "split_id": 4, "metrics_train": {"acc": 0.7669023599426107, "auc": 0.801274757002753, "nll": 0.48717517207152544, "mse": 0.1600186337363747, "rmse": 0.4000232914923514, "f1": 0.8410650911437328}, "metrics_test": {"acc": 0.7653780453422226, "auc": 0.796729446293249, "nll": 0.4902642530367837, "mse": 0.16111876589052848, "rmse": 0.4013960212689315, "f1": 0.8410650911437328}}