{"time": "2021-06-29T07:48:59.324061", "features": ["i", "icA_TW", "icW_TW", "lag_time_cat", "n_gram", "postcA", "postcW", "precA", "precW", "prev_resp_time_cat", "rc", "s", "scA_TW", "scW_TW", "sm", "t", "tcA_TW", "tcW_TW", "user_avg_correct", "vw"], "seed": 888, "split_id": 2, "metrics_train": {"acc": 0.767675879719316, "auc": 0.8016069792755783, "nll": 0.48613353301410045, "mse": 0.15960095904767474, "rmse": 0.39950088741788137, "f1": 0.8402919271153494}, "metrics_test": {"acc": 0.7650741436432799, "auc": 0.7978714928428772, "nll": 0.490352908782698, "mse": 0.16119258726930383, "rmse": 0.40148796653113256, "f1": 0.8402919271153494}}