{"time": "2021-06-29T19:36:09.303132", "features": ["i", "icA_TW", "icW_TW", "lag_time_cat", "n_gram", "postcA", "postcW", "precA", "precW", "prev_resp_time_cat", "rc", "s", "scA_TW", "scW_TW", "sm", "t", "tcA_TW", "tcW_TW", "user_avg_correct", "vw"], "seed": 888, "split_id": 0, "metrics_train": {"acc": 0.7676669950311164, "auc": 0.801790884563153, "nll": 0.486039845044433, "mse": 0.15957618201273505, "rmse": 0.3994698762269003, "f1": 0.8406380331333967}, "metrics_test": {"acc": 0.7653364898886936, "auc": 0.7977902136392505, "nll": 0.49009350683532055, "mse": 0.16107298940015727, "rmse": 0.40133899561362996, "f1": 0.8406380331333967}}