{"time": "2021-06-03T22:37:57.358653", "features": ["i", "icA_TW", "icW_TW", "lag_time_cat", "n_gram", "postcA", "postcW", "precA", "precW", "rc", "s", "scA_TW", "scW_TW", "sm", "t", "tcA_TW", "tcW_TW", "user_avg_correct"], "seed": 888, "split_id": 3, "metrics_train": {"acc": 0.767233492812291, "auc": 0.8014763152362301, "nll": 0.4866391948373581, "mse": 0.15981338458367209, "rmse": 0.39976666267170413, "f1": 0.839894945185916}, "metrics_test": {"acc": 0.7644325095028561, "auc": 0.7968989803265348, "nll": 0.4914812202065638, "mse": 0.16160938801904337, "rmse": 0.40200670146036543, "f1": 0.839894945185916}}