{"time": "2021-05-27T19:39:09.978638", "features": ["i"], "seed": 888, "split_id": 3, "metrics_train": {"acc": 0.7245421040514929, "auc": 0.7317389793610054, "nll": 0.5462689252559783, "mse": 0.18375779286882793, "rmse": 0.42866979467747424, "f1": 0.817914279910167}, "metrics_test": {"acc": 0.7226907621070217, "auc": 0.7284815533850204, "nll": 0.5487972425928362, "mse": 0.1847614170274973, "rmse": 0.4298388268031371, "f1": 0.817914279910167}}