{"time": "2021-05-27T21:10:32.842617", "features": ["i", "s", "scA_TW", "scW_TW"], "seed": 888, "split_id": 4, "metrics_train": {"acc": 0.7428638056185637, "auc": 0.7629973926923166, "nll": 0.5231753518621655, "mse": 0.1741405332455543, "rmse": 0.4173014896277682, "f1": 0.8273602212190065}, "metrics_test": {"acc": 0.7416782652366513, "auc": 0.758130914549018, "nll": 0.5258726300374041, "mse": 0.1750963675476308, "rmse": 0.41844517866457825, "f1": 0.8273602212190065}}