{"time": "2021-07-03T20:17:04.862212", "features": ["i", "s", "scA", "scW", "tcA", "tcW"], "seed": 888, "split_id": 3, "metrics_train": {"acc": 0.7585940009984761, "auc": 0.7876264297413115, "nll": 0.5011992492374716, "mse": 0.16527553314414864, "rmse": 0.406540936615427, "f1": 0.8356791054742063}, "metrics_test": {"acc": 0.756479336770608, "auc": 0.7842732594143972, "nll": 0.5044249263546257, "mse": 0.16651467166398148, "rmse": 0.4080620929025159, "f1": 0.8356791054742063}}