{"time": "2021-05-24T21:48:23.646751", "features": ["tcA", "tcW"], "seed": 888, "split_id": 0, "metrics_train": {"acc": 0.6907920232406175, "auc": 0.7204282283147035, "nll": 0.5865360365012083, "mse": 0.2003733845325412, "rmse": 0.44763085744007997, "f1": 0.7833530875383451}, "metrics_test": {"acc": 0.6882321340220617, "auc": 0.7184227086276113, "nll": 0.5887689518044105, "mse": 0.2013464231535395, "rmse": 0.44871641729887657, "f1": 0.7833530875383451}}