{"time": "2021-05-24T23:57:15.352796", "features": ["icA", "icW", "scA", "scW", "tcA", "tcW"], "seed": 888, "split_id": 2, "metrics_train": {"acc": 0.7025539251284724, "auc": 0.7390549347461681, "nll": 0.5739582155965036, "mse": 0.19484123674755943, "rmse": 0.44140824272725065, "f1": 0.7924528568718846}, "metrics_test": {"acc": 0.703561926899109, "auc": 0.7408803940263018, "nll": 0.572835457024633, "mse": 0.19433721457412503, "rmse": 0.4408369478323307, "f1": 0.7924528568718846}}