{"time": "2021-05-25T01:56:08.826755", "features": ["hour"], "seed": 888, "split_id": 4, "metrics_train": {"acc": 0.6432339755205364, "auc": 0.5168821599507418, "nll": 0.6508925452345387, "mse": 0.2291924348253605, "rmse": 0.478740467085623, "f1": 0.7819221790764561}, "metrics_test": {"acc": 0.6419312178950968, "auc": 0.515742021421479, "nll": 0.6516770068910803, "mse": 0.2295731354635238, "rmse": 0.47913790860620054, "f1": 0.7819221790764561}}