{"time": "2021-06-22T17:47:01.414408", "features": ["ones"], "seed": 888, "split_id": 4, "metrics_train": {"acc": 0.6432339755205364, "auc": 0.5, "nll": 0.6515347546591622, "mse": 0.22948402825658273, "rmse": 0.47904491256726933, "f1": 0.7819221790764561}, "metrics_test": {"acc": 0.6419312178950968, "auc": 0.5, "nll": 0.6523026368510307, "mse": 0.22985722651543966, "rmse": 0.4794342775766452, "f1": 0.7819221790764561}}