{"time": "2021-05-25T02:17:11.662129", "features": ["postcA", "postcW"], "seed": 888, "split_id": 4, "metrics_train": {"acc": 0.6835972381354475, "auc": 0.6971559549031314, "nll": 0.6006759530211002, "mse": 0.20617910744559195, "rmse": 0.45406949627297355, "f1": 0.783616255382631}, "metrics_test": {"acc": 0.6835014060009644, "auc": 0.698437507679297, "nll": 0.6006971583090688, "mse": 0.20618660599933047, "rmse": 0.454077753253042, "f1": 0.783616255382631}}