{"time": "2021-05-24T21:52:07.918120", "features": ["tcA_TW", "tcW_TW"], "seed": 888, "split_id": 0, "metrics_train": {"acc": 0.7046331021343264, "auc": 0.7436283062094421, "nll": 0.5728065276290653, "mse": 0.19414669856125408, "rmse": 0.44062081040420015, "f1": 0.7914458149977955}, "metrics_test": {"acc": 0.7025123324736863, "auc": 0.7415951742814073, "nll": 0.5751605151267297, "mse": 0.195164991490629, "rmse": 0.4417748198920226, "f1": 0.7914458149977955}}