{"time": "2021-05-25T00:42:35.461440", "features": ["tea"], "seed": 888, "split_id": 3, "metrics_train": {"acc": 0.6742451958303224, "auc": 0.6808539753667477, "nll": 0.6044098361017871, "mse": 0.2083868955924783, "rmse": 0.4564941353319649, "f1": 0.771585381481084}, "metrics_test": {"acc": 0.6677648867755693, "auc": 0.666235311232474, "nll": 0.6109360677352712, "mse": 0.2112197097373229, "rmse": 0.4595864551282195, "f1": 0.771585381481084}}