{"time": "2021-05-24T22:07:46.692527", "features": ["part_of_day"], "seed": 888, "split_id": 0, "metrics_train": {"acc": 0.6433674962013557, "auc": 0.5105135586728384, "nll": 0.6510398926274548, "mse": 0.22925801599494303, "rmse": 0.4788089556336045, "f1": 0.7815191976466864}, "metrics_test": {"acc": 0.6413881910468339, "auc": 0.5106965209430114, "nll": 0.6521563182411939, "mse": 0.22980215759347827, "rmse": 0.47937684298835115, "f1": 0.7815191976466864}}