{"time": "2021-05-25T00:42:45.141250", "features": ["sm"], "seed": 888, "split_id": 3, "metrics_train": {"acc": 0.646194458638334, "auc": 0.5844122373976867, "nll": 0.6398240962570375, "mse": 0.22401370585070574, "rmse": 0.47330086187403647, "f1": 0.7771798567033595}, "metrics_test": {"acc": 0.6476185881982717, "auc": 0.5808468743103647, "nll": 0.6391871035883134, "mse": 0.22370438584753266, "rmse": 0.47297398009566305, "f1": 0.7771798567033595}}