{"time": "2021-05-25T01:10:15.105943", "features": ["pre"], "seed": 888, "split_id": 3, "metrics_train": {"acc": 0.6423431482819683, "auc": 0.5747155692798098, "nll": 0.6439833210234324, "mse": 0.22606611771808446, "rmse": 0.4754641077074951, "f1": 0.7822244793210278}, "metrics_test": {"acc": 0.6449810920087882, "auc": 0.5746546975796939, "nll": 0.6424738149472514, "mse": 0.22533599227925546, "rmse": 0.47469568386415256, "f1": 0.7822244793210278}}