{"time": "2021-05-24T23:07:32.363354", "features": ["scA", "scW"], "seed": 888, "split_id": 1, "metrics_train": {"acc": 0.6836482242779187, "auc": 0.697524339782833, "nll": 0.6006938690051372, "mse": 0.20618110671033912, "rmse": 0.4540716977640636, "f1": 0.784146785969432}, "metrics_test": {"acc": 0.6836254251903772, "auc": 0.6971730481368742, "nll": 0.600624962451501, "mse": 0.20614697451185507, "rmse": 0.45403411161701834, "f1": 0.784146785969432}}