{"time": "2021-05-25T01:37:03.854854", "features": ["i"], "seed": 888, "split_id": 4, "metrics_train": {"acc": 0.6735351041299934, "auc": 0.6877889440915783, "nll": 0.5996576078336684, "mse": 0.20675873128060673, "rmse": 0.45470730286702754, "f1": 0.7739252531065334}, "metrics_test": {"acc": 0.6712832312367155, "auc": 0.6847419279329018, "nll": 0.6022031292584128, "mse": 0.20781743886194348, "rmse": 0.4558699802157886, "f1": 0.7739252531065334}}