{"time": "2021-05-25T00:35:55.220102", "features": ["precA", "precW"], "seed": 888, "split_id": 2, "metrics_train": {"acc": 0.6922855858475547, "auc": 0.7185410771859044, "nll": 0.5897475062091558, "mse": 0.20125273238487465, "rmse": 0.4486120065099402, "f1": 0.7888524953890844}, "metrics_test": {"acc": 0.6933997814967047, "auc": 0.7205536746720665, "nll": 0.5886109400918556, "mse": 0.20072668280170752, "rmse": 0.4480253149116772, "f1": 0.7888524953890844}}