{"time": "2021-12-14T11:29:22.743285", "features": ["rpfa_R"], "seed": 888, "split_id": 1, "metrics_train": {"acc": 0.6428830391879818, "auc": 0.6193407013756183, "nll": 0.6291582899860334, "mse": 0.219857672861309, "rmse": 0.46888983019608027, "f1": 0.7829498706492322}, "metrics_test": {"acc": 0.6433187601662297, "auc": 0.6199145905940713, "nll": 0.6287416346404175, "mse": 0.21966613026030232, "rmse": 0.46868553451147, "f1": 0.7829498706492322}}