{"time": "2021-05-25T01:31:14.736565", "features": ["user_avg_correct"], "seed": 888, "split_id": 3, "metrics_train": {"acc": 0.6915511166475679, "auc": 0.7213861946095864, "nll": 0.5811862266552029, "mse": 0.19881315222721943, "rmse": 0.44588468489870725, "f1": 0.7826653440449074}, "metrics_test": {"acc": 0.6917849684184898, "auc": 0.7193680166204446, "nll": 0.581081248266306, "mse": 0.19874028560955545, "rmse": 0.44580296725073, "f1": 0.7826653440449074}}