{"time": "2021-12-14T11:30:34.439491", "features": ["rpfa_F"], "seed": 888, "split_id": 0, "metrics_train": {"acc": 0.6796770246970926, "auc": 0.655812750137689, "nll": 0.611131020459938, "mse": 0.21046024396531107, "rmse": 0.45875946198995293, "f1": 0.7826695561408733}, "metrics_test": {"acc": 0.6774324701991541, "auc": 0.6542604258659316, "nll": 0.613058831027299, "mse": 0.21135503608756043, "rmse": 0.4597336577710625, "f1": 0.7826695561408733}}