{"time": "2021-05-24T21:44:26.503493", "features": ["tea"], "seed": 888, "split_id": 0, "metrics_train": {"acc": 0.674460986151678, "auc": 0.6806118511518915, "nll": 0.6040099754843646, "mse": 0.20822066622850285, "rmse": 0.45631202726698195, "f1": 0.7702768783361122}, "metrics_test": {"acc": 0.6673767220105533, "auc": 0.6674854810024147, "nll": 0.6124314514084267, "mse": 0.21181095409157452, "rmse": 0.4602292408045957, "f1": 0.7702768783361122}}