{"time": "2021-05-25T00:45:16.053708", "features": ["bundle"], "seed": 888, "split_id": 3, "metrics_train": {"acc": 0.6512075682490922, "auc": 0.6343236913782933, "nll": 0.6248074325881036, "mse": 0.21777972053219402, "rmse": 0.4666687481846133, "f1": 0.7749414920793799}, "metrics_test": {"acc": 0.6520050704178397, "auc": 0.6297370674012909, "nll": 0.6254310678599954, "mse": 0.21795699227215284, "rmse": 0.46685864270906763, "f1": 0.7749414920793799}}