{"time": "2021-12-14T11:33:30.839063", "features": ["rpfa_F", "rpfa_R"], "seed": 888, "split_id": 0, "metrics_train": {"acc": 0.6874533731174076, "auc": 0.7039192877143245, "nll": 0.591728323686906, "mse": 0.20281216079538936, "rmse": 0.4503467117626034, "f1": 0.7849643172455655}, "metrics_test": {"acc": 0.6852559661073654, "auc": 0.7021601368562824, "nll": 0.5938458540509373, "mse": 0.2037555645433379, "rmse": 0.4513929159206399, "f1": 0.7849643172455655}}