{"time": "2021-05-25T02:20:45.803300", "features": ["scA_TW", "scW_TW"], "seed": 888, "split_id": 4, "metrics_train": {"acc": 0.6879087883850015, "auc": 0.7035505719747853, "nll": 0.5966721348147179, "mse": 0.2043614300582435, "rmse": 0.4520635243616139, "f1": 0.7871721954595603}, "metrics_test": {"acc": 0.6878318537929863, "auc": 0.7044703860259733, "nll": 0.5968722992887193, "mse": 0.20444107691180924, "rmse": 0.4521516083260229, "f1": 0.7871721954595603}}