{"time": "2021-05-24T22:11:55.592789", "features": ["post"], "seed": 888, "split_id": 0, "metrics_train": {"acc": 0.6432691172186839, "auc": 0.5752799063422119, "nll": 0.6433408497390466, "mse": 0.2257604311702427, "rmse": 0.4751425377402477, "f1": 0.7794280320120113}, "metrics_test": {"acc": 0.6412502229978082, "auc": 0.5724866314804593, "nll": 0.6450486971448897, "mse": 0.2265619034949178, "rmse": 0.4759851925164456, "f1": 0.7794280320120113}}