{"time": "2021-05-25T00:39:16.414243", "features": ["i"], "seed": 888, "split_id": 3, "metrics_train": {"acc": 0.6729042512126957, "auc": 0.6874767813319491, "nll": 0.6002582906407409, "mse": 0.20702431680101288, "rmse": 0.4549992492312629, "f1": 0.7760330621510863}, "metrics_test": {"acc": 0.673837972418806, "auc": 0.6860027422403998, "nll": 0.5997982940693706, "mse": 0.20675161003682885, "rmse": 0.4546994722196506, "f1": 0.7760330621510863}}