{"time": "2021-12-14T11:32:39.157646", "features": ["rpfa_R"], "seed": 888, "split_id": 3, "metrics_train": {"acc": 0.6424263589095465, "auc": 0.6195470707463882, "nll": 0.629318561126132, "mse": 0.21993613540138307, "rmse": 0.46897349114996156, "f1": 0.7843086262671419}, "metrics_test": {"acc": 0.645155106647738, "auc": 0.6187075302407145, "nll": 0.6281037170059517, "mse": 0.2193592817025291, "rmse": 0.4683580699662696, "f1": 0.7843086262671419}}