{"time": "2021-05-24T23:54:13.478974", "features": ["tcA_TW", "tcW_TW"], "seed": 888, "split_id": 2, "metrics_train": {"acc": 0.7039709385625711, "auc": 0.7428481109139812, "nll": 0.573516719087641, "mse": 0.1944550515822891, "rmse": 0.4409705790438735, "f1": 0.7936498569482783}, "metrics_test": {"acc": 0.7051167492850166, "auc": 0.7447570768033183, "nll": 0.5723113748331451, "mse": 0.19392749664966952, "rmse": 0.44037199803083477, "f1": 0.7936498569482783}}