{"time": "2021-05-25T01:01:09.308884", "features": ["icA", "icW", "scA", "scW", "tcA", "tcW"], "seed": 888, "split_id": 3, "metrics_train": {"acc": 0.7027087736378653, "auc": 0.7397681874619348, "nll": 0.5737768359332445, "mse": 0.19475420864871093, "rmse": 0.44130965166049896, "f1": 0.7931296652861973}, "metrics_test": {"acc": 0.7030605613878943, "auc": 0.7379347933632907, "nll": 0.573513016662407, "mse": 0.19465947932167404, "rmse": 0.4412023111019185, "f1": 0.7931296652861973}}