{"time": "2021-05-24T22:52:08.391339", "features": ["age"], "seed": 888, "split_id": 1, "metrics_train": {"acc": 0.6428854355783117, "auc": 0.5325446150940449, "nll": 0.6496027628900801, "mse": 0.22863300466416214, "rmse": 0.47815583721644783, "f1": 0.7829515985496256}, "metrics_test": {"acc": 0.6433200171961696, "auc": 0.5358563117597746, "nll": 0.6490864726610874, "mse": 0.22839341715304673, "rmse": 0.47790523867503976, "f1": 0.7829515985496256}}