{"time": "2021-05-25T00:46:10.865936", "features": ["ss"], "seed": 888, "split_id": 3, "metrics_train": {"acc": 0.6424276817128615, "auc": 0.5511762126588539, "nll": 0.6468962918628856, "mse": 0.22732671398831097, "rmse": 0.4767879130056791, "f1": 0.7843108357408782}, "metrics_test": {"acc": 0.6451573796981742, "auc": 0.5516468468495117, "nll": 0.6451006302520493, "mse": 0.22646031562031704, "rmse": 0.4758784672795325, "f1": 0.7843108357408782}}