{"time": "2021-05-24T23:15:55.582367", "features": ["pre"], "seed": 888, "split_id": 1, "metrics_train": {"acc": 0.6428168231393937, "auc": 0.5745658906717004, "nll": 0.6437593458751394, "mse": 0.22595700996496648, "rmse": 0.47534935570059045, "f1": 0.7808661730662948}, "metrics_test": {"acc": 0.6432370532201336, "auc": 0.5752972055053891, "nll": 0.6433727905056302, "mse": 0.22577512580861084, "rmse": 0.4751580008887684, "f1": 0.7808661730662948}}