{"time": "2021-05-25T02:23:50.917895", "features": ["smA", "smW"], "seed": 888, "split_id": 4, "metrics_train": {"acc": 0.6812822081192117, "auc": 0.6878703379700349, "nll": 0.6034253898245868, "mse": 0.20754210393684783, "rmse": 0.4555678916877789, "f1": 0.7832623062785913}, "metrics_test": {"acc": 0.6812082838847991, "auc": 0.6898593188024644, "nll": 0.603253811018383, "mse": 0.2074617182934113, "rmse": 0.45547965738703555, "f1": 0.7832623062785913}}