{"time": "2021-05-24T22:35:37.934842", "features": ["smA", "smW"], "seed": 888, "split_id": 0, "metrics_train": {"acc": 0.6818060920019839, "auc": 0.6886406641290962, "nll": 0.6029713985323217, "mse": 0.2073288009321, "rmse": 0.45533372479105916, "f1": 0.7818488887697317}, "metrics_test": {"acc": 0.6792513237099356, "auc": 0.6867509389466456, "nll": 0.6050739434308954, "mse": 0.20829711239135945, "rmse": 0.45639578480893034, "f1": 0.7818488887697317}}