{"time": "2021-05-24T23:49:45.497021", "features": ["ss"], "seed": 888, "split_id": 2, "metrics_train": {"acc": 0.6429485218560494, "auc": 0.55153485416038, "nll": 0.64649645956497, "mse": 0.22713440968000767, "rmse": 0.4765862038288642, "f1": 0.7827656915673403}, "metrics_test": {"acc": 0.643069034568413, "auc": 0.5502531680364138, "nll": 0.6467018108940547, "mse": 0.22723049890816702, "rmse": 0.4766870030829108, "f1": 0.7827656915673403}}