{"time": "2021-05-25T00:03:32.845971", "features": ["hour"], "seed": 888, "split_id": 2, "metrics_train": {"acc": 0.6429485218560494, "auc": 0.5166477508021478, "nll": 0.6510523416365741, "mse": 0.2292706579698893, "rmse": 0.47882215693291524, "f1": 0.7827656915673403}, "metrics_test": {"acc": 0.643069034568413, "auc": 0.5162096736268775, "nll": 0.6510423811925057, "mse": 0.2292623118818727, "rmse": 0.4788134416261439, "f1": 0.7827656915673403}}