{"time": "2021-05-25T02:52:45.796026", "features": ["icA_TW", "icW_TW", "scA_TW", "scW_TW", "tcA_TW", "tcW_TW"], "seed": 888, "split_id": 4, "metrics_train": {"acc": 0.7111716707181531, "auc": 0.751674379555376, "nll": 0.5654135290936513, "mse": 0.19098842479080194, "rmse": 0.4370222245959603, "f1": 0.796459583789005}, "metrics_test": {"acc": 0.7115915237401963, "auc": 0.7533136311295286, "nll": 0.5648998529099739, "mse": 0.190746959928874, "rmse": 0.43674587568616374, "f1": 0.796459583789005}}