{"time": "2021-12-14T11:39:14.316650", "features": ["rpfa_F", "rpfa_R"], "seed": 888, "split_id": 4, "metrics_train": {"acc": 0.6868946027791966, "auc": 0.7032583048838099, "nll": 0.5921720782800095, "mse": 0.2030123280751328, "rmse": 0.45056889381662024, "f1": 0.7862778880275085}, "metrics_test": {"acc": 0.6871461283650864, "auc": 0.7046058148834002, "nll": 0.5920682314239826, "mse": 0.20295329847295737, "rmse": 0.4505033834200997, "f1": 0.7862778880275085}}