{"time": "2021-05-24T21:49:53.772700", "features": ["bundle"], "seed": 888, "split_id": 0, "metrics_train": {"acc": 0.6518480542281077, "auc": 0.6345242945463125, "nll": 0.6242088486725869, "mse": 0.21751144050370375, "rmse": 0.4663812180005792, "f1": 0.772913129509032}, "metrics_test": {"acc": 0.649420407849725, "auc": 0.6289237874348705, "nll": 0.6278783822864721, "mse": 0.21904700026183127, "rmse": 0.4680245722842245, "f1": 0.772913129509032}}