{"time": "2021-05-25T00:58:11.191768", "features": ["month"], "seed": 888, "split_id": 3, "metrics_train": {"acc": 0.6424276817128615, "auc": 0.5265602263571819, "nll": 0.650903117802605, "mse": 0.22920738592704598, "rmse": 0.4787560818695111, "f1": 0.7843108357408782}, "metrics_test": {"acc": 0.6451573796981742, "auc": 0.5252283785938313, "nll": 0.6493844480130041, "mse": 0.2284680580237448, "rmse": 0.4779833240017321, "f1": 0.7843108357408782}}