{"time": "2021-05-25T02:29:53.374037", "features": ["precA", "precW"], "seed": 888, "split_id": 4, "metrics_train": {"acc": 0.6924220404733219, "auc": 0.7185919896071183, "nll": 0.5895569871042736, "mse": 0.2011678384399742, "rmse": 0.4485173780802414, "f1": 0.7878436944358747}, "metrics_test": {"acc": 0.6925962509488717, "auc": 0.7201794661327773, "nll": 0.5893726690522318, "mse": 0.20107689847877278, "rmse": 0.4484159882060103, "f1": 0.7878436944358747}}