{"time": "2021-12-14T11:36:48.583952", "features": ["rpfa_F", "rpfa_R"], "seed": 888, "split_id": 3, "metrics_train": {"acc": 0.6868190082553005, "auc": 0.703784784344304, "nll": 0.5923006204387289, "mse": 0.20306541264732836, "rmse": 0.450627798351731, "f1": 0.7877678699755355}, "metrics_test": {"acc": 0.6878467822571744, "auc": 0.7025131092958968, "nll": 0.5915521006999686, "mse": 0.20273276315664707, "rmse": 0.4502585514531035, "f1": 0.7877678699755355}}