{"time": "2021-05-24T22:37:26.115479", "features": ["user_avg_correct"], "seed": 888, "split_id": 0, "metrics_train": {"acc": 0.6920858139333486, "auc": 0.7213548214414566, "nll": 0.5807157384220237, "mse": 0.19860794643693916, "rmse": 0.4456545146601111, "f1": 0.7789085446950567}, "metrics_test": {"acc": 0.6896608361268073, "auc": 0.7195125490191311, "nll": 0.5829690873545287, "mse": 0.19957019690361213, "rmse": 0.44673280258294457, "f1": 0.7789085446950567}}