{"time": "2021-05-24T22:04:01.257235", "features": ["day"], "seed": 888, "split_id": 0, "metrics_train": {"acc": 0.6433674962013557, "auc": 0.5158078239556667, "nll": 0.6507957565441337, "mse": 0.2291478803706305, "rmse": 0.4786939318297554, "f1": 0.7815191976466864}, "metrics_test": {"acc": 0.6413881910468339, "auc": 0.5146865219071876, "nll": 0.6520699123084234, "mse": 0.22976255419425778, "rmse": 0.47933553404088225, "f1": 0.7815191976466864}}