{"time": "2021-05-25T01:54:15.566511", "features": ["day"], "seed": 888, "split_id": 4, "metrics_train": {"acc": 0.6432339755205364, "auc": 0.5151954219710587, "nll": 0.6509154384468602, "mse": 0.22920451809886877, "rmse": 0.4787530867773792, "f1": 0.7819221790764561}, "metrics_test": {"acc": 0.6419312178950968, "auc": 0.5169962593277735, "nll": 0.6515849908987139, "mse": 0.22953307403665943, "rmse": 0.4790961010451446, "f1": 0.7819221790764561}}