{"time": "2021-05-24T22:28:47.232369", "features": ["postcA", "postcW"], "seed": 888, "split_id": 0, "metrics_train": {"acc": 0.6840246577283714, "auc": 0.6977780600058543, "nll": 0.6002634007727562, "mse": 0.20598930458701148, "rmse": 0.4538604461583004, "f1": 0.78252074568776}, "metrics_test": {"acc": 0.6817668400616763, "auc": 0.6960530037478283, "nll": 0.602350939374924, "mse": 0.20693473885489058, "rmse": 0.45490080111480413, "f1": 0.78252074568776}}