{"time": "2021-05-25T00:04:47.537846", "features": ["weekend"], "seed": 888, "split_id": 2, "metrics_train": {"acc": 0.6429485218560494, "auc": 0.5126734421042732, "nll": 0.6511411168427641, "mse": 0.22931128049561392, "rmse": 0.47886457427503853, "f1": 0.7827656915673403}, "metrics_test": {"acc": 0.643069034568413, "auc": 0.5127192115827907, "nll": 0.6510540830928477, "mse": 0.2292696863870286, "rmse": 0.47882114237680506, "f1": 0.7827656915673403}}