{"time": "2021-05-25T00:44:30.240622", "features": ["gender"], "seed": 888, "split_id": 3, "metrics_train": {"acc": 0.6424276817128615, "auc": 0.5148954366377398, "nll": 0.6516567836351248, "mse": 0.22955271506655073, "rmse": 0.47911659861306277, "f1": 0.7843108357408782}, "metrics_test": {"acc": 0.6451573796981742, "auc": 0.5156903128312234, "nll": 0.6500124196312774, "mse": 0.22875473546635655, "rmse": 0.47828311225293807, "f1": 0.7843108357408782}}