{"time": "2021-05-25T00:31:31.308359", "features": ["smA", "smW"], "seed": 888, "split_id": 2, "metrics_train": {"acc": 0.681001638378474, "auc": 0.6878770732238606, "nll": 0.6036235549333292, "mse": 0.20763378684972786, "rmse": 0.45566850543978554, "f1": 0.7844215169531498}, "metrics_test": {"acc": 0.6824258865050356, "auc": 0.6898373044987535, "nll": 0.6024597419173907, "mse": 0.2070827266852744, "rmse": 0.4550634314963952, "f1": 0.7844215169531498}}