{"time": "2021-05-24T22:00:18.103302", "features": ["icA", "icW", "scA", "scW", "tcA", "tcW"], "seed": 888, "split_id": 0, "metrics_train": {"acc": 0.7032605830623765, "auc": 0.7398160341208726, "nll": 0.5732484767936812, "mse": 0.19452875553465288, "rmse": 0.4410541412736682, "f1": 0.7901666747913796}, "metrics_test": {"acc": 0.7008880492884538, "auc": 0.7377626594037873, "nll": 0.5756365379008874, "mse": 0.1955684818174945, "rmse": 0.44223125377735856, "f1": 0.7901666747913796}}