{"time": "2021-05-24T22:39:51.590442", "features": ["n_gram"], "seed": 888, "split_id": 0, "metrics_train": {"acc": 0.6971409316716397, "auc": 0.7276298448447718, "nll": 0.5749916133700499, "mse": 0.19628865110557778, "rmse": 0.4430447506805354, "f1": 0.7785500016976323}, "metrics_test": {"acc": 0.6950984450040658, "auc": 0.7254552014170457, "nll": 0.5775687777680263, "mse": 0.19734985781246445, "rmse": 0.44424076559053477, "f1": 0.7785500016976323}}