{"time": "2021-05-25T00:35:48.882124", "features": ["n_gram"], "seed": 888, "split_id": 2, "metrics_train": {"acc": 0.6965302006421477, "auc": 0.7267557314917328, "nll": 0.5758358189968473, "mse": 0.19663145334223522, "rmse": 0.4434314528111817, "f1": 0.7808802501359574}, "metrics_test": {"acc": 0.6975491727097615, "auc": 0.7289659056673587, "nll": 0.5741808411865322, "mse": 0.19597402550350057, "rmse": 0.4426895362480353, "f1": 0.7808802501359574}}