{"time": "2021-05-25T01:36:58.385374", "features": ["icA_TW", "icW_TW", "scA_TW", "scW_TW", "tcA_TW", "tcW_TW"], "seed": 888, "split_id": 3, "metrics_train": {"acc": 0.711135975614058, "auc": 0.7522823890218405, "nll": 0.5653743656540213, "mse": 0.19097100467630546, "rmse": 0.437002293673964, "f1": 0.7981627318849491}, "metrics_test": {"acc": 0.7115115103485672, "auc": 0.7506682327880211, "nll": 0.5650850973123491, "mse": 0.19086630987345832, "rmse": 0.4368824897766656, "f1": 0.7981627318849491}}