{"time": "2021-05-24T23:46:04.790163", "features": ["sm"], "seed": 888, "split_id": 2, "metrics_train": {"acc": 0.6465959424052766, "auc": 0.5833808369994732, "nll": 0.6398031832743624, "mse": 0.22400035765545365, "rmse": 0.47328676049035395, "f1": 0.7755022134288018}, "metrics_test": {"acc": 0.6458956400588701, "auc": 0.5851479407684756, "nll": 0.6392695212508744, "mse": 0.22375742023955705, "rmse": 0.47303004158251627, "f1": 0.7755022134288018}}