{"time": "2021-05-25T01:50:22.157896", "features": ["month"], "seed": 888, "split_id": 4, "metrics_train": {"acc": 0.6432339755205364, "auc": 0.5260599587914466, "nll": 0.6504560812659682, "mse": 0.22898980484243545, "rmse": 0.47852879207257265, "f1": 0.7819221790764561}, "metrics_test": {"acc": 0.6419312178950968, "auc": 0.5272147914228436, "nll": 0.6511691206485819, "mse": 0.22933684486949305, "rmse": 0.47889126622803746, "f1": 0.7819221790764561}}