{"time": "2021-05-25T01:42:00.699255", "features": ["ss"], "seed": 888, "split_id": 4, "metrics_train": {"acc": 0.6432339755205364, "auc": 0.5510841959491591, "nll": 0.6463819030729301, "mse": 0.22707701922291476, "rmse": 0.47652599008124913, "f1": 0.7819221790764561}, "metrics_test": {"acc": 0.6419312178950968, "auc": 0.5520401368012303, "nll": 0.6471628198634437, "mse": 0.22746138736947943, "rmse": 0.4769291219557466, "f1": 0.7819221790764561}}