{"time": "2021-05-25T01:48:23.483887", "features": ["icA_TW", "icW_TW"], "seed": 888, "split_id": 4, "metrics_train": {"acc": 0.6432339755205364, "auc": 0.5, "nll": 0.6515347546591646, "mse": 0.22948402825658418, "rmse": 0.47904491256727083, "f1": 0.7819221790764561}, "metrics_test": {"acc": 0.6419312178950968, "auc": 0.5, "nll": 0.6523026367463496, "mse": 0.22985722646739454, "rmse": 0.4794342775265391, "f1": 0.7819221790764561}}