{"time": "2021-05-24T22:52:24.197838", "features": ["ss"], "seed": 888, "split_id": 1, "metrics_train": {"acc": 0.6428854355783117, "auc": 0.5512724349993909, "nll": 0.646602572405128, "mse": 0.22718555889372477, "rmse": 0.47663986288782517, "f1": 0.7829515985496256}, "metrics_test": {"acc": 0.6433200171961696, "auc": 0.5513148311193586, "nll": 0.6462795810812134, "mse": 0.22702698280102068, "rmse": 0.4764734859370673, "f1": 0.7829515985496256}}