{"time": "2021-05-24T23:48:26.490021", "features": ["age"], "seed": 888, "split_id": 2, "metrics_train": {"acc": 0.6429485218560494, "auc": 0.5334564526521216, "nll": 0.6494790903057182, "mse": 0.22857701466208907, "rmse": 0.4780972857715144, "f1": 0.7827656915673403}, "metrics_test": {"acc": 0.643069034568413, "auc": 0.5322178633735966, "nll": 0.6495672585581354, "mse": 0.22861163921674463, "rmse": 0.4781334951838708, "f1": 0.7827656915673403}}