{"time": "2021-05-25T01:42:50.088009", "features": ["tcA", "tcW"], "seed": 888, "split_id": 4, "metrics_train": {"acc": 0.6900729519852494, "auc": 0.7194059124692016, "nll": 0.5872101297558991, "mse": 0.2006691043967575, "rmse": 0.44796105232124533, "f1": 0.7851065202149544}, "metrics_test": {"acc": 0.6910916251290603, "auc": 0.7224496121728965, "nll": 0.5860709948221539, "mse": 0.20015134464717269, "rmse": 0.4473827719606251, "f1": 0.7851065202149544}}