{"time": "2021-06-22T17:47:08.702344", "features": ["ones"], "seed": 888, "split_id": 1, "metrics_train": {"acc": 0.6428854355783117, "auc": 0.5, "nll": 0.6517399293799162, "mse": 0.22958375231555864, "rmse": 0.47914898759734287, "f1": 0.7829515985496256}, "metrics_test": {"acc": 0.6433200171961696, "auc": 0.5, "nll": 0.6514844421081998, "mse": 0.22945956502060458, "rmse": 0.4790193785439213, "f1": 0.7829515985496256}}