{"time": "2021-05-24T23:10:56.102889", "features": ["part_of_day"], "seed": 888, "split_id": 1, "metrics_train": {"acc": 0.6428854355783117, "auc": 0.510537143461924, "nll": 0.6512983654058098, "mse": 0.2293845333644212, "rmse": 0.47894105416472826, "f1": 0.7829515985496256}, "metrics_test": {"acc": 0.6433200171961696, "auc": 0.5105938188971813, "nll": 0.6511221824730202, "mse": 0.22929589773083847, "rmse": 0.4788485122988673, "f1": 0.7829515985496256}}