{"time": "2021-05-25T01:48:25.132074", "features": ["icA", "icW", "scA", "scW", "tcA", "tcW"], "seed": 888, "split_id": 4, "metrics_train": {"acc": 0.7026120829618963, "auc": 0.7389284752044484, "nll": 0.5739109193492689, "mse": 0.19481797132186499, "rmse": 0.44138188830293545, "f1": 0.791615839337845}, "metrics_test": {"acc": 0.7034791582437689, "auc": 0.7412149576775784, "nll": 0.5730880071884749, "mse": 0.19443361940280848, "rmse": 0.44094627722978735, "f1": 0.791615839337845}}