{"time": "2021-05-25T00:45:06.876749", "features": ["age"], "seed": 888, "split_id": 3, "metrics_train": {"acc": 0.6424276817128615, "auc": 0.5338819561707068, "nll": 0.6497592291985138, "mse": 0.22871225985152502, "rmse": 0.47823870593201157, "f1": 0.7843108357408782}, "metrics_test": {"acc": 0.6451573796981742, "auc": 0.5304656733645684, "nll": 0.6484617280377395, "mse": 0.22807629122178202, "rmse": 0.47757333596190443, "f1": 0.7843108357408782}}