{"time": "2021-05-24T22:43:18.117473", "features": ["i"], "seed": 888, "split_id": 1, "metrics_train": {"acc": 0.6733140432320167, "auc": 0.6878129254589191, "nll": 0.5998116446824432, "mse": 0.206832107049315, "rmse": 0.45478798032634393, "f1": 0.7748340334469503}, "metrics_test": {"acc": 0.6721442165309494, "auc": 0.6846389414486466, "nll": 0.601582010329201, "mse": 0.20752289014890857, "rmse": 0.45554680346689796, "f1": 0.7748340334469503}}