{"time": "2021-05-24T22:04:16.323825", "features": ["week"], "seed": 888, "split_id": 0, "metrics_train": {"acc": 0.6433674962013557, "auc": 0.5309000294659028, "nll": 0.6499962922156342, "mse": 0.2287769520595385, "rmse": 0.47830633704723013, "f1": 0.7815191976466864}, "metrics_test": {"acc": 0.6413881910468339, "auc": 0.5305569334030195, "nll": 0.6511824226288966, "mse": 0.22935333280268938, "rmse": 0.4789084806126212, "f1": 0.7815191976466864}}