{"time": "2021-05-24T23:42:33.020880", "features": ["precA", "precW"], "seed": 888, "split_id": 1, "metrics_train": {"acc": 0.6925010577225476, "auc": 0.719015485778345, "nll": 0.5895369246496637, "mse": 0.20115185876696962, "rmse": 0.4484995638425634, "f1": 0.7884841308231904}, "metrics_test": {"acc": 0.6925211746693383, "auc": 0.7186458221737597, "nll": 0.589452303138606, "mse": 0.20111738304180446, "rmse": 0.4484611276819926, "f1": 0.7884841308231904}}