{"time": "2021-05-25T01:41:07.775285", "features": ["age"], "seed": 888, "split_id": 4, "metrics_train": {"acc": 0.6432339755205364, "auc": 0.5328089993270682, "nll": 0.6493677723663291, "mse": 0.22852155602844987, "rmse": 0.4780392829344152, "f1": 0.7819221790764561}, "metrics_test": {"acc": 0.6419312178950968, "auc": 0.5345722727899453, "nll": 0.6500173689599266, "mse": 0.2288353445544255, "rmse": 0.47836737404888463, "f1": 0.7819221790764561}}