{"time": "2021-05-25T00:56:18.870785", "features": ["scA", "scW"], "seed": 888, "split_id": 3, "metrics_train": {"acc": 0.6833857037464813, "auc": 0.6977450131711423, "nll": 0.600834747559181, "mse": 0.20624276295841557, "rmse": 0.45413958532417714, "f1": 0.7850227589560371}, "metrics_test": {"acc": 0.6844500872219964, "auc": 0.6961768880124082, "nll": 0.6000619694210854, "mse": 0.20590060447465425, "rmse": 0.45376271825112985, "f1": 0.7850227589560371}}