{"time": "2021-05-25T00:05:23.301064", "features": ["part_of_day"], "seed": 888, "split_id": 2, "metrics_train": {"acc": 0.6429485218560494, "auc": 0.5108516224156527, "nll": 0.6512621600035249, "mse": 0.22936711517597383, "rmse": 0.47892286975667997, "f1": 0.7827656915673403}, "metrics_test": {"acc": 0.643069034568413, "auc": 0.5093392696668037, "nll": 0.6512647350183403, "mse": 0.22936447992470066, "rmse": 0.47892011852155536, "f1": 0.7827656915673403}}