{"time": "2021-05-24T23:05:40.723747", "features": ["week"], "seed": 888, "split_id": 1, "metrics_train": {"acc": 0.6428854355783117, "auc": 0.5307958172232797, "nll": 0.6502777806031049, "mse": 0.2289136332931913, "rmse": 0.4784491961464574, "f1": 0.7829515985496256}, "metrics_test": {"acc": 0.6433200171961696, "auc": 0.5308654523650777, "nll": 0.6500572511251929, "mse": 0.22880698110400027, "rmse": 0.4783377270339444, "f1": 0.7829515985496256}}