{"time": "2021-05-24T21:44:13.954177", "features": ["sm"], "seed": 888, "split_id": 0, "metrics_train": {"acc": 0.6468139727127438, "auc": 0.5838610245414886, "nll": 0.6393941300392316, "mse": 0.22380845622371145, "rmse": 0.4730839843238317, "f1": 0.7744969091887425}, "metrics_test": {"acc": 0.6451353122904263, "auc": 0.5829066556914284, "nll": 0.6409118501331637, "mse": 0.2245276395635893, "rmse": 0.4738434758056602, "f1": 0.7744969091887425}}