{"time": "2021-12-14T11:29:34.779615", "features": ["rpfa_F"], "seed": 888, "split_id": 2, "metrics_train": {"acc": 0.6790909947643451, "auc": 0.6550234995700299, "nll": 0.611730491061429, "mse": 0.21073766596238547, "rmse": 0.45906172347777535, "f1": 0.7844481873187293}, "metrics_test": {"acc": 0.6799090840460024, "auc": 0.6574070483943849, "nll": 0.6106580648585404, "mse": 0.21024585391997108, "rmse": 0.458525739648246, "f1": 0.7844481873187293}}