{"time": "2021-05-24T22:49:28.229350", "features": ["icA_TW", "icW_TW", "scA_TW", "scW_TW", "tcA_TW", "tcW_TW"], "seed": 888, "split_id": 0, "metrics_train": {"acc": 0.7116545398719877, "auc": 0.752386484623456, "nll": 0.5648051373034807, "mse": 0.1907304545719251, "rmse": 0.43672697944130395, "f1": 0.7953394951457972}, "metrics_test": {"acc": 0.7094885630551887, "auc": 0.7502714555643831, "nll": 0.5673464834750005, "mse": 0.19181823707754134, "rmse": 0.4379705892837341, "f1": 0.7953394951457972}}