{"time": "2021-05-24T23:01:39.391242", "features": ["icA", "icW", "scA", "scW", "tcA", "tcW"], "seed": 888, "split_id": 1, "metrics_train": {"acc": 0.7027596894101557, "auc": 0.7395254021352589, "nll": 0.5737282299533848, "mse": 0.19473484090349544, "rmse": 0.44128770762790964, "f1": 0.7921555983761158}, "metrics_test": {"acc": 0.702765465867866, "auc": 0.738983894511593, "nll": 0.573762014897746, "mse": 0.19476048383636824, "rmse": 0.4413167613363084, "f1": 0.7921555983761158}}