{"time": "2021-05-24T23:07:28.055640", "features": ["day"], "seed": 888, "split_id": 1, "metrics_train": {"acc": 0.6428854355783117, "auc": 0.515508565672463, "nll": 0.6511244556250114, "mse": 0.22930576479498543, "rmse": 0.4788588150958333, "f1": 0.7829515985496256}, "metrics_test": {"acc": 0.6433200171961696, "auc": 0.5158781466659418, "nll": 0.6507521089057968, "mse": 0.22912960142716438, "rmse": 0.4786748389326144, "f1": 0.7829515985496256}}