{"time": "2021-12-14T11:29:18.872727", "features": ["rpfa_R"], "seed": 888, "split_id": 0, "metrics_train": {"acc": 0.6433661105818814, "auc": 0.6197311690858687, "nll": 0.6287419963111797, "mse": 0.21966738758793009, "rmse": 0.468686875843489, "f1": 0.781518068286486}, "metrics_test": {"acc": 0.6413879383580994, "auc": 0.6181094493218784, "nll": 0.6304115414049628, "mse": 0.2204366967921476, "rmse": 0.4695068655431437, "f1": 0.781518068286486}}