{"time": "2021-05-25T01:33:39.346029", "features": ["n_gram"], "seed": 888, "split_id": 3, "metrics_train": {"acc": 0.6966009497979765, "auc": 0.7273846213255978, "nll": 0.5756401416367684, "mse": 0.19656171608959627, "rmse": 0.4433528122044522, "f1": 0.7813644703676549}, "metrics_test": {"acc": 0.697242815076992, "auc": 0.7264356368282215, "nll": 0.57496312122155, "mse": 0.19625294360871617, "rmse": 0.4430044510032785, "f1": 0.7813644703676549}}