{"time": "2021-05-25T00:03:04.911858", "features": ["day"], "seed": 888, "split_id": 2, "metrics_train": {"acc": 0.6429485218560494, "auc": 0.5158447291520877, "nll": 0.6510593613553977, "mse": 0.22927521107672405, "rmse": 0.47882691139567757, "f1": 0.7827656915673403}, "metrics_test": {"acc": 0.643069034568413, "auc": 0.5144067698418292, "nll": 0.6510131520932309, "mse": 0.22925213966458252, "rmse": 0.47880281919030354, "f1": 0.7827656915673403}}