{"time": "2021-05-25T01:38:49.930190", "features": ["tea"], "seed": 888, "split_id": 4, "metrics_train": {"acc": 0.6742039116028762, "auc": 0.6799429103327388, "nll": 0.6044015634763634, "mse": 0.20838560583007698, "rmse": 0.45649272264744484, "f1": 0.7703702647550186}, "metrics_test": {"acc": 0.6681606552409248, "auc": 0.6699016345485502, "nll": 0.610894772991683, "mse": 0.2111765961453964, "rmse": 0.4595395479666537, "f1": 0.7703702647550186}}