{"time": "2021-05-24T21:46:34.960549", "features": ["age"], "seed": 888, "split_id": 0, "metrics_train": {"acc": 0.6433674962013557, "auc": 0.5334506346239678, "nll": 0.6492323291258074, "mse": 0.22845763662261878, "rmse": 0.4779724224498928, "f1": 0.7815191976466864}, "metrics_test": {"acc": 0.6413881910468339, "auc": 0.5321064256743463, "nll": 0.6505695944000037, "mse": 0.22909590169344107, "rmse": 0.4786396365674714, "f1": 0.7815191976466864}}