{"time": "2021-05-24T23:09:09.936507", "features": ["weekend"], "seed": 888, "split_id": 1, "metrics_train": {"acc": 0.6428854355783117, "auc": 0.5123931497491202, "nll": 0.6511997864426445, "mse": 0.22933901488850075, "rmse": 0.4788935318925291, "f1": 0.7829515985496256}, "metrics_test": {"acc": 0.6433200171961696, "auc": 0.513835149185571, "nll": 0.6508218653851093, "mse": 0.2291598668428897, "rmse": 0.4787064516411803, "f1": 0.7829515985496256}}