{"time": "2021-12-14T11:34:16.184479", "features": ["ppe"], "seed": 888, "split_id": 4, "metrics_train": {"acc": 0.6432761071116233, "auc": 0.564016562986963, "nll": 0.6452036114169037, "mse": 0.22660385821265078, "rmse": 0.4760292619289814, "f1": 0.7806583531269256}, "metrics_test": {"acc": 0.6421254523237397, "auc": 0.5648174984063344, "nll": 0.6457919202133824, "mse": 0.2268879667779827, "rmse": 0.47632758347379245, "f1": 0.7806583531269256}}