{"time": "2021-05-25T02:01:28.588588", "features": ["pre"], "seed": 888, "split_id": 4, "metrics_train": {"acc": 0.6431603713786226, "auc": 0.5746047773397599, "nll": 0.6435487101050441, "mse": 0.22585630761462983, "rmse": 0.47524341932806374, "f1": 0.7798581827175461}, "metrics_test": {"acc": 0.6419264436982738, "auc": 0.5750952442865059, "nll": 0.6442091266306554, "mse": 0.22617537966030088, "rmse": 0.47557899413273175, "f1": 0.7798581827175461}}