{"time": "2021-05-25T01:03:03.482476", "features": ["hour"], "seed": 888, "split_id": 3, "metrics_train": {"acc": 0.6424276817128615, "auc": 0.5167317839556165, "nll": 0.6513692474107711, "mse": 0.22942358288531534, "rmse": 0.4789818189506939, "f1": 0.7843108357408782}, "metrics_test": {"acc": 0.6451573796981742, "auc": 0.5161827325875592, "nll": 0.6497767933170006, "mse": 0.2286515210603398, "rmse": 0.4781751991272026, "f1": 0.7843108357408782}}