{"time": "2021-05-25T00:51:50.751772", "features": ["tcA_TW", "tcW_TW"], "seed": 888, "split_id": 3, "metrics_train": {"acc": 0.7040837961885124, "auc": 0.7434944203592145, "nll": 0.5733663351361656, "mse": 0.1943907575478327, "rmse": 0.4408976724227887, "f1": 0.794376411684888}, "metrics_test": {"acc": 0.7045723924891342, "auc": 0.7420868146004078, "nll": 0.5729139211409244, "mse": 0.1941932126712348, "rmse": 0.4406735897137867, "f1": 0.794376411684888}}