{"time": "2021-05-24T21:48:16.441510", "features": ["icA", "icW"], "seed": 888, "split_id": 0, "metrics_train": {"acc": 0.6433674962013557, "auc": 0.5, "nll": 0.6514560149371447, "mse": 0.22944576103295544, "rmse": 0.4790049697372204, "f1": 0.7815191976466864}, "metrics_test": {"acc": 0.6413881910468339, "auc": 0.5, "nll": 0.6526238249334678, "mse": 0.23001329693392455, "rmse": 0.4795970151428432, "f1": 0.7815191976466864}}