{"time": "2021-05-24T23:09:18.021048", "features": ["hour"], "seed": 888, "split_id": 1, "metrics_train": {"acc": 0.6428854355783117, "auc": 0.5166991536043495, "nll": 0.6510925596355941, "mse": 0.2292898834813255, "rmse": 0.47884223234936735, "f1": 0.7829515985496256}, "metrics_test": {"acc": 0.6433200171961696, "auc": 0.5164877182855098, "nll": 0.6508834031163874, "mse": 0.22918636549390445, "rmse": 0.478734128190068, "f1": 0.7829515985496256}}