{"time": "2021-05-25T00:11:46.686901", "features": ["pre"], "seed": 888, "split_id": 2, "metrics_train": {"acc": 0.642865368226948, "auc": 0.5744968154366943, "nll": 0.6437349647198068, "mse": 0.2259436584450881, "rmse": 0.47533531159076337, "f1": 0.7807079881543925}, "metrics_test": {"acc": 0.6430038926107053, "auc": 0.5753998600040113, "nll": 0.6434679229070348, "mse": 0.22582584480459428, "rmse": 0.4752113685557136, "f1": 0.7807079881543925}}