{"time": "2021-05-25T01:34:35.183032", "features": ["precA", "precW"], "seed": 888, "split_id": 3, "metrics_train": {"acc": 0.692328799015532, "auc": 0.7192459947307215, "nll": 0.5896246564180173, "mse": 0.2011884966102553, "rmse": 0.4485404068868883, "f1": 0.7893579913248489}, "metrics_test": {"acc": 0.6930460062882677, "auc": 0.7173958806173066, "nll": 0.5891022743977745, "mse": 0.20096929141620468, "rmse": 0.44829598639314705, "f1": 0.7893579913248489}}