{"time": "2021-05-25T00:38:47.229357", "features": ["icA_TW", "icW_TW", "scA_TW", "scW_TW", "tcA_TW", "tcW_TW"], "seed": 888, "split_id": 2, "metrics_train": {"acc": 0.7110306186781193, "auc": 0.7516669468782683, "nll": 0.5655310401802078, "mse": 0.19104383535930125, "rmse": 0.4370856155941319, "f1": 0.7974424370732957}, "metrics_test": {"acc": 0.712044268252562, "auc": 0.7533142170512468, "nll": 0.5644620855944389, "mse": 0.19055903715248698, "rmse": 0.4365306829450674, "f1": 0.7974424370732957}}