{"time": "2021-05-25T01:52:27.809877", "features": ["week"], "seed": 888, "split_id": 4, "metrics_train": {"acc": 0.6432339755205364, "auc": 0.5306765221165995, "nll": 0.6500842257726367, "mse": 0.22881976142545107, "rmse": 0.47835108594572157, "f1": 0.7819221790764561}, "metrics_test": {"acc": 0.6419312178950968, "auc": 0.5313075502575607, "nll": 0.6508235129869905, "mse": 0.229178684156452, "rmse": 0.47872610557233247, "f1": 0.7819221790764561}}