{"time": "2021-05-25T00:01:39.769083", "features": ["scA", "scW"], "seed": 888, "split_id": 2, "metrics_train": {"acc": 0.6832922688795275, "auc": 0.6970627516137918, "nll": 0.6008913689379728, "mse": 0.2062764663329562, "rmse": 0.4541766906534903, "f1": 0.7845759303206653}, "metrics_test": {"acc": 0.6845106816398907, "auc": 0.6990682101449556, "nll": 0.5998353640788774, "mse": 0.20578288631927133, "rmse": 0.45363298636592925, "f1": 0.7845759303206653}}