{"time": "2021-12-14T11:28:58.290299", "features": ["ppe"], "seed": 888, "split_id": 0, "metrics_train": {"acc": 0.6435250789252002, "auc": 0.5647052099979056, "nll": 0.6449860919691355, "mse": 0.22650254156876756, "rmse": 0.4759228315270949, "f1": 0.780050240233886}, "metrics_test": {"acc": 0.6414607127136294, "auc": 0.561884039648358, "nll": 0.6466729409721276, "mse": 0.22729598357307274, "rmse": 0.47675568541242663, "f1": 0.780050240233886}}