{"time": "2021-05-25T01:02:01.022877", "features": ["day"], "seed": 888, "split_id": 3, "metrics_train": {"acc": 0.6424276817128615, "auc": 0.5155782732910973, "nll": 0.6513473397775629, "mse": 0.22941583361339107, "rmse": 0.4789737295649847, "f1": 0.7843108357408782}, "metrics_test": {"acc": 0.6451573796981742, "auc": 0.5155642716919725, "nll": 0.6498588811491723, "mse": 0.2286884808022675, "rmse": 0.47821384421853314, "f1": 0.7843108357408782}}