{"time": "2021-05-25T01:00:14.031609", "features": ["week"], "seed": 888, "split_id": 3, "metrics_train": {"acc": 0.6424276817128615, "auc": 0.5310997989684353, "nll": 0.6505303383969931, "mse": 0.22903699217268675, "rmse": 0.4785780941212069, "f1": 0.7843108357408782}, "metrics_test": {"acc": 0.6451573796981742, "auc": 0.5296727681635733, "nll": 0.6490474036298691, "mse": 0.22831356565604902, "rmse": 0.47782168813904735, "f1": 0.7843108357408782}}