{"time": "2021-05-24T23:49:23.139922", "features": ["icA_TW", "icW_TW", "scA_TW", "scW_TW", "tcA_TW", "tcW_TW"], "seed": 888, "split_id": 1, "metrics_train": {"acc": 0.7112676318359951, "auc": 0.7521179967672406, "nll": 0.5652848720635062, "mse": 0.19093455369494347, "rmse": 0.43696058597423115, "f1": 0.7971081551866799}, "metrics_test": {"acc": 0.71106488034332, "auc": 0.7514978671038185, "nll": 0.5654253359698536, "mse": 0.19099627345699247, "rmse": 0.43703120421429004, "f1": 0.7971081551866799}}