{"time": "2021-05-25T00:48:45.724764", "features": ["scA_TW", "scW_TW"], "seed": 888, "split_id": 2, "metrics_train": {"acc": 0.6876998521881248, "auc": 0.7034586882392763, "nll": 0.5968745123171342, "mse": 0.20445122605231605, "rmse": 0.4521628313476419, "f1": 0.7879283323369751}, "metrics_test": {"acc": 0.6884795437841065, "auc": 0.705155900581459, "nll": 0.5960576671279935, "mse": 0.20406355678162746, "rmse": 0.45173394468605904, "f1": 0.7879283323369751}}