{"time": "2021-05-24T23:59:09.761747", "features": ["month"], "seed": 888, "split_id": 2, "metrics_train": {"acc": 0.6429485218560494, "auc": 0.5262391875789697, "nll": 0.650623104757103, "mse": 0.22907096857222736, "rmse": 0.47861359004130605, "f1": 0.7827656915673403}, "metrics_test": {"acc": 0.643069034568413, "auc": 0.5265099287187514, "nll": 0.6505014888329186, "mse": 0.22901249652770803, "rmse": 0.4785525013284415, "f1": 0.7827656915673403}}