{"time": "2021-05-24T23:42:19.789735", "features": ["i"], "seed": 888, "split_id": 2, "metrics_train": {"acc": 0.6732920370572888, "auc": 0.6877349062263838, "nll": 0.5998314666453174, "mse": 0.20683815217007723, "rmse": 0.45479462636455725, "f1": 0.7747760846756571}, "metrics_test": {"acc": 0.6722533890860962, "auc": 0.6849577105883475, "nll": 0.6015078224223149, "mse": 0.20749923881235002, "rmse": 0.4555208434444576, "f1": 0.7747760846756571}}