{"time": "2021-12-14T11:33:51.969014", "features": ["rpfa_F", "rpfa_R"], "seed": 888, "split_id": 1, "metrics_train": {"acc": 0.6870696390399228, "auc": 0.7036797637558672, "nll": 0.5921319743714152, "mse": 0.20298964287133484, "rmse": 0.4505437191564597, "f1": 0.7864913430763891}, "metrics_test": {"acc": 0.6867966603228556, "auc": 0.7030771748617068, "nll": 0.5922277611444797, "mse": 0.20303568210321185, "rmse": 0.4505948092279935, "f1": 0.7864913430763891}}