{"time": "2021-05-24T21:46:16.185242", "features": ["gender"], "seed": 888, "split_id": 0, "metrics_train": {"acc": 0.6433674962013557, "auc": 0.5142991459511187, "nll": 0.6511330478435491, "mse": 0.2292975865104068, "rmse": 0.47885027567122357, "f1": 0.7815191976466864}, "metrics_test": {"acc": 0.6413881910468339, "auc": 0.5181004582470743, "nll": 0.6521204096566201, "mse": 0.22978147244050967, "rmse": 0.4793552674588125, "f1": 0.7815191976466864}}