{"time": "2021-05-24T23:34:38.005395", "features": ["scA_TW", "scW_TW"], "seed": 888, "split_id": 1, "metrics_train": {"acc": 0.6878738171843006, "auc": 0.7038694629468172, "nll": 0.5967063753585832, "mse": 0.20437273401304737, "rmse": 0.45207602680638503, "f1": 0.7876243103747205}, "metrics_test": {"acc": 0.68773566168799, "auc": 0.70341078991915, "nll": 0.5967338783472896, "mse": 0.20437321226290764, "rmse": 0.452076555754562, "f1": 0.7876243103747205}}