{"time": "2021-05-24T22:05:57.423439", "features": ["weekend"], "seed": 888, "split_id": 0, "metrics_train": {"acc": 0.6433674962013557, "auc": 0.5129724894983684, "nll": 0.6508654207854889, "mse": 0.2291785045434076, "rmse": 0.47872591797750785, "f1": 0.7815191976466864}, "metrics_test": {"acc": 0.6413881910468339, "auc": 0.5115191803366792, "nll": 0.6521630353185383, "mse": 0.2298036383263908, "rmse": 0.47937838742103384, "f1": 0.7815191976466864}}