{"time": "2021-05-24T23:48:03.298138", "features": ["gender"], "seed": 888, "split_id": 2, "metrics_train": {"acc": 0.6429485218560494, "auc": 0.51532325645451, "nll": 0.6513273624316034, "mse": 0.2293932096748714, "rmse": 0.4789501118852269, "f1": 0.7827656915673403}, "metrics_test": {"acc": 0.643069034568413, "auc": 0.5140322108554776, "nll": 0.6513308446551445, "mse": 0.22939319025165097, "rmse": 0.4789500916083543, "f1": 0.7827656915673403}}