{"time": "2021-05-24T21:44:14.047428", "features": ["i"], "seed": 888, "split_id": 0, "metrics_train": {"acc": 0.6736121052755887, "auc": 0.6877586847005677, "nll": 0.5996181217736916, "mse": 0.20673896239648576, "rmse": 0.4546855643150393, "f1": 0.7736639996939778}, "metrics_test": {"acc": 0.6710733055072499, "auc": 0.684874027770952, "nll": 0.6023701232005444, "mse": 0.20789848910872005, "rmse": 0.45595886778164546, "f1": 0.7736639996939778}}