{"time": "2021-05-25T01:29:28.143973", "features": ["smA", "smW"], "seed": 888, "split_id": 3, "metrics_train": {"acc": 0.6811339775511459, "auc": 0.6885262931516068, "nll": 0.6035130902857179, "mse": 0.20757428219084662, "rmse": 0.45560320695847456, "f1": 0.7847022226947937}, "metrics_test": {"acc": 0.6819126052517063, "auc": 0.686755187183902, "nll": 0.6029026075530114, "mse": 0.20731076671024443, "rmse": 0.4553139210591352, "f1": 0.7847022226947937}}