{"time": "2021-05-24T22:50:28.608842", "features": ["sm"], "seed": 888, "split_id": 1, "metrics_train": {"acc": 0.6463001026096501, "auc": 0.5838664047839401, "nll": 0.6397316381990827, "mse": 0.2239698291115961, "rmse": 0.4732545077562348, "f1": 0.7765575755800198}, "metrics_test": {"acc": 0.647190915193218, "auc": 0.5831893170143717, "nll": 0.6395544656360808, "mse": 0.2238791948978063, "rmse": 0.4731587417535539, "f1": 0.7765575755800198}}