{"time": "2021-05-24T23:46:13.426998", "features": ["tea"], "seed": 888, "split_id": 2, "metrics_train": {"acc": 0.6737309244314937, "auc": 0.6799955361227872, "nll": 0.6045522337700149, "mse": 0.20846802725693178, "rmse": 0.45658299054709844, "f1": 0.7724003694389386}, "metrics_test": {"acc": 0.6699229229246921, "auc": 0.6700084101523851, "nll": 0.610227271694944, "mse": 0.21080948912497344, "rmse": 0.45913994503307315, "f1": 0.7724003694389386}}