{"time": "2021-05-24T21:46:28.587722", "features": ["ss"], "seed": 888, "split_id": 0, "metrics_train": {"acc": 0.6433674962013557, "auc": 0.5513234043103522, "nll": 0.6463057420315051, "mse": 0.2270421967401675, "rmse": 0.4764894508172951, "f1": 0.7815191976466864}, "metrics_test": {"acc": 0.6413881910468339, "auc": 0.5511066472486774, "nll": 0.6474687547335801, "mse": 0.22760126887761792, "rmse": 0.4770757475261323, "f1": 0.7815191976466864}}