{"time": "2021-12-14T11:36:25.136546", "features": ["rpfa_F", "rpfa_R"], "seed": 888, "split_id": 2, "metrics_train": {"acc": 0.6867163715384782, "auc": 0.7031461093722308, "nll": 0.5923901190686596, "mse": 0.20310662467752572, "rmse": 0.45067352338197736, "f1": 0.7870725596196246}, "metrics_test": {"acc": 0.6878228219546577, "auc": 0.7051902039028376, "nll": 0.5911942192988193, "mse": 0.20257257561392547, "rmse": 0.45008063234705564, "f1": 0.7870725596196246}}