{"time": "2021-05-25T01:40:14.812015", "features": ["sm"], "seed": 888, "split_id": 4, "metrics_train": {"acc": 0.6465059224528962, "auc": 0.5833068724649363, "nll": 0.6396621422058623, "mse": 0.22393550051229563, "rmse": 0.4732182377215566, "f1": 0.7756021419339739}, "metrics_test": {"acc": 0.6463151869462402, "auc": 0.58509717472983, "nll": 0.6398340425344925, "mse": 0.22401699308385165, "rmse": 0.47330433452890713, "f1": 0.7756021419339739}}