{"time": "2021-05-24T22:50:02.883943", "features": ["scA_TW", "scW_TW"], "seed": 888, "split_id": 0, "metrics_train": {"acc": 0.6883407994079626, "auc": 0.7041218507680206, "nll": 0.5962814862411248, "mse": 0.20418492598137009, "rmse": 0.4518682617548726, "f1": 0.7860428272530803}, "metrics_test": {"acc": 0.6860443549589406, "auc": 0.7022573244241973, "nll": 0.5984375418195587, "mse": 0.2051433200630921, "rmse": 0.45292749978676733, "f1": 0.7860428272530803}}