{"time": "2021-06-22T17:47:05.072171", "features": ["ones"], "seed": 888, "split_id": 3, "metrics_train": {"acc": 0.6424276817128615, "auc": 0.5, "nll": 0.6520085911153121, "mse": 0.2297143554819004, "rmse": 0.47928525481376993, "f1": 0.7843108357408782}, "metrics_test": {"acc": 0.6451573796981742, "auc": 0.5, "nll": 0.6504092159124948, "mse": 0.22893678647148955, "rmse": 0.4784733916023853, "f1": 0.7843108357408782}}