{"time": "2021-05-25T01:03:42.585576", "features": ["weekend"], "seed": 888, "split_id": 3, "metrics_train": {"acc": 0.6424276817128615, "auc": 0.512864114888196, "nll": 0.6514231238529868, "mse": 0.22944909468221245, "rmse": 0.4790084494893722, "f1": 0.7843108357408782}, "metrics_test": {"acc": 0.6451573796981742, "auc": 0.511923092489144, "nll": 0.6499270971175195, "mse": 0.22871884263959863, "rmse": 0.4782455882071455, "f1": 0.7843108357408782}}