{"time": "2021-05-25T01:34:23.529098", "features": ["scA_TW", "scW_TW"], "seed": 888, "split_id": 3, "metrics_train": {"acc": 0.6876597442479473, "auc": 0.7040775510621395, "nll": 0.5968527344209987, "mse": 0.20443361116809938, "rmse": 0.4521433524537316, "f1": 0.7887289319763215}, "metrics_test": {"acc": 0.6887413538844033, "auc": 0.7023752546350482, "nll": 0.5961503340380411, "mse": 0.20413329655297477, "rmse": 0.4518111292929544, "f1": 0.7887289319763215}}