{"time": "2021-05-24T22:59:20.054020", "features": ["icA_TW", "icW_TW"], "seed": 888, "split_id": 1, "metrics_train": {"acc": 0.6428854355783117, "auc": 0.5, "nll": 0.6517399293451555, "mse": 0.22958375229959765, "rmse": 0.4791489875806873, "f1": 0.7829515985496256}, "metrics_test": {"acc": 0.6433200171961696, "auc": 0.5, "nll": 0.6514844345811123, "mse": 0.22945956156440192, "rmse": 0.47901937493634006, "f1": 0.7829515985496256}}