{"time": "2021-12-14T11:30:05.983673", "features": ["ppe"], "seed": 888, "split_id": 1, "metrics_train": {"acc": 0.6429660299688791, "auc": 0.5641246569260258, "nll": 0.6453811492443449, "mse": 0.22668907777270134, "rmse": 0.47611876435685807, "f1": 0.7815745387960168}, "metrics_test": {"acc": 0.6433959418045418, "auc": 0.5644070855755096, "nll": 0.6450878673203881, "mse": 0.22655089345522536, "rmse": 0.4759736268484057, "f1": 0.7815745387960168}}