{"time": "2021-05-25T00:33:20.288839", "features": ["user_avg_correct"], "seed": 888, "split_id": 2, "metrics_train": {"acc": 0.6914039683935576, "auc": 0.7207190288917477, "nll": 0.581352149223762, "mse": 0.1988739378053093, "rmse": 0.44595284258014245, "f1": 0.7820601359348368}, "metrics_test": {"acc": 0.6923554902677158, "auc": 0.7220773960012568, "nll": 0.5804162416461969, "mse": 0.19849825620270067, "rmse": 0.4455314312174851, "f1": 0.7820601359348368}}