{"time": "2021-05-24T22:49:47.388245", "features": ["tea"], "seed": 888, "split_id": 1, "metrics_train": {"acc": 0.6739388704790756, "auc": 0.6803322646066128, "nll": 0.6044222072582103, "mse": 0.2084100541273079, "rmse": 0.4565195002705886, "f1": 0.7722917388565742}, "metrics_test": {"acc": 0.6690841028451616, "auc": 0.6685208711356531, "nll": 0.6108780170809402, "mse": 0.21109080981677186, "rmse": 0.459446199044863, "f1": 0.7722917388565742}}