{"time": "2021-05-25T01:39:01.010128", "features": ["s"], "seed": 888, "split_id": 4, "metrics_train": {"acc": 0.6431400624380088, "auc": 0.5746084591893414, "nll": 0.6435484340820748, "mse": 0.2258562032947089, "rmse": 0.4752433095738528, "f1": 0.7798720532645943}, "metrics_test": {"acc": 0.6419111160137366, "auc": 0.5751006140223253, "nll": 0.6442094646976304, "mse": 0.22617542994645554, "rmse": 0.47557904700108006, "f1": 0.7798720532645943}}