{"time": "2021-05-24T22:54:21.342095", "features": ["bundle"], "seed": 888, "split_id": 1, "metrics_train": {"acc": 0.6515696388192026, "auc": 0.6343690483519866, "nll": 0.6245117016900704, "mse": 0.2176504742327635, "rmse": 0.466530250072558, "f1": 0.7741519739612851}, "metrics_test": {"acc": 0.6505486935687834, "auc": 0.6296609752625286, "nll": 0.626591742974618, "mse": 0.21845999494247031, "rmse": 0.46739704207715127, "f1": 0.7741519739612851}}