{"time": "2021-12-14T11:31:41.456151", "features": ["rpfa_R"], "seed": 888, "split_id": 2, "metrics_train": {"acc": 0.6429463800201484, "auc": 0.6192513456149259, "nll": 0.6291587553160836, "mse": 0.21985883255183006, "rmse": 0.4688910668287785, "f1": 0.7827640219003329}, "metrics_test": {"acc": 0.6430677721273722, "auc": 0.6202715037896649, "nll": 0.6287431012150871, "mse": 0.21966817888939785, "rmse": 0.4686877200113076, "f1": 0.7827640219003329}}