{"time": "2021-05-25T02:24:45.949179", "features": ["n_gram"], "seed": 888, "split_id": 4, "metrics_train": {"acc": 0.6966966940450527, "auc": 0.7269271177338138, "nll": 0.5755618831751133, "mse": 0.19651993672643386, "rmse": 0.4433056921881715, "f1": 0.7797566474674358}, "metrics_test": {"acc": 0.6968596087118538, "auc": 0.728268514969286, "nll": 0.5752790854811599, "mse": 0.19642125675101796, "rmse": 0.4431943780679285, "f1": 0.7797566474674358}}