{"time": "2021-05-25T00:39:43.361083", "features": ["s"], "seed": 888, "split_id": 3, "metrics_train": {"acc": 0.6423431482819683, "auc": 0.5747177168898728, "nll": 0.6439833665549681, "mse": 0.22606612925077177, "rmse": 0.47546411983531606, "f1": 0.7822244793210278}, "metrics_test": {"acc": 0.6449810920087882, "auc": 0.5746576698179717, "nll": 0.642473518585571, "mse": 0.22533584576881396, "rmse": 0.47469552954374233, "f1": 0.7822244793210278}}