{"time": "2021-06-22T17:47:06.713067", "features": ["ones"], "seed": 888, "split_id": 0, "metrics_train": {"acc": 0.6433674962013557, "auc": 0.5, "nll": 0.651456015107635, "mse": 0.2294457611111932, "rmse": 0.47900496981888735, "f1": 0.7815191976466864}, "metrics_test": {"acc": 0.6413881910468339, "auc": 0.5, "nll": 0.6526237491224772, "mse": 0.2300132621447107, "rmse": 0.4795969788736275, "f1": 0.7815191976466864}}