{"time": "2021-12-14T11:35:00.304116", "features": ["rpfa_F"], "seed": 888, "split_id": 4, "metrics_train": {"acc": 0.6791939822969109, "auc": 0.6552080773376882, "nll": 0.611532998481639, "mse": 0.21064877578815813, "rmse": 0.4589648960303589, "f1": 0.783933759196112}, "metrics_test": {"acc": 0.6794991214221479, "auc": 0.6566898196420315, "nll": 0.6114460770966695, "mse": 0.210600702381792, "rmse": 0.458912521491615, "f1": 0.783933759196112}}