{"time": "2021-05-24T22:51:52.275568", "features": ["gender"], "seed": 888, "split_id": 1, "metrics_train": {"acc": 0.6428854355783117, "auc": 0.5155845515650848, "nll": 0.6513490956739484, "mse": 0.22940411680032702, "rmse": 0.47896149824419815, "f1": 0.7829515985496256}, "metrics_test": {"acc": 0.6433200171961696, "auc": 0.5129947608055954, "nll": 0.6512499777202475, "mse": 0.22935238683958287, "rmse": 0.47890749298751095, "f1": 0.7829515985496256}}