{"time": "2021-05-24T22:53:56.341628", "features": ["tcA", "tcW"], "seed": 888, "split_id": 1, "metrics_train": {"acc": 0.6902385499366439, "auc": 0.7201718296364965, "nll": 0.5869653051324605, "mse": 0.20055819579796558, "rmse": 0.44783724253121865, "f1": 0.7858221103010741}, "metrics_test": {"acc": 0.6903834695534778, "auc": 0.7194559046677143, "nll": 0.587045670160027, "mse": 0.200607269908465, "rmse": 0.44789202929775945, "f1": 0.7858221103010741}}