{"time": "2021-05-24T23:39:03.768325", "features": ["smA", "smW"], "seed": 888, "split_id": 1, "metrics_train": {"acc": 0.681244581714167, "auc": 0.6883711698981045, "nll": 0.6033873287390591, "mse": 0.20752235018681955, "rmse": 0.45554621081380925, "f1": 0.7839526430049982}, "metrics_test": {"acc": 0.6815545940673216, "auc": 0.6878071393313859, "nll": 0.6034051513456318, "mse": 0.20751684347268864, "rmse": 0.45554016669519787, "f1": 0.7839526430049982}}