{"time": "2021-05-25T00:48:10.064432", "features": ["icA", "icW"], "seed": 888, "split_id": 3, "metrics_train": {"acc": 0.6424276817128615, "auc": 0.5, "nll": 0.6520085912713464, "mse": 0.2297143555535874, "rmse": 0.4792852548885553, "f1": 0.7843108357408782}, "metrics_test": {"acc": 0.6451573796981742, "auc": 0.5, "nll": 0.6504093164596434, "mse": 0.22893683266598008, "rmse": 0.47847343987517227, "f1": 0.7843108357408782}}