{"time": "2021-12-14T11:33:22.108384", "features": ["rpfa_F"], "seed": 888, "split_id": 3, "metrics_train": {"acc": 0.6790104372960993, "auc": 0.6557748834849062, "nll": 0.6117070967701634, "mse": 0.21072453075146533, "rmse": 0.4590474166700705, "f1": 0.7854385503823438}, "metrics_test": {"acc": 0.6802057969352714, "auc": 0.6543849295086575, "nll": 0.6107484571463452, "mse": 0.21029196893113816, "rmse": 0.4585760230661195, "f1": 0.7854385503823438}}