{"time": "2021-05-24T23:38:49.875597", "features": ["n_gram"], "seed": 888, "split_id": 1, "metrics_train": {"acc": 0.6967807586000616, "auc": 0.7273881997389771, "nll": 0.5754295563400045, "mse": 0.19646773542985826, "rmse": 0.4432468109641154, "f1": 0.7801909932039988}, "metrics_test": {"acc": 0.6965670512340263, "auc": 0.726441062266387, "nll": 0.5758060076317131, "mse": 0.19662896815034686, "rmse": 0.443428650574528, "f1": 0.7801909932039988}}