{"time": "2021-05-24T22:02:10.915980", "features": ["month"], "seed": 888, "split_id": 0, "metrics_train": {"acc": 0.6433674962013557, "auc": 0.5263088511514737, "nll": 0.6503651060264865, "mse": 0.2289457636854645, "rmse": 0.4784827726109525, "f1": 0.7815191976466864}, "metrics_test": {"acc": 0.6413881910468339, "auc": 0.5262292290121624, "nll": 0.6515385381418068, "mse": 0.22951566624991024, "rmse": 0.47907793337818244, "f1": 0.7815191976466864}}