{"time": "2021-05-25T02:22:35.088756", "features": ["user_avg_correct"], "seed": 888, "split_id": 4, "metrics_train": {"acc": 0.6913725349707974, "auc": 0.7203287636199941, "nll": 0.5814469959890068, "mse": 0.19891779302324714, "rmse": 0.44600201011121815, "f1": 0.7810324054906947}, "metrics_test": {"acc": 0.6924758909342273, "auc": 0.7235946186597233, "nll": 0.5800436629684977, "mse": 0.19831217771919438, "rmse": 0.4453225546940042, "f1": 0.7810324054906947}}