{"time": "2021-12-14T11:32:51.364810", "features": ["ppe"], "seed": 888, "split_id": 3, "metrics_train": {"acc": 0.6425575684002697, "auc": 0.5641996466439756, "nll": 0.6456137453294875, "mse": 0.2268024681255692, "rmse": 0.4762378272728545, "f1": 0.7828937841087196}, "metrics_test": {"acc": 0.6452164790095157, "auc": 0.56367542302995, "nll": 0.6441546655919269, "mse": 0.22609376829267125, "rmse": 0.4754931842757278, "f1": 0.7828937841087196}}