{"time": "2021-12-14T11:34:16.975685", "features": ["rpfa_R"], "seed": 888, "split_id": 4, "metrics_train": {"acc": 0.6432323356681887, "auc": 0.6193268877277426, "nll": 0.6289693865200644, "mse": 0.2197708932167479, "rmse": 0.46879728371306495, "f1": 0.7819187292865705}, "metrics_test": {"acc": 0.6419271975188248, "auc": 0.6198928111942137, "nll": 0.6294983817619982, "mse": 0.22002036207729525, "rmse": 0.46906328152744514, "f1": 0.7819187292865705}}