{"time": "2021-05-24T22:12:43.494685", "features": ["pre"], "seed": 888, "split_id": 0, "metrics_train": {"acc": 0.6432691172186839, "auc": 0.5752789755669763, "nll": 0.6433408155805678, "mse": 0.22576041958787657, "rmse": 0.47514252555194064, "f1": 0.7794280320120113}, "metrics_test": {"acc": 0.6412502229978082, "auc": 0.572485205686091, "nll": 0.6450487557657094, "mse": 0.2265619095817294, "rmse": 0.4759851989103541, "f1": 0.7794280320120113}}