{"time": "2021-05-25T00:01:16.235049", "features": ["week"], "seed": 888, "split_id": 2, "metrics_train": {"acc": 0.6429485218560494, "auc": 0.5308156220827661, "nll": 0.6502485967471568, "mse": 0.22889990025555457, "rmse": 0.47843484431587396, "f1": 0.7827656915673403}, "metrics_test": {"acc": 0.643069034568413, "auc": 0.5308738479951891, "nll": 0.6501725405818194, "mse": 0.2288611430027311, "rmse": 0.4783943383890858, "f1": 0.7827656915673403}}