{"time": "2021-05-25T01:46:44.651066", "features": ["tcA_TW", "tcW_TW"], "seed": 888, "split_id": 4, "metrics_train": {"acc": 0.7040800030980595, "auc": 0.7428382561840066, "nll": 0.5734310449144668, "mse": 0.194414034747917, "rmse": 0.44092406914106763, "f1": 0.7926918122314269}, "metrics_test": {"acc": 0.7047279876232716, "auc": 0.7448910446366408, "nll": 0.5726593691872931, "mse": 0.1940782317788844, "rmse": 0.44054311001181756, "f1": 0.7926918122314269}}