{"time": "2021-05-24T22:45:56.162729", "features": ["precA", "precW"], "seed": 888, "split_id": 0, "metrics_train": {"acc": 0.6929276407466599, "auc": 0.719243611040088, "nll": 0.5890846679410445, "mse": 0.20095364436650523, "rmse": 0.4482785343583889, "f1": 0.7867885418125984}, "metrics_test": {"acc": 0.6908055160939982, "auc": 0.7174424790937972, "nll": 0.5912653434139892, "mse": 0.2019239565486717, "rmse": 0.4493594958923998, "f1": 0.7867885418125984}}