{"time": "2021-05-24T22:47:33.909136", "features": ["s"], "seed": 888, "split_id": 1, "metrics_train": {"acc": 0.6428338501233164, "auc": 0.574567491015756, "nll": 0.6437593763379051, "mse": 0.22595701815277588, "rmse": 0.47534936431300284, "f1": 0.7808457495924052}, "metrics_test": {"acc": 0.6432390644680375, "auc": 0.575297045800155, "nll": 0.6433729700841561, "mse": 0.22577521505740825, "rmse": 0.4751580948036224, "f1": 0.7808457495924052}}