{"time": "2021-05-25T01:40:48.256945", "features": ["gender"], "seed": 888, "split_id": 4, "metrics_train": {"acc": 0.6432339755205364, "auc": 0.5152203044202821, "nll": 0.651166455980651, "mse": 0.22931491568396747, "rmse": 0.47886836989298787, "f1": 0.7819221790764561}, "metrics_test": {"acc": 0.6419312178950968, "auc": 0.5144298034265541, "nll": 0.6519705844957964, "mse": 0.22970451178005047, "rmse": 0.47927498555636144, "f1": 0.7819221790764561}}