{"time": "2021-05-24T23:50:27.631052", "features": ["tcA", "tcW"], "seed": 888, "split_id": 2, "metrics_train": {"acc": 0.6900771640479993, "auc": 0.7197197846787747, "nll": 0.587157701437899, "mse": 0.2006420525799788, "rmse": 0.44793085691876466, "f1": 0.7860010880527021}, "metrics_test": {"acc": 0.6910183127172503, "auc": 0.721319174419646, "nll": 0.5862750282664958, "mse": 0.20026990931513897, "rmse": 0.4475152615443846, "f1": 0.7860010880527021}}