{"time": "2021-05-24T22:05:55.709615", "features": ["hour"], "seed": 888, "split_id": 0, "metrics_train": {"acc": 0.6433674962013557, "auc": 0.5166389467893532, "nll": 0.6508286228417347, "mse": 0.22916103085827846, "rmse": 0.47870766743209625, "f1": 0.7815191976466864}, "metrics_test": {"acc": 0.6413881910468339, "auc": 0.5166824094324363, "nll": 0.6519414095411076, "mse": 0.22970290429568874, "rmse": 0.4792733085575377, "f1": 0.7815191976466864}}