{"time": "2021-12-14T11:29:56.206415", "features": ["ppe"], "seed": 888, "split_id": 2, "metrics_train": {"acc": 0.6430565585787079, "auc": 0.5638078660129713, "nll": 0.6453863881365888, "mse": 0.2266891521875021, "rmse": 0.47611884250416103, "f1": 0.7814123212296391}, "metrics_test": {"acc": 0.6431490733304028, "auc": 0.5652385037669044, "nll": 0.6450646825439835, "mse": 0.22654788811005847, "rmse": 0.4759704697878414, "f1": 0.7814123212296391}}