{"time": "2021-06-22T17:47:16.393925", "features": ["ones"], "seed": 888, "split_id": 2, "metrics_train": {"acc": 0.6429485218560494, "auc": 0.5, "nll": 0.651702831793828, "mse": 0.22956572017427743, "rmse": 0.479130170386167, "f1": 0.7827656915673403}, "metrics_test": {"acc": 0.643069034568413, "auc": 0.5, "nll": 0.6516319526104867, "mse": 0.22953126803490492, "rmse": 0.47909421624029747, "f1": 0.7827656915673403}}