{"time": "2021-05-25T01:57:58.979255", "features": ["part_of_day"], "seed": 888, "split_id": 4, "metrics_train": {"acc": 0.6432339755205364, "auc": 0.5106660878498059, "nll": 0.6511159584381734, "mse": 0.22929509472585044, "rmse": 0.47884767382315896, "f1": 0.7819221790764561}, "metrics_test": {"acc": 0.6419312178950968, "auc": 0.5100753941925189, "nll": 0.6518460989418585, "mse": 0.22965096732524665, "rmse": 0.4792191224536503, "f1": 0.7819221790764561}}