{"time": "2021-05-25T00:09:52.190362", "features": ["post"], "seed": 888, "split_id": 2, "metrics_train": {"acc": 0.642865368226948, "auc": 0.5744957266272757, "nll": 0.6437349922596487, "mse": 0.22594366382318973, "rmse": 0.47533531724792943, "f1": 0.7807079881543925}, "metrics_test": {"acc": 0.6430038926107053, "auc": 0.5753981772573029, "nll": 0.6434679096367604, "mse": 0.22582583877163978, "rmse": 0.47521136220805976, "f1": 0.7807079881543925}}