{"time": "2021-05-25T01:42:27.024102", "features": ["bundle"], "seed": 888, "split_id": 4, "metrics_train": {"acc": 0.6518196747718682, "auc": 0.6343772209677467, "nll": 0.6243061361166689, "mse": 0.21755809314386124, "rmse": 0.4664312308838906, "f1": 0.7731695028262421}, "metrics_test": {"acc": 0.6494289683689358, "auc": 0.6296772284937415, "nll": 0.6274112506422935, "mse": 0.2188308545271603, "rmse": 0.46779360248635327, "f1": 0.7731695028262421}}