{"time": "2021-05-24T23:03:35.069809", "features": ["month"], "seed": 888, "split_id": 1, "metrics_train": {"acc": 0.6428854355783117, "auc": 0.526346356478502, "nll": 0.6506395136720541, "mse": 0.22907918829055493, "rmse": 0.4786221769731893, "f1": 0.7829515985496256}, "metrics_test": {"acc": 0.6433200171961696, "auc": 0.5260587903466821, "nll": 0.650438319749057, "mse": 0.22898071826572378, "rmse": 0.4785192976941722, "f1": 0.7829515985496256}}