{"time": "2021-05-25T01:56:25.739945", "features": ["weekend"], "seed": 888, "split_id": 4, "metrics_train": {"acc": 0.6432339755205364, "auc": 0.5125064296600542, "nll": 0.6509870921700486, "mse": 0.22923600981492034, "rmse": 0.47878597495636854, "f1": 0.7819221790764561}, "metrics_test": {"acc": 0.6419312178950968, "auc": 0.5133767683481826, "nll": 0.6516694294503128, "mse": 0.22957035900054748, "rmse": 0.4791350112447925, "f1": 0.7819221790764561}}