{"time": "2021-05-24T22:57:40.045899", "features": ["tcA_TW", "tcW_TW"], "seed": 888, "split_id": 1, "metrics_train": {"acc": 0.7042238208387959, "auc": 0.7433535231061521, "nll": 0.5732582558459876, "mse": 0.19434115369147906, "rmse": 0.4408414155810217, "f1": 0.7932896286246994}, "metrics_test": {"acc": 0.70404688218864, "auc": 0.742770402410095, "nll": 0.5733465225876869, "mse": 0.19438881115864423, "rmse": 0.44089546511462807, "f1": 0.7932896286246994}}