{"time": "2021-05-24T23:51:01.994385", "features": ["icA", "icW"], "seed": 888, "split_id": 2, "metrics_train": {"acc": 0.6429485218560494, "auc": 0.5, "nll": 0.6517028316302483, "mse": 0.22956572009917173, "rmse": 0.47913017030778987, "f1": 0.7827656915673403}, "metrics_test": {"acc": 0.643069034568413, "auc": 0.5, "nll": 0.6516319479169376, "mse": 0.2295312658799375, "rmse": 0.47909421399129576, "f1": 0.7827656915673403}}