{"time": "2021-12-14T11:30:35.103683", "features": ["rpfa_F"], "seed": 888, "split_id": 1, "metrics_train": {"acc": 0.6792766407501256, "auc": 0.6557108621373593, "nll": 0.61145895389707, "mse": 0.21061283885562898, "rmse": 0.4589257443809717, "f1": 0.7841527517981141}, "metrics_test": {"acc": 0.6791141961419237, "auc": 0.6546669763950049, "nll": 0.6117429115688882, "mse": 0.21073193535346446, "rmse": 0.4590554817813033, "f1": 0.7841527517981141}}