{"time": "2021-05-24T23:48:55.155835", "features": ["bundle"], "seed": 888, "split_id": 2, "metrics_train": {"acc": 0.6514681781140657, "auc": 0.6339125659147753, "nll": 0.624666812519277, "mse": 0.21771387890004656, "rmse": 0.466598198560653, "f1": 0.7743076022271124}, "metrics_test": {"acc": 0.6509039961561195, "auc": 0.631279931871642, "nll": 0.6260444017140755, "mse": 0.218239092866867, "rmse": 0.46716067136143535, "f1": 0.7743076022271124}}