{"time": "2021-05-24T23:36:28.511129", "features": ["user_avg_correct"], "seed": 888, "split_id": 1, "metrics_train": {"acc": 0.6915663393680959, "auc": 0.7211588133319465, "nll": 0.5811253288082115, "mse": 0.19878021682373265, "rmse": 0.44584775072184973, "f1": 0.781889113113361}, "metrics_test": {"acc": 0.6917023453664619, "auc": 0.7203123982340615, "nll": 0.5813245412497914, "mse": 0.19887547470321404, "rmse": 0.44595456573872416, "f1": 0.781889113113361}}