{"time": "2021-05-25T00:47:11.709208", "features": ["tcA", "tcW"], "seed": 888, "split_id": 3, "metrics_train": {"acc": 0.6901848497950537, "auc": 0.7204210393785062, "nll": 0.5870377627322843, "mse": 0.2005921217493799, "rmse": 0.4478751184754294, "f1": 0.7868870427940012}, "metrics_test": {"acc": 0.6906393509986395, "auc": 0.7184159784105034, "nll": 0.5867554767241573, "mse": 0.20046350129589435, "rmse": 0.44773150581112153, "f1": 0.7868870427940012}}