{"time": "2021-05-25T01:04:54.614825", "features": ["part_of_day"], "seed": 888, "split_id": 3, "metrics_train": {"acc": 0.6424276817128615, "auc": 0.5101764264269186, "nll": 0.6515900133793981, "mse": 0.2295250422285523, "rmse": 0.479087718720228, "f1": 0.7843108357408782}, "metrics_test": {"acc": 0.6451573796981742, "auc": 0.5120506352663855, "nll": 0.6499548827026912, "mse": 0.22873339702122106, "rmse": 0.478260804395699, "f1": 0.7843108357408782}}