{"time": "2021-05-19T22:43:46.693410", "features": ["hour"], "seed": 888, "split_id": 4, "metrics_train": {"acc": 0.6848647729409343, "auc": 0.5041398015316925, "nll": 0.6231237388839536, "mse": 0.21581454094022667, "rmse": 0.4645584365181916, "f1": 0.8143072242646247}, "metrics_test": {"acc": 0.6867775876930561, "auc": 0.5041603795525826, "nll": 0.6216385749008171, "mse": 0.2151072013994867, "rmse": 0.4637965086107125, "f1": 0.8143072242646247}}