{"time": "2021-05-19T22:37:04.492963", "features": ["month"], "seed": 888, "split_id": 4, "metrics_train": {"acc": 0.6848647729409343, "auc": 0.5137295364204091, "nll": 0.6228051630874557, "mse": 0.2156764484071935, "rmse": 0.46440978500371144, "f1": 0.8143072242646247}, "metrics_test": {"acc": 0.6867775876930561, "auc": 0.5144654654152752, "nll": 0.6213560727960322, "mse": 0.21498520456097536, "rmse": 0.46366497016808955, "f1": 0.8143072242646247}}