{"time": "2021-06-26T12:19:23.408925", "features": ["lag_time_cat"], "seed": 888, "split_id": 3, "metrics_train": {"acc": 0.6853373747788244, "auc": 0.5158951578553802, "nll": 0.622624955272461, "mse": 0.21558222163247293, "rmse": 0.4643083260425909, "f1": 0.8129825658819136}, "metrics_test": {"acc": 0.6848952193241643, "auc": 0.5156144107484237, "nll": 0.6229848831574138, "mse": 0.2157530197295763, "rmse": 0.4644922170818111, "f1": 0.8129825658819136}}