{"time": "2021-05-20T01:42:52.725013", "features": ["smA", "smW"], "seed": 888, "split_id": 4, "metrics_train": {"acc": 0.7033060730619752, "auc": 0.6280197669672416, "nll": 0.5949147448087435, "mse": 0.2031355581579078, "rmse": 0.45070562250531976, "f1": 0.8166363353548051}, "metrics_test": {"acc": 0.7044909748029307, "auc": 0.6263971614894407, "nll": 0.5940938253417748, "mse": 0.20274080116104115, "rmse": 0.4502674773521192, "f1": 0.8166363353548051}}