{"time": "2021-05-19T20:25:37.241381", "features": ["sm"], "seed": 888, "split_id": 4, "metrics_train": {"acc": 0.6848647729409343, "auc": 0.5529028051671269, "nll": 0.6185870707834517, "mse": 0.21390042577849858, "rmse": 0.46249370350146235, "f1": 0.8143072242646247}, "metrics_test": {"acc": 0.6867775876930561, "auc": 0.5523868600930063, "nll": 0.6172181743995604, "mse": 0.21324650148864105, "rmse": 0.46178620755566213, "f1": 0.8143072242646247}}