{"time": "2021-12-14T11:01:54.348439", "features": ["rpfa_R"], "seed": 888, "split_id": 1, "metrics_train": {"acc": 0.6857763810130124, "auc": 0.6360964479516708, "nll": 0.5933627134001761, "mse": 0.2039333489228407, "rmse": 0.4515898016151834, "f1": 0.8128350079990772}, "metrics_test": {"acc": 0.6858835986115384, "auc": 0.6352338640711742, "nll": 0.5936008999547567, "mse": 0.20401391804394317, "rmse": 0.4516789988962772, "f1": 0.8128350079990772}}