{"time": "2021-05-19T19:49:35.507752", "features": ["vt"], "seed": 888, "split_id": 3, "metrics_train": {"acc": 0.6853355065728557, "auc": 0.5330481456759741, "nll": 0.6213342730870172, "mse": 0.21501936286117276, "rmse": 0.46370180381487924, "f1": 0.8129774758329497}, "metrics_test": {"acc": 0.6848900843799705, "auc": 0.5322113281324363, "nll": 0.6217766112127237, "mse": 0.21522628994779092, "rmse": 0.4639248753276665, "f1": 0.8129774758329497}}