{"time": "2021-12-14T11:04:40.134095", "features": ["rpfa_F"], "seed": 888, "split_id": 3, "metrics_train": {"acc": 0.6996809798110454, "auc": 0.6001870212431785, "nll": 0.601062330669161, "mse": 0.20569762377646733, "rmse": 0.45353899917919666, "f1": 0.8146278465251322}, "metrics_test": {"acc": 0.6994360975451116, "auc": 0.5998993641879337, "nll": 0.6014830244384004, "mse": 0.20588135850841136, "rmse": 0.45374151067365587, "f1": 0.8146278465251322}}