{"time": "2021-05-19T07:08:07.370064", "features": ["rc"], "seed": 888, "split_id": 1, "metrics_train": {"acc": 0.6888991000750436, "auc": 0.5890223888378125, "nll": 0.6114573755818407, "mse": 0.21050107905177753, "rmse": 0.4588039658195835, "f1": 0.8142345702505551}, "metrics_test": {"acc": 0.6891065552347461, "auc": 0.5897877413779234, "nll": 0.6111606175160963, "mse": 0.21036277097807832, "rmse": 0.45865321428948724, "f1": 0.8142345702505551}}