{"time": "2021-06-26T12:19:28.092855", "features": ["prev_lag_time_cat"], "seed": 888, "split_id": 4, "metrics_train": {"acc": 0.6848647729409343, "auc": 0.5058034787648197, "nll": 0.62273552028979, "mse": 0.2156441517234131, "rmse": 0.464375011949839, "f1": 0.8143072242646247}, "metrics_test": {"acc": 0.6867775876930561, "auc": 0.5061132178914652, "nll": 0.6212448487746424, "mse": 0.21493493944806596, "rmse": 0.46361076286909686, "f1": 0.8143072242646247}}