{"time": "2021-05-19T21:35:46.051691", "features": ["icA_TW", "icW_TW"], "seed": 888, "split_id": 4, "metrics_train": {"acc": 0.684871509020225, "auc": 0.503264213395875, "nll": 0.6224642009242513, "mse": 0.21557426881517575, "rmse": 0.46429976180822635, "f1": 0.8143087514879056}, "metrics_test": {"acc": 0.6867826906386039, "auc": 0.5030658958079054, "nll": 0.6210300614528653, "mse": 0.2148884780077868, "rmse": 0.4635606519192357, "f1": 0.8143087514879056}}