{"time": "2021-06-26T12:19:50.280250", "features": ["lag_time_cat"], "seed": 888, "split_id": 1, "metrics_train": {"acc": 0.6852182598256283, "auc": 0.5160962565542336, "nll": 0.6227201579528132, "mse": 0.21562749520726535, "rmse": 0.46435707726626213, "f1": 0.8133180079601575}, "metrics_test": {"acc": 0.685371492460341, "auc": 0.5147468162228986, "nll": 0.6226017237115054, "mse": 0.2155709633382744, "rmse": 0.4642962021579268, "f1": 0.8133180079601575}}