{"time": "2021-05-19T01:59:09.520732", "features": ["n_gram"], "seed": 888, "split_id": 0, "metrics_train": {"acc": 0.7086209722528395, "auc": 0.6497335751864498, "nll": 0.5853519914715766, "mse": 0.1990860539553671, "rmse": 0.4461906027196977, "f1": 0.818482188068171}, "metrics_test": {"acc": 0.708755406731257, "auc": 0.6503773111778566, "nll": 0.5850123003676094, "mse": 0.19895322722089298, "rmse": 0.4460417326000931, "f1": 0.818482188068171}}