{"time": "2021-05-19T00:38:09.462596", "features": ["icA", "icW", "scA", "scW", "tcA", "tcW"], "seed": 888, "split_id": 0, "metrics_train": {"acc": 0.7208263369872657, "auc": 0.7112107558195195, "nll": 0.5572492147754576, "mse": 0.18778197075526, "rmse": 0.4333381713572669, "f1": 0.8210945143539579}, "metrics_test": {"acc": 0.7204474228379298, "auc": 0.7106816059577163, "nll": 0.5578825390132531, "mse": 0.1880156681754541, "rmse": 0.4336077353731759, "f1": 0.8210945143539579}}