{"time": "2021-12-14T11:01:52.962863", "features": ["rpfa_R"], "seed": 888, "split_id": 0, "metrics_train": {"acc": 0.6858956596847839, "auc": 0.6360019590568641, "nll": 0.5933112728867779, "mse": 0.2039063725142651, "rmse": 0.4515599323614365, "f1": 0.8124356156835398}, "metrics_test": {"acc": 0.6853104294225753, "auc": 0.6356865877037076, "nll": 0.5937981691436324, "mse": 0.2041192622453588, "rmse": 0.45179559785965023, "f1": 0.8124356156835398}}