{"time": "2021-05-19T20:23:26.074655", "features": ["d"], "seed": 888, "split_id": 4, "metrics_train": {"acc": 0.6851347507220302, "auc": 0.5472398817339164, "nll": 0.6191239884311939, "mse": 0.21406699088893524, "rmse": 0.4626737413004279, "f1": 0.8136271611347105}, "metrics_test": {"acc": 0.6870231669475413, "auc": 0.5473177121015255, "nll": 0.6176219188987074, "mse": 0.21335972753307136, "rmse": 0.46190878702734306, "f1": 0.8136271611347105}}