{"time": "2021-05-19T00:26:33.296949", "features": ["sm"], "seed": 888, "split_id": 0, "metrics_train": {"acc": 0.6853540690265134, "auc": 0.5526611966286596, "nll": 0.6182556261423151, "mse": 0.213741001967144, "rmse": 0.4623213189624117, "f1": 0.8129343138061575}, "metrics_test": {"acc": 0.6848267313771961, "auc": 0.5533645986195583, "nll": 0.6185349160468051, "mse": 0.21388011806783097, "rmse": 0.46247174839965194, "f1": 0.8129343138061575}}