{"time": "2021-12-14T11:01:59.073853", "features": ["rpfa_F"], "seed": 888, "split_id": 0, "metrics_train": {"acc": 0.699792788502234, "auc": 0.6008018913211373, "nll": 0.6009779416357495, "mse": 0.20566002609328984, "rmse": 0.45349754805653564, "f1": 0.8143402005832366}, "metrics_test": {"acc": 0.6989651351135596, "auc": 0.6001427328364131, "nll": 0.6018078858492906, "mse": 0.2060200965505492, "rmse": 0.45389436717208687, "f1": 0.8143402005832366}}