{"time": "2021-05-19T16:46:41.898385", "features": ["tea"], "seed": 888, "split_id": 3, "metrics_train": {"acc": 0.688618531610392, "auc": 0.5990716347936149, "nll": 0.6080714977875588, "mse": 0.20931480035313169, "rmse": 0.4575093445527989, "f1": 0.8096590431483752}, "metrics_test": {"acc": 0.6826675093680639, "auc": 0.5637355430544707, "nll": 0.6196831579849215, "mse": 0.21423144332141536, "rmse": 0.4628514268330771, "f1": 0.8096590431483752}}