{"time": "2021-05-19T02:23:52.612807", "features": ["t"], "seed": 888, "split_id": 1, "metrics_train": {"acc": 0.6854489741608502, "auc": 0.593577452961263, "nll": 0.6107180434401586, "mse": 0.2105619587268052, "rmse": 0.4588703070877491, "f1": 0.8125857672237539}, "metrics_test": {"acc": 0.6854761642400011, "auc": 0.5931491782959766, "nll": 0.6107290278195172, "mse": 0.210561378857347, "rmse": 0.45886967524270655, "f1": 0.8125857672237539}}