{"time": "2021-12-14T11:03:26.171890", "features": ["rpfa_F", "rpfa_R"], "seed": 888, "split_id": 1, "metrics_train": {"acc": 0.7045559610081008, "auc": 0.6664110154465762, "nll": 0.580322848219246, "mse": 0.19775897547951723, "rmse": 0.44470099559087706, "f1": 0.816262948889447}, "metrics_test": {"acc": 0.7043209062665274, "auc": 0.6652789726044483, "nll": 0.5808680670505424, "mse": 0.19796195243093306, "rmse": 0.4449291543953184, "f1": 0.816262948889447}}