{"time": "2021-12-14T11:02:17.611841", "features": ["ppe"], "seed": 888, "split_id": 2, "metrics_train": {"acc": 0.6927287297426025, "auc": 0.634993891143092, "nll": 0.595493406066224, "mse": 0.20420466298339474, "rmse": 0.4518901005591899, "f1": 0.8103804416776991}, "metrics_test": {"acc": 0.6912359819559918, "auc": 0.6341868060505527, "nll": 0.5967264431525583, "mse": 0.20474592407137587, "rmse": 0.4524885899902625, "f1": 0.8103804416776991}}