{"time": "2021-05-19T02:33:46.010757", "features": ["icA", "icW", "scA", "scW", "tcA", "tcW"], "seed": 888, "split_id": 1, "metrics_train": {"acc": 0.7208177919365286, "auc": 0.7110616278158387, "nll": 0.5572662355247933, "mse": 0.18779466311536472, "rmse": 0.4333528159771951, "f1": 0.821101817804183}, "metrics_test": {"acc": 0.7205675376080609, "auc": 0.7110357165505304, "nll": 0.5578068297720642, "mse": 0.18797179026884145, "rmse": 0.4335571361064669, "f1": 0.821101817804183}}