{"time": "2021-05-19T20:48:30.989539", "features": ["icA", "icW"], "seed": 888, "split_id": 4, "metrics_train": {"acc": 0.6848672321444849, "auc": 0.5032625638782825, "nll": 0.6225191825023991, "mse": 0.21558874746286805, "rmse": 0.4643153534645048, "f1": 0.8143082129255135}, "metrics_test": {"acc": 0.6867799265430988, "auc": 0.5030642062216353, "nll": 0.6210944612327086, "mse": 0.21490560344613366, "rmse": 0.4635791231776229, "f1": 0.8143082129255135}}