{"time": "2021-05-19T01:53:53.246519", "features": ["smA", "smW"], "seed": 888, "split_id": 0, "metrics_train": {"acc": 0.7035408796138481, "auc": 0.6275443233422502, "nll": 0.5947495407093023, "mse": 0.2030587371748774, "rmse": 0.4506203914326086, "f1": 0.8156599411071519}, "metrics_test": {"acc": 0.7035503951559808, "auc": 0.6283060099347304, "nll": 0.5947521655924191, "mse": 0.20304563109470525, "rmse": 0.45060584893530314, "f1": 0.8156599411071519}}