{"time": "2021-05-19T07:03:21.531902", "features": ["vs"], "seed": 888, "split_id": 1, "metrics_train": {"acc": 0.6859234520426508, "auc": 0.5724397285242362, "nll": 0.6145969533238109, "mse": 0.21197536083279103, "rmse": 0.46040782012558285, "f1": 0.8133087758128198}, "metrics_test": {"acc": 0.6859882703911986, "auc": 0.5720026866686403, "nll": 0.614586786036943, "mse": 0.2119706653001742, "rmse": 0.46040272077842265, "f1": 0.8133087758128198}}