{"time": "2021-05-19T02:16:14.210660", "features": ["d"], "seed": 888, "split_id": 1, "metrics_train": {"acc": 0.6854758747891804, "auc": 0.5473108807680976, "nll": 0.6188426584979873, "mse": 0.21393498691290866, "rmse": 0.46253106588953424, "f1": 0.8126496240464492}, "metrics_test": {"acc": 0.6856661870448609, "auc": 0.5470392737374714, "nll": 0.6187397104139868, "mse": 0.2138843133797814, "rmse": 0.4624762841268527, "f1": 0.8126496240464492}}