{"time": "2021-06-25T16:11:24.342413", "features": ["prev_resp_time_cat"], "seed": 888, "split_id": 3, "metrics_train": {"acc": 0.6945928941665055, "auc": 0.5588081408095271, "nll": 0.6117892885951209, "mse": 0.21064134595670797, "rmse": 0.4589568018416417, "f1": 0.8160966524233715}, "metrics_test": {"acc": 0.6935088742533471, "auc": 0.5574826384176708, "nll": 0.612861114191156, "mse": 0.21112576687269444, "rmse": 0.45948424006998806, "f1": 0.8160966524233715}}