{"time": "2021-12-14T11:05:20.981935", "features": ["ppe"], "seed": 888, "split_id": 4, "metrics_train": {"acc": 0.692078418868977, "auc": 0.6350124478270913, "nll": 0.5959534595638102, "mse": 0.2044148466543955, "rmse": 0.45212260135321203, "f1": 0.8119809865115679}, "metrics_test": {"acc": 0.6935215554798618, "auc": 0.6341528681587995, "nll": 0.5948638815246207, "mse": 0.2038980961505489, "rmse": 0.4515507680765795, "f1": 0.8119809865115679}}