{"time": "2021-05-19T01:44:06.238154", "features": ["vs"], "seed": 888, "split_id": 0, "metrics_train": {"acc": 0.686030017264869, "auc": 0.5722447713473255, "nll": 0.6145514754894763, "mse": 0.21195436107280904, "rmse": 0.4603850139533313, "f1": 0.8129456800488369}, "metrics_test": {"acc": 0.6854921917315532, "auc": 0.5727618993267376, "nll": 0.6147694933607394, "mse": 0.21205713176672367, "rmse": 0.46049661428367056, "f1": 0.8129456800488369}}