{"time": "2021-05-19T03:04:19.708692", "features": ["scA_TW", "scW_TW"], "seed": 888, "split_id": 1, "metrics_train": {"acc": 0.7081520883444444, "auc": 0.6701058867757448, "nll": 0.5774705908741868, "mse": 0.19652792614949133, "rmse": 0.4433147032859291, "f1": 0.8164788005389078}, "metrics_test": {"acc": 0.7072608456842848, "auc": 0.6673744252889489, "nll": 0.5790127761520435, "mse": 0.1971260002152164, "rmse": 0.44398873883829126, "f1": 0.8164788005389078}}