{"time": "2021-05-19T00:30:22.852417", "features": ["t"], "seed": 888, "split_id": 0, "metrics_train": {"acc": 0.6855623526113614, "auc": 0.5938948533113303, "nll": 0.6105352344618794, "mse": 0.2104814712158829, "rmse": 0.4587825968973571, "f1": 0.8122670396122035}, "metrics_test": {"acc": 0.6850342451349075, "auc": 0.5918647764672995, "nll": 0.611458611347884, "mse": 0.21088311141737442, "rmse": 0.4592201121655871, "f1": 0.8122670396122035}}