{"time": "2021-05-19T00:24:21.595860", "features": ["sch"], "seed": 888, "split_id": 0, "metrics_train": {"acc": 0.6856485996169183, "auc": 0.5665258001902713, "nll": 0.6164659825662145, "mse": 0.21290732613413607, "rmse": 0.46141881857390266, "f1": 0.8123135497800323}, "metrics_test": {"acc": 0.6842488259485332, "auc": 0.5560158732227823, "nll": 0.6192498619877793, "mse": 0.21414332029348945, "rmse": 0.4627562212369375, "f1": 0.8123135497800323}}