{"time": "2021-05-19T19:56:53.011531", "features": ["smA", "smW"], "seed": 888, "split_id": 3, "metrics_train": {"acc": 0.7036407224277753, "auc": 0.6277186446402274, "nll": 0.5946615117818561, "mse": 0.20301451758394667, "rmse": 0.4505713235259726, "f1": 0.8154328101327386}, "metrics_test": {"acc": 0.7031490901092845, "auc": 0.627597179675073, "nll": 0.59510189942132, "mse": 0.20322265110841803, "rmse": 0.4508022305938803, "f1": 0.8154328101327386}}