{"time": "2021-06-26T12:20:12.614965", "features": ["prev_lag_time_cat"], "seed": 888, "split_id": 2, "metrics_train": {"acc": 0.6854700962296894, "auc": 0.5061189215298405, "nll": 0.6222588382876559, "mse": 0.21541756335590018, "rmse": 0.46413097650975654, "f1": 0.8126055831450072}, "metrics_test": {"acc": 0.6843602863632502, "auc": 0.504863085615509, "nll": 0.6231428510590484, "mse": 0.21583727623274937, "rmse": 0.464582905661357, "f1": 0.8126055831450072}}