{"time": "2021-05-19T21:00:13.229738", "features": ["tcA_TW", "tcW_TW"], "seed": 888, "split_id": 4, "metrics_train": {"acc": 0.7061249084013503, "auc": 0.6600198068481091, "nll": 0.5843692036557377, "mse": 0.19877140091609194, "rmse": 0.44583786393272157, "f1": 0.8180310465460072}, "metrics_test": {"acc": 0.7075253137992578, "auc": 0.6579951575438333, "nll": 0.5835252680991005, "mse": 0.19837231584821977, "rmse": 0.445390071564488, "f1": 0.8180310465460072}}