{"time": "2021-05-19T07:32:37.400070", "features": ["c"], "seed": 888, "split_id": 2, "metrics_train": {"acc": 0.6854831117031136, "auc": 0.5460121565366, "nll": 0.6196678511131681, "mse": 0.2142989883720795, "rmse": 0.4629243873162004, "f1": 0.8126107762527301}, "metrics_test": {"acc": 0.6843778772976549, "auc": 0.5471543555819935, "nll": 0.6204361948001307, "mse": 0.21467112864465313, "rmse": 0.463326157954257, "f1": 0.8126107762527301}}