{"time": "2021-12-14T11:04:34.728863", "features": ["rpfa_R"], "seed": 888, "split_id": 2, "metrics_train": {"acc": 0.6860065577716059, "auc": 0.6359574334259313, "nll": 0.593259131412511, "mse": 0.20388044889459245, "rmse": 0.45153122693186176, "f1": 0.812070395119782}, "metrics_test": {"acc": 0.6847878318787204, "auc": 0.636035091206437, "nll": 0.594041507166853, "mse": 0.20423608477159755, "rmse": 0.4519248662904018, "f1": 0.812070395119782}}