{"time": "2021-05-19T00:23:27.828941", "features": ["s"], "seed": 888, "split_id": 0, "metrics_train": {"acc": 0.6966396257146648, "auc": 0.6670019035448757, "nll": 0.5843167234185703, "mse": 0.19947274503544507, "rmse": 0.44662371750215535, "f1": 0.8096125576254041}, "metrics_test": {"acc": 0.6959198117054068, "auc": 0.6658874483431039, "nll": 0.585197782253681, "mse": 0.1998505541563124, "rmse": 0.44704647874277276, "f1": 0.8096125576254041}}