{"time": "2021-12-14T11:06:36.649873", "features": ["rpfa_F", "rpfa_R"], "seed": 888, "split_id": 3, "metrics_train": {"acc": 0.7045283871494972, "auc": 0.6662828988373007, "nll": 0.580312572873686, "mse": 0.19775431348355582, "rmse": 0.44469575384025856, "f1": 0.8160537430116329}, "metrics_test": {"acc": 0.704089212808776, "auc": 0.6657059215140042, "nll": 0.5809447440366408, "mse": 0.19800731595032137, "rmse": 0.44498012983763824, "f1": 0.8160537430116329}}