{"time": "2021-05-19T09:30:31.603056", "features": ["part_of_day"], "seed": 888, "split_id": 2, "metrics_train": {"acc": 0.6854700962296894, "auc": 0.503072046262601, "nll": 0.6226638298736275, "mse": 0.21559504154703732, "rmse": 0.4643221312268427, "f1": 0.8126055831450072}, "metrics_test": {"acc": 0.6843602863632502, "auc": 0.5010075608885234, "nll": 0.6235466173313268, "mse": 0.2160145510768961, "rmse": 0.4647736557475005, "f1": 0.8126055831450072}}