{"time": "2021-05-19T01:06:02.773918", "features": ["icA_TW", "icW_TW", "scA_TW", "scW_TW", "tcA_TW", "tcW_TW"], "seed": 888, "split_id": 0, "metrics_train": {"acc": 0.723612056595317, "auc": 0.7181143398538014, "nll": 0.5523132692807164, "mse": 0.18591147646304207, "rmse": 0.43117453132466216, "f1": 0.822126023637616}, "metrics_test": {"acc": 0.7230648430062928, "auc": 0.7168095254176446, "nll": 0.5534652735085223, "mse": 0.18633939091093948, "rmse": 0.43167046564588996, "f1": 0.822126023637616}}