{"time": "2021-05-19T22:47:57.843161", "features": ["part_of_day"], "seed": 888, "split_id": 4, "metrics_train": {"acc": 0.6848647729409343, "auc": 0.5026132248105847, "nll": 0.623138226138558, "mse": 0.2158207968070075, "rmse": 0.4645651696016475, "f1": 0.8143072242646247}, "metrics_test": {"acc": 0.6867775876930561, "auc": 0.5028376808225822, "nll": 0.6216516966570478, "mse": 0.21511282375694885, "rmse": 0.4638025698041666, "f1": 0.8143072242646247}}