{"time": "2021-05-19T07:10:20.830106", "features": ["rt"], "seed": 888, "split_id": 1, "metrics_train": {"acc": 0.6849896312250087, "auc": 0.5490749661347133, "nll": 0.6200894829283109, "mse": 0.2144874012206877, "rmse": 0.46312784543869495, "f1": 0.8129677980852915}, "metrics_test": {"acc": 0.685175737123938, "auc": 0.5497546343947312, "nll": 0.6198736620297386, "mse": 0.21438772571909875, "rmse": 0.463020221717258, "f1": 0.8129677980852915}}