{"time": "2021-12-14T11:08:09.297591", "features": ["rpfa_F", "rpfa_R"], "seed": 888, "split_id": 4, "metrics_train": {"acc": 0.7041219940312992, "auc": 0.6666176793498583, "nll": 0.580530263923409, "mse": 0.1978512319970613, "rmse": 0.44480471220195195, "f1": 0.8169445417430281}, "metrics_test": {"acc": 0.7050935476230267, "auc": 0.6647885549054632, "nll": 0.5800693707890784, "mse": 0.19760972679896652, "rmse": 0.44453315601759846, "f1": 0.8169445417430281}}