{"time": "2021-05-19T03:13:00.963707", "features": ["hour"], "seed": 888, "split_id": 1, "metrics_train": {"acc": 0.6852182598256283, "auc": 0.5040159806674338, "nll": 0.622849717060135, "mse": 0.215684007700605, "rmse": 0.46441792353504724, "f1": 0.8133180079601575}, "metrics_test": {"acc": 0.685371492460341, "auc": 0.5042935978176808, "nll": 0.6227320680393764, "mse": 0.21562792295083813, "rmse": 0.46435753784216544, "f1": 0.8133180079601575}}