{"time": "2021-05-19T00:44:02.693875", "features": ["day"], "seed": 888, "split_id": 0, "metrics_train": {"acc": 0.6853540690265134, "auc": 0.5052853098048121, "nll": 0.6227296558845083, "mse": 0.21562749064531983, "rmse": 0.46435707235415274, "f1": 0.8129343138061575}, "metrics_test": {"acc": 0.6848267313771961, "auc": 0.5052484733898814, "nll": 0.6231358672685176, "mse": 0.21582112065934525, "rmse": 0.4645655181557767, "f1": 0.8129343138061575}}