{"time": "2021-05-19T02:20:05.698625", "features": ["at"], "seed": 888, "split_id": 1, "metrics_train": {"acc": 0.6852182598256283, "auc": 0.5015297276352662, "nll": 0.6228300104906291, "mse": 0.21567580593189062, "rmse": 0.4644090932915619, "f1": 0.8133180079601575}, "metrics_test": {"acc": 0.685371492460341, "auc": 0.5021608161460737, "nll": 0.6226767465835579, "mse": 0.21560469667679924, "rmse": 0.46433252812698705, "f1": 0.8133180079601575}}