{"time": "2021-05-19T02:29:51.131871", "features": ["scA", "scW"], "seed": 888, "split_id": 1, "metrics_train": {"acc": 0.7074232043215565, "auc": 0.6666885108013267, "nll": 0.5794820149480632, "mse": 0.1972336108395337, "rmse": 0.4441099085131221, "f1": 0.8168108505732715}, "metrics_test": {"acc": 0.707134093042384, "auc": 0.6655877520837276, "nll": 0.5800097534620293, "mse": 0.19744565046335916, "rmse": 0.4443485686523128, "f1": 0.8168108505732715}}