{"time": "2021-06-25T15:44:38.182959", "features": ["resp_time_cat"], "seed": 888, "split_id": 0, "metrics_train": {"acc": 0.697103823419897, "auc": 0.6149652327266084, "nll": 0.5982743131635796, "mse": 0.2048905519149703, "rmse": 0.4526483755797322, "f1": 0.8183186801659149}, "metrics_test": {"acc": 0.6974672591788893, "auc": 0.6154298618891096, "nll": 0.5979338690802366, "mse": 0.20477007792734944, "rmse": 0.45251527921977336, "f1": 0.8183186801659149}}