{"time": "2021-06-22T17:44:18.913709", "features": ["ones"], "seed": 888, "split_id": 1, "metrics_train": {"acc": 0.6852182598256283, "auc": 0.5, "nll": 0.6228733288260007, "mse": 0.2156941962271666, "rmse": 0.46442889254133035, "f1": 0.8133180079601575}, "metrics_test": {"acc": 0.685371492460341, "auc": 0.5, "nll": 0.6227541356262636, "mse": 0.21563743327035295, "rmse": 0.4643677780276674, "f1": 0.8133180079601575}}