{"time": "2021-05-19T19:59:08.307359", "features": ["user_avg_correct"], "seed": 888, "split_id": 3, "metrics_train": {"acc": 0.7020515196761321, "auc": 0.6516121544785438, "nll": 0.5881879508519108, "mse": 0.20055785274599522, "rmse": 0.4478368595214057, "f1": 0.8131056128488728}, "metrics_test": {"acc": 0.7010227953010125, "auc": 0.6506979774304098, "nll": 0.5892353773768921, "mse": 0.20102743501564685, "rmse": 0.44836083126835113, "f1": 0.8131056128488728}}