{"time": "2021-05-19T00:43:42.068147", "features": ["week"], "seed": 888, "split_id": 0, "metrics_train": {"acc": 0.6853540690265134, "auc": 0.520456683892373, "nll": 0.6221827938198482, "mse": 0.21539262297844947, "rmse": 0.4641041079094748, "f1": 0.8129343138061575}, "metrics_test": {"acc": 0.6848267313771961, "auc": 0.5221383532559453, "nll": 0.6225291256983162, "mse": 0.2155597182506179, "rmse": 0.46428409217915045, "f1": 0.8129343138061575}}