{"time": "2021-05-19T18:18:38.741096", "features": ["icA_TW", "icW_TW", "scA_TW", "scW_TW", "tcA_TW", "tcW_TW"], "seed": 888, "split_id": 3, "metrics_train": {"acc": 0.7237827050138538, "auc": 0.7183798800480194, "nll": 0.552065495636174, "mse": 0.1858173280338977, "rmse": 0.4310653407940584, "f1": 0.8217567660093531}, "metrics_test": {"acc": 0.722622296184437, "auc": 0.716399587715495, "nll": 0.5538730835341856, "mse": 0.18651930114266427, "rmse": 0.4318788037663625, "f1": 0.8217567660093531}}