{"time": "2021-05-19T07:22:58.796323", "features": ["i"], "seed": 888, "split_id": 2, "metrics_train": {"acc": 0.7246339758158635, "auc": 0.7320141118598247, "nll": 0.545998971203292, "mse": 0.18364837576393023, "rmse": 0.42854215167697357, "f1": 0.8176999862856731}, "metrics_test": {"acc": 0.7222550204955838, "auc": 0.7273843270117957, "nll": 0.5498636383245551, "mse": 0.18518908246528187, "rmse": 0.43033601111838393, "f1": 0.8176999862856731}}