{"time": "2021-05-19T01:46:31.199693", "features": ["vt"], "seed": 888, "split_id": 0, "metrics_train": {"acc": 0.6853498553509173, "auc": 0.5329692687353921, "nll": 0.6213367908447787, "mse": 0.21502039879203516, "rmse": 0.46370292083621295, "f1": 0.8129317240430616}, "metrics_test": {"acc": 0.6848263021863839, "auc": 0.5325384025125859, "nll": 0.6217673576188574, "mse": 0.21522334154436112, "rmse": 0.46392169764342894, "f1": 0.8129317240430616}}