{"time": "2021-05-19T04:07:34.036945", "features": ["pre"], "seed": 888, "split_id": 1, "metrics_train": {"acc": 0.6965171654888149, "auc": 0.6669278889168375, "nll": 0.5844389473150112, "mse": 0.19952897956870932, "rmse": 0.44668666822360986, "f1": 0.8101073871361782}, "metrics_test": {"acc": 0.6964807139592026, "auc": 0.6662161650768339, "nll": 0.584693457126309, "mse": 0.19961796862335748, "rmse": 0.44678626727257126, "f1": 0.8101073871361782}}