{"time": "2021-05-19T17:21:03.941295", "features": ["precA", "precW"], "seed": 888, "split_id": 2, "metrics_train": {"acc": 0.717739988927246, "auc": 0.697762471574554, "nll": 0.563640037351256, "mse": 0.19048761423343163, "rmse": 0.4364488678338296, "f1": 0.8196234565765744}, "metrics_test": {"acc": 0.7170152818024786, "auc": 0.6978979991078108, "nll": 0.5641676490607521, "mse": 0.19074666153022235, "rmse": 0.43674553407015204, "f1": 0.8196234565765744}}