{"time": "2021-05-19T08:06:32.334568", "features": ["icA", "icW"], "seed": 888, "split_id": 2, "metrics_train": {"acc": 0.6854729233612119, "auc": 0.5031242464600467, "nll": 0.622103105211122, "mse": 0.21538209873763975, "rmse": 0.46409276953820316, "f1": 0.8126058061903149}, "metrics_test": {"acc": 0.6843611444576114, "auc": 0.5036195545607209, "nll": 0.6227547183480747, "mse": 0.215730820193403, "rmse": 0.46446831990287885, "f1": 0.8126058061903149}}