{"time": "2021-12-14T11:02:15.517237", "features": ["ppe"], "seed": 888, "split_id": 1, "metrics_train": {"acc": 0.6923839882326063, "auc": 0.6349423493626059, "nll": 0.5957020625302438, "mse": 0.20430093870927074, "rmse": 0.4519966136037645, "f1": 0.8112238275672792}, "metrics_test": {"acc": 0.6924433132248866, "auc": 0.6345019620523261, "nll": 0.5958560030860383, "mse": 0.20434794635410164, "rmse": 0.45204861060963525, "f1": 0.8112238275672792}}