{"time": "2021-05-19T07:42:25.627716", "features": ["sm"], "seed": 888, "split_id": 2, "metrics_train": {"acc": 0.6854700962296894, "auc": 0.5528603387018987, "nll": 0.6181334141173294, "mse": 0.21368486705383413, "rmse": 0.4622606051285726, "f1": 0.8126055831450072}, "metrics_test": {"acc": 0.6843602863632502, "auc": 0.5525399142280557, "nll": 0.6190278516407378, "mse": 0.2141064277619441, "rmse": 0.4627163577851383, "f1": 0.8126055831450072}}