{"time": "2021-05-19T03:13:47.049665", "features": ["weekend"], "seed": 888, "split_id": 1, "metrics_train": {"acc": 0.6852182598256283, "auc": 0.5037241954929477, "nll": 0.6228464928538772, "mse": 0.21568260391528815, "rmse": 0.46441641219415164, "f1": 0.8133180079601575}, "metrics_test": {"acc": 0.685371492460341, "auc": 0.5019293435067258, "nll": 0.6227532792091646, "mse": 0.21563707410765312, "rmse": 0.4643673913052607, "f1": 0.8133180079601575}}