{"time": "2021-05-20T00:52:07.323205", "features": ["postcA", "postcW"], "seed": 888, "split_id": 2, "metrics_train": {"acc": 0.7116551484172038, "auc": 0.6933338378713104, "nll": 0.5685451631598541, "mse": 0.19263799791510258, "rmse": 0.43890545441484613, "f1": 0.8165043766350839}, "metrics_test": {"acc": 0.7109682908390704, "auc": 0.6929105388636132, "nll": 0.5695997959442384, "mse": 0.1930467912230428, "rmse": 0.4393709039331608, "f1": 0.8165043766350839}}