{"time": "2021-05-19T07:15:37.544477", "features": ["user_avg_correct"], "seed": 888, "split_id": 1, "metrics_train": {"acc": 0.7019230686953271, "auc": 0.6512735329021976, "nll": 0.5883613346811729, "mse": 0.20063411209606838, "rmse": 0.4479219933158768, "f1": 0.8135339843867619}, "metrics_test": {"acc": 0.7015387176242012, "auc": 0.6520478053903426, "nll": 0.588538837327007, "mse": 0.2007188856348969, "rmse": 0.44801661312377344, "f1": 0.8135339843867619}}