{"time": "2021-05-19T02:10:32.848023", "features": ["c"], "seed": 888, "split_id": 1, "metrics_train": {"acc": 0.6852336086930851, "auc": 0.5464244155609753, "nll": 0.6198379706875303, "mse": 0.21438130356977722, "rmse": 0.46301328660177477, "f1": 0.8133154228221452}, "metrics_test": {"acc": 0.685369156984527, "auc": 0.5455017232942813, "nll": 0.6197567849991182, "mse": 0.21434183548187818, "rmse": 0.46297066373786383, "f1": 0.8133154228221452}}