{"time": "2021-05-19T03:04:28.263248", "features": ["icA_TW", "icW_TW", "scA_TW", "scW_TW", "tcA_TW", "tcW_TW"], "seed": 888, "split_id": 1, "metrics_train": {"acc": 0.7235334718688952, "auc": 0.717890129414365, "nll": 0.5524342881772348, "mse": 0.18596653555912945, "rmse": 0.43123837440460866, "f1": 0.8221221774773283}, "metrics_test": {"acc": 0.7231374102673037, "auc": 0.7170963137491005, "nll": 0.5532444891520517, "mse": 0.18624566829737105, "rmse": 0.4315618939357031, "f1": 0.8221221774773283}}