{"time": "2021-05-19T08:59:57.709596", "features": ["icA_TW", "icW_TW"], "seed": 888, "split_id": 2, "metrics_train": {"acc": 0.6854772974137561, "auc": 0.5031264262898347, "nll": 0.6220462022430722, "mse": 0.215367302469258, "rmse": 0.4640768281968601, "f1": 0.8126054885370609}, "metrics_test": {"acc": 0.6843628606463338, "auc": 0.5036201076102894, "nll": 0.62270250596203, "mse": 0.21571684391926318, "rmse": 0.4644532742044814, "f1": 0.8126054885370609}}