{"time": "2021-12-14T11:01:50.435106", "features": ["rpfa_F"], "seed": 888, "split_id": 2, "metrics_train": {"acc": 0.6997710610229938, "auc": 0.6005062246854616, "nll": 0.6009361326423687, "mse": 0.20564060361177164, "rmse": 0.45347613345331816, "f1": 0.8143115993554377}, "metrics_test": {"acc": 0.6988811736671435, "auc": 0.5999881087255272, "nll": 0.6019689139404746, "mse": 0.2060970207352711, "rmse": 0.4539790972448744, "f1": 0.8143115993554377}}