{"time": "2021-05-19T20:40:13.835757", "features": ["tcA", "tcW"], "seed": 888, "split_id": 4, "metrics_train": {"acc": 0.7009803080344906, "auc": 0.6489520952043837, "nll": 0.5915170618467112, "mse": 0.20171996448285048, "rmse": 0.449132457614511, "f1": 0.816968874600044}, "metrics_test": {"acc": 0.7032163015296504, "auc": 0.6472621795044239, "nll": 0.5902051164916026, "mse": 0.20109120993795224, "rmse": 0.44843194571523587, "f1": 0.816968874600044}}