{"time": "2021-12-14T11:06:52.656351", "features": ["rpfa_F"], "seed": 888, "split_id": 4, "metrics_train": {"acc": 0.6994429315887529, "auc": 0.6007091696136291, "nll": 0.6012805997273456, "mse": 0.2058019662755185, "rmse": 0.45365401604694133, "f1": 0.8155072806788095}, "metrics_test": {"acc": 0.7005125908802708, "auc": 0.598906247034656, "nll": 0.6005719210319866, "mse": 0.20544488863551835, "rmse": 0.45326028795331097, "f1": 0.8155072806788095}}