{"time": "2021-05-19T10:26:52.606287", "features": ["pre"], "seed": 888, "split_id": 2, "metrics_train": {"acc": 0.6967676871882454, "auc": 0.6669598778656263, "nll": 0.5842392850843543, "mse": 0.1994372116665924, "rmse": 0.44658393574622945, "f1": 0.8091089555144659}, "metrics_test": {"acc": 0.6954344231417752, "auc": 0.6660369299941791, "nll": 0.5855255448821386, "mse": 0.1999981036096269, "rmse": 0.4472114752660389, "f1": 0.8091089555144659}}