{"time": "2021-12-14T11:06:19.454701", "features": ["rpfa_F", "rpfa_R"], "seed": 888, "split_id": 2, "metrics_train": {"acc": 0.7046299399522599, "auc": 0.6663243003232664, "nll": 0.5802387340837973, "mse": 0.1977157104947247, "rmse": 0.4446523479019589, "f1": 0.8157361784964801}, "metrics_test": {"acc": 0.7035745207757517, "auc": 0.6659776231001016, "nll": 0.5812592092094045, "mse": 0.1981586537770461, "rmse": 0.4451501474525715, "f1": 0.8157361784964801}}