{"time": "2021-05-19T00:34:03.329710", "features": ["scA", "scW"], "seed": 888, "split_id": 0, "metrics_train": {"acc": 0.7074271152798172, "auc": 0.6667022914963854, "nll": 0.5794226377255219, "mse": 0.19721230369549, "rmse": 0.4440859192718116, "f1": 0.8165962249429349}, "metrics_test": {"acc": 0.7068272670073297, "auc": 0.6662006405684789, "nll": 0.5802674430697885, "mse": 0.19753578128116214, "rmse": 0.44444997612910514, "f1": 0.8165962249429349}}