{"time": "2021-05-19T16:38:10.967125", "features": ["d"], "seed": 888, "split_id": 3, "metrics_train": {"acc": 0.6856080511350392, "auc": 0.5472712606555251, "nll": 0.6187541834924489, "mse": 0.21389229411856645, "rmse": 0.46248491231451694, "f1": 0.812294987559427}, "metrics_test": {"acc": 0.6851378454373239, "auc": 0.5471972875541973, "nll": 0.61909332187102, "mse": 0.21405492950245886, "rmse": 0.4626607066765654, "f1": 0.812294987559427}}