{"time": "2021-05-19T19:42:58.236072", "features": ["post"], "seed": 888, "split_id": 3, "metrics_train": {"acc": 0.6965862165578455, "auc": 0.6667456252424016, "nll": 0.5844380846443349, "mse": 0.19952310686699484, "rmse": 0.44668009454977375, "f1": 0.8097778656393294}, "metrics_test": {"acc": 0.6961281237042289, "auc": 0.6668922705390439, "nll": 0.5847298739087127, "mse": 0.19965476663095572, "rmse": 0.44682744614778946, "f1": 0.8097778656393294}}