{"time": "2021-05-19T00:46:11.084064", "features": ["hour"], "seed": 888, "split_id": 0, "metrics_train": {"acc": 0.6853540690265134, "auc": 0.5041012290726158, "nll": 0.6227428100897248, "mse": 0.2156331538418535, "rmse": 0.46436317020394013, "f1": 0.8129343138061575}, "metrics_test": {"acc": 0.6848267313771961, "auc": 0.5041727166353023, "nll": 0.6231569007855485, "mse": 0.21583019030494738, "rmse": 0.4645752794811056, "f1": 0.8129343138061575}}