{"time": "2021-05-19T17:55:51.960246", "features": ["postcA", "postcW"], "seed": 888, "split_id": 1, "metrics_train": {"acc": 0.7116425919413205, "auc": 0.6934847740038639, "nll": 0.5685398335940864, "mse": 0.19263719678468208, "rmse": 0.4389045417681185, "f1": 0.8165484537420864}, "metrics_test": {"acc": 0.7107812569997926, "auc": 0.6924012553467123, "nll": 0.5695115009680961, "mse": 0.193012129119928, "rmse": 0.43933145701159165, "f1": 0.8165484537420864}}