{"time": "2021-06-22T17:44:17.597565", "features": ["ones"], "seed": 888, "split_id": 2, "metrics_train": {"acc": 0.6854700962296894, "auc": 0.5, "nll": 0.622677288849871, "mse": 0.2156008434045506, "rmse": 0.4643283788490109, "f1": 0.8126055831450072}, "metrics_test": {"acc": 0.6843602863632502, "auc": 0.5, "nll": 0.6235418591602023, "mse": 0.21601251643847472, "rmse": 0.4647714668936495, "f1": 0.8126055831450072}}