{"time": "2021-05-19T00:29:02.070241", "features": ["tcA", "tcW"], "seed": 888, "split_id": 0, "metrics_train": {"acc": 0.7014478029335396, "auc": 0.6485256734411152, "nll": 0.5912744171634233, "mse": 0.20160184102596285, "rmse": 0.44900093655354756, "f1": 0.8154958748627728}, "metrics_test": {"acc": 0.7013387749005779, "auc": 0.6490112936230885, "nll": 0.5911692453390749, "mse": 0.2015636500223146, "rmse": 0.4489584056706307, "f1": 0.8154958748627728}}