{"time": "2021-05-19T06:58:50.506746", "features": ["precA", "precW"], "seed": 888, "split_id": 0, "metrics_train": {"acc": 0.7176282638851145, "auc": 0.6978865664785978, "nll": 0.5636425180156275, "mse": 0.19049887053534398, "rmse": 0.43646176297053096, "f1": 0.8198960141302211}, "metrics_test": {"acc": 0.717329780777917, "auc": 0.6974842497397604, "nll": 0.5641507616536634, "mse": 0.19070002602417022, "rmse": 0.4366921410148919, "f1": 0.8198960141302211}}