{"time": "2021-06-25T16:02:22.242575", "features": ["prev_resp_time_cat"], "seed": 888, "split_id": 2, "metrics_train": {"acc": 0.6944524798397518, "auc": 0.5583331665502812, "nll": 0.6119586028079564, "mse": 0.21071423759234803, "rmse": 0.45903620509971543, "f1": 0.8161494951187832}, "metrics_test": {"acc": 0.694070696678231, "auc": 0.5593596219234251, "nll": 0.6121864323776954, "mse": 0.21083553812427447, "rmse": 0.4591683113241532, "f1": 0.8161494951187832}}