{"time": "2021-05-19T21:33:27.740748", "features": ["scA_TW", "scW_TW"], "seed": 888, "split_id": 4, "metrics_train": {"acc": 0.7079036075607251, "auc": 0.6702079780138269, "nll": 0.5777178270751315, "mse": 0.19663361379331856, "rmse": 0.44343388886430246, "f1": 0.8171812536577755}, "metrics_test": {"acc": 0.7080213626310448, "auc": 0.6669133635193468, "nll": 0.5781793540735725, "mse": 0.1967658201848101, "rmse": 0.4435829349567114, "f1": 0.8171812536577755}}