{"time": "2021-05-19T16:17:08.644291", "features": ["n_gram"], "seed": 888, "split_id": 2, "metrics_train": {"acc": 0.7087014894235676, "auc": 0.6495742116696703, "nll": 0.5852787179278153, "mse": 0.19905250082856252, "rmse": 0.44615300159089205, "f1": 0.8182127877447203}, "metrics_test": {"acc": 0.7084321929545304, "auc": 0.6510169435376469, "nll": 0.5853070438647578, "mse": 0.1990883042770494, "rmse": 0.4461931244170504, "f1": 0.8182127877447203}}