{"time": "2021-05-19T18:07:33.533413", "features": ["part_of_day"], "seed": 888, "split_id": 3, "metrics_train": {"acc": 0.6853373747788244, "auc": 0.5028256863510646, "nll": 0.6227686484376108, "mse": 0.2156448867541659, "rmse": 0.46437580336852813, "f1": 0.8129825658819136}, "metrics_test": {"acc": 0.6848952193241643, "auc": 0.5009600903761942, "nll": 0.623124203709262, "mse": 0.21581368021347258, "rmse": 0.464557510124928, "f1": 0.8129825658819136}}