{"time": "2021-05-19T16:02:10.827083", "features": ["vs"], "seed": 888, "split_id": 2, "metrics_train": {"acc": 0.6861236436903199, "auc": 0.5721318420459011, "nll": 0.6144737119351181, "mse": 0.2119177905792327, "rmse": 0.46034529494633997, "f1": 0.8126424229400815}, "metrics_test": {"acc": 0.6850227352101002, "auc": 0.5731631240772991, "nll": 0.6150831640156048, "mse": 0.21220675070835832, "rmse": 0.46065903953831006, "f1": 0.8126424229400815}}