{"time": "2021-05-19T01:39:38.676290", "features": ["pre"], "seed": 888, "split_id": 0, "metrics_train": {"acc": 0.6966393590263359, "auc": 0.6669988403782355, "nll": 0.5843177722260913, "mse": 0.1994732140862108, "rmse": 0.44662424260916556, "f1": 0.8096170289607774}, "metrics_test": {"acc": 0.695923889018123, "auc": 0.6658822581338831, "nll": 0.5852004604802176, "mse": 0.1998512623071411, "rmse": 0.4470472707747371, "f1": 0.8096170289607774}}