{"time": "2021-05-19T16:00:04.116703", "features": ["vw"], "seed": 888, "split_id": 2, "metrics_train": {"acc": 0.6854695628086475, "auc": 0.5345929338414765, "nll": 0.6211309526158616, "mse": 0.21491918166679413, "rmse": 0.4635937679335154, "f1": 0.8126054876772052}, "metrics_test": {"acc": 0.6843602863632502, "auc": 0.5333060992812618, "nll": 0.6220470358245482, "mse": 0.21535390275315228, "rmse": 0.4640623910134846, "f1": 0.8126054876772052}}