{"time": "2021-05-19T20:10:23.282531", "features": ["s"], "seed": 888, "split_id": 4, "metrics_train": {"acc": 0.6961834176653038, "auc": 0.6668674985475465, "nll": 0.5847236676603367, "mse": 0.19965561924402417, "rmse": 0.446828400220962, "f1": 0.8110012590882999}, "metrics_test": {"acc": 0.6977846412395395, "auc": 0.6664723706505775, "nll": 0.5835572399269624, "mse": 0.1991132600457938, "rmse": 0.4462210887506257, "f1": 0.8110012590882999}}