{"time": "2021-05-19T17:57:38.691334", "features": ["scA_TW", "scW_TW"], "seed": 888, "split_id": 3, "metrics_train": {"acc": 0.7081574039324454, "auc": 0.6698072247886255, "nll": 0.5774715962763697, "mse": 0.19652847295575698, "rmse": 0.44331532001021234, "f1": 0.8162611658865608}, "metrics_test": {"acc": 0.7069215624437029, "auc": 0.6677448568659224, "nll": 0.5791003511007939, "mse": 0.197161215135146, "rmse": 0.44402839451452425, "f1": 0.8162611658865608}}