{"time": "2021-05-20T01:33:17.869869", "features": ["vs"], "seed": 888, "split_id": 4, "metrics_train": {"acc": 0.6856005559510775, "auc": 0.5726273470831565, "nll": 0.6148212309619392, "mse": 0.21208154191005713, "rmse": 0.46052311767169424, "f1": 0.8143130698869293}, "metrics_test": {"acc": 0.6874516017508207, "auc": 0.5712273542815209, "nll": 0.6136964283894644, "mse": 0.2115480818725691, "rmse": 0.45994356379078627, "f1": 0.8143130698869293}}