{"time": "2021-05-19T09:40:20.087091", "features": ["icA_TW", "icW_TW", "scA_TW", "scW_TW", "tcA_TW", "tcW_TW"], "seed": 888, "split_id": 2, "metrics_train": {"acc": 0.7237767682014061, "auc": 0.7181628626039979, "nll": 0.5521943547167258, "mse": 0.1858598917778651, "rmse": 0.43111470837570026, "f1": 0.8215661837153689}, "metrics_test": {"acc": 0.7225351883045171, "auc": 0.7170440049572623, "nll": 0.553560277653281, "mse": 0.1864106065067767, "rmse": 0.4317529461471881, "f1": 0.8215661837153689}}