{"time": "2021-12-14T11:02:15.199098", "features": ["ppe"], "seed": 888, "split_id": 0, "metrics_train": {"acc": 0.6925480933731311, "auc": 0.6351069688484082, "nll": 0.5955589201479741, "mse": 0.20423702501201654, "rmse": 0.45192590655108117, "f1": 0.8108265662682195}, "metrics_test": {"acc": 0.6919203971216747, "auc": 0.6338051203032967, "nll": 0.5964499402941056, "mse": 0.2046120806969344, "rmse": 0.4523406688514027, "f1": 0.8108265662682195}}