{"time": "2021-05-19T16:35:43.256436", "features": ["sch"], "seed": 888, "split_id": 3, "metrics_train": {"acc": 0.6855933723738562, "auc": 0.5664138728083322, "nll": 0.6165078529125817, "mse": 0.21292731806942378, "rmse": 0.46144048161103485, "f1": 0.8122813180994277}, "metrics_test": {"acc": 0.6844688050000663, "auc": 0.5566116743328289, "nll": 0.6190740627704853, "mse": 0.21404790073235436, "rmse": 0.4626531105832472, "f1": 0.8122813180994277}}