{"time": "2021-05-19T09:28:20.958980", "features": ["weekend"], "seed": 888, "split_id": 2, "metrics_train": {"acc": 0.6854700962296894, "auc": 0.5035594496199153, "nll": 0.6226528005290729, "mse": 0.21559027043281662, "rmse": 0.4643169934783958, "f1": 0.8126055831450072}, "metrics_test": {"acc": 0.6843602863632502, "auc": 0.5025731144350384, "nll": 0.6235309134361919, "mse": 0.2160077742214269, "rmse": 0.4647663652002228, "f1": 0.8126055831450072}}