{"time": "2021-05-19T17:06:19.522938", "features": ["icA", "icW"], "seed": 888, "split_id": 3, "metrics_train": {"acc": 0.6853386024570325, "auc": 0.5031902873001822, "nll": 0.6221724361031438, "mse": 0.2154223795881463, "rmse": 0.46413616492161686, "f1": 0.8129858384539164}, "metrics_test": {"acc": 0.6849024938284389, "auc": 0.503351568980501, "nll": 0.6224739836208659, "mse": 0.215567695000988, "rmse": 0.4642926824762458, "f1": 0.8129858384539164}}