{"time": "2021-05-19T16:06:48.762741", "features": ["rc"], "seed": 888, "split_id": 2, "metrics_train": {"acc": 0.6892738149958204, "auc": 0.5891610437732936, "nll": 0.6112005603143249, "mse": 0.21037869929765937, "rmse": 0.45867057819055645, "f1": 0.8133632575201195}, "metrics_test": {"acc": 0.6878937044191001, "auc": 0.5890490399783184, "nll": 0.6121907774632376, "mse": 0.2108501225241323, "rmse": 0.4591841923717892, "f1": 0.8133632575201195}}