{"time": "2021-05-19T19:51:55.290945", "features": ["rc"], "seed": 888, "split_id": 3, "metrics_train": {"acc": 0.6889418913749255, "auc": 0.5889393666551512, "nll": 0.6114016546839083, "mse": 0.21047405357247895, "rmse": 0.45877451277558884, "f1": 0.8139905777699784}, "metrics_test": {"acc": 0.6888478426173837, "auc": 0.5900812688678144, "nll": 0.6113815193210842, "mse": 0.21047068619788092, "rmse": 0.45877084279396063, "f1": 0.8139905777699784}}