{"time": "2021-05-19T17:04:10.564511", "features": ["scA", "scW"], "seed": 888, "split_id": 3, "metrics_train": {"acc": 0.7074540510738688, "auc": 0.6665616701119557, "nll": 0.5794409751920224, "mse": 0.1972206435114184, "rmse": 0.44409530904009603, "f1": 0.8165369093444551}, "metrics_test": {"acc": 0.7068062401553492, "auc": 0.6659317875241008, "nll": 0.5801996267147161, "mse": 0.19751399702136876, "rmse": 0.4444254684661634, "f1": 0.8165369093444551}}