{"time": "2021-05-19T16:09:02.866043", "features": ["rt"], "seed": 888, "split_id": 2, "metrics_train": {"acc": 0.6852683563916137, "auc": 0.5491661633519778, "nll": 0.6198733080256338, "mse": 0.21438478083170032, "rmse": 0.46301704162125645, "f1": 0.8121713823684701}, "metrics_test": {"acc": 0.6840500852516748, "auc": 0.5498946790685225, "nll": 0.6207417132065494, "mse": 0.21480060213928193, "rmse": 0.46346585865550216, "f1": 0.8121713823684701}}