{"time": "2021-12-14T11:03:02.670440", "features": ["rpfa_F"], "seed": 888, "split_id": 1, "metrics_train": {"acc": 0.6997372188322796, "auc": 0.6004611199605686, "nll": 0.6010795651503875, "mse": 0.20570806892477828, "rmse": 0.45355051419304804, "f1": 0.8147287041895971}, "metrics_test": {"acc": 0.6994877452276144, "auc": 0.5994467208540496, "nll": 0.6013512370295937, "mse": 0.2058095060254095, "rmse": 0.45366232599303363, "f1": 0.8147287041895971}}