{"time": "2021-05-19T02:36:10.297203", "features": ["icA_TW", "icW_TW"], "seed": 888, "split_id": 1, "metrics_train": {"acc": 0.6852261749210415, "auc": 0.5033139989665159, "nll": 0.6221722530314971, "mse": 0.21543837624773987, "rmse": 0.46415339732435423, "f1": 0.8133166355525415}, "metrics_test": {"acc": 0.6853712801443579, "auc": 0.5028691434869111, "nll": 0.6221934425640915, "mse": 0.2154299684790621, "rmse": 0.4641443401346849, "f1": 0.8133166355525415}}