{"time": "2021-05-19T17:23:25.326166", "features": ["icA_TW", "icW_TW"], "seed": 888, "split_id": 3, "metrics_train": {"acc": 0.6853403639083744, "auc": 0.5031921720673385, "nll": 0.6221149360076347, "mse": 0.215407239559942, "rmse": 0.46411985473575895, "f1": 0.8129906306358474}, "metrics_test": {"acc": 0.6849146893208994, "auc": 0.5033529862551643, "nll": 0.6224196241106918, "mse": 0.2155529192746379, "rmse": 0.46427677012170004, "f1": 0.8129906306358474}}