{"time": "2021-05-19T20:16:13.247127", "features": ["c"], "seed": 888, "split_id": 4, "metrics_train": {"acc": 0.6848808646859065, "auc": 0.5463360915077704, "nll": 0.6200986731305544, "mse": 0.21450514363473214, "rmse": 0.46314700002777964, "f1": 0.8143057643528966}, "metrics_test": {"acc": 0.6867829032613351, "auc": 0.5459194738102235, "nll": 0.618718308030288, "mse": 0.21384887383420015, "rmse": 0.4624379675526223, "f1": 0.8143057643528966}}