{"time": "2021-05-19T22:45:47.527917", "features": ["weekend"], "seed": 888, "split_id": 4, "metrics_train": {"acc": 0.6848647729409343, "auc": 0.5030789836796088, "nll": 0.623129676637339, "mse": 0.21581709694104603, "rmse": 0.46456118751037095, "f1": 0.8143072242646247}, "metrics_test": {"acc": 0.6867775876930561, "auc": 0.5044847171411175, "nll": 0.6216280476274763, "mse": 0.21510260678091356, "rmse": 0.46379155531436056, "f1": 0.8143072242646247}}