{"time": "2021-12-14T11:04:58.542996", "features": ["ppe"], "seed": 888, "split_id": 3, "metrics_train": {"acc": 0.6924061857687436, "auc": 0.634878087017799, "nll": 0.5956564883036949, "mse": 0.20427688377256384, "rmse": 0.45197000317782576, "f1": 0.8109095323862948}, "metrics_test": {"acc": 0.6920890621837463, "auc": 0.6347392529420753, "nll": 0.5960554035048281, "mse": 0.20444993366742256, "rmse": 0.4521614022309098, "f1": 0.8109095323862948}}