{"time": "2021-05-19T20:37:49.222277", "features": ["t"], "seed": 888, "split_id": 4, "metrics_train": {"acc": 0.6850761575243903, "auc": 0.5938304180164129, "nll": 0.6109090314225005, "mse": 0.21065544791455185, "rmse": 0.45897216464024465, "f1": 0.8136360655912016}, "metrics_test": {"acc": 0.6869623568464307, "auc": 0.5920648186403713, "nll": 0.6099820953690308, "mse": 0.21019555735686768, "rmse": 0.45847089041384914, "f1": 0.8136360655912016}}