{"time": "2021-12-14T11:06:11.052051", "features": ["rpfa_R"], "seed": 888, "split_id": 4, "metrics_train": {"acc": 0.6853955866812316, "auc": 0.6360225263893875, "nll": 0.5936307394933527, "mse": 0.2040554880658266, "rmse": 0.4517250137703541, "f1": 0.8138610728205051}, "metrics_test": {"acc": 0.6873344466259537, "auc": 0.6355697466852059, "nll": 0.5925231361995652, "mse": 0.2035236958069011, "rmse": 0.45113600588614194, "f1": 0.8138610728205051}}