{"time": "2021-05-19T22:39:18.207218", "features": ["week"], "seed": 888, "split_id": 4, "metrics_train": {"acc": 0.6848647729409343, "auc": 0.5208395182609667, "nll": 0.6225457572571297, "mse": 0.21556598216637357, "rmse": 0.46429083790914244, "f1": 0.8143072242646247}, "metrics_test": {"acc": 0.6867775876930561, "auc": 0.5203444400992973, "nll": 0.6210849849882539, "mse": 0.21486977757217082, "rmse": 0.4635404810501137, "f1": 0.8143072242646247}}