{"time": "2021-12-14T11:03:36.513983", "features": ["rpfa_F", "rpfa_R"], "seed": 888, "split_id": 0, "metrics_train": {"acc": 0.7046687045566421, "auc": 0.6663481072322931, "nll": 0.5802747546494171, "mse": 0.1977331225448634, "rmse": 0.4446719268684087, "f1": 0.8158674908479865}, "metrics_test": {"acc": 0.7037102687335351, "auc": 0.6657061500858014, "nll": 0.5810911007620273, "mse": 0.19808560986555981, "rmse": 0.4450680957623898, "f1": 0.8158674908479865}}