{"time": "2021-05-20T01:31:11.903041", "features": ["vw"], "seed": 888, "split_id": 4, "metrics_train": {"acc": 0.6848645056362005, "auc": 0.5343360860849697, "nll": 0.6216182395048397, "mse": 0.21515042497519637, "rmse": 0.46384310383490274, "f1": 0.8143062428937702}, "metrics_test": {"acc": 0.6867765245794003, "auc": 0.5347472068022199, "nll": 0.6201015987645917, "mse": 0.21443133163878983, "rmse": 0.463067307892481, "f1": 0.8143062428937702}}