{"time": "2021-05-19T18:05:25.898344", "features": ["hour"], "seed": 888, "split_id": 3, "metrics_train": {"acc": 0.6853373747788244, "auc": 0.504344679873517, "nll": 0.6227531647537768, "mse": 0.21563820914205206, "rmse": 0.4643686134333931, "f1": 0.8129825658819136}, "metrics_test": {"acc": 0.6848952193241643, "auc": 0.5030515593587079, "nll": 0.623115236154139, "mse": 0.21580981465863303, "rmse": 0.46455334963665157, "f1": 0.8129825658819136}}