{"time": "2021-05-19T19:54:07.237121", "features": ["rt"], "seed": 888, "split_id": 3, "metrics_train": {"acc": 0.6851154852870507, "auc": 0.549288698174875, "nll": 0.619970240536411, "mse": 0.21443191397872846, "rmse": 0.46306793667746904, "f1": 0.8126100943922331}, "metrics_test": {"acc": 0.6846733469437882, "auc": 0.5489463257543, "nll": 0.6203497057978534, "mse": 0.21460975021825948, "rmse": 0.46325991648129833, "f1": 0.8126100943922331}}