{"time": "2021-12-14T11:05:02.313735", "features": ["rpfa_R"], "seed": 888, "split_id": 3, "metrics_train": {"acc": 0.6858842253545334, "auc": 0.6360778076380573, "nll": 0.5932939759603141, "mse": 0.20390211537867378, "rmse": 0.45155521852667563, "f1": 0.8125068618936238}, "metrics_test": {"acc": 0.6854070020954851, "auc": 0.6356146022322722, "nll": 0.5938670942331005, "mse": 0.204137428351288, "rmse": 0.45181570175381025, "f1": 0.8125068618936238}}