{"time": "2021-06-22T17:44:19.261615", "features": ["ones"], "seed": 888, "split_id": 4, "metrics_train": {"acc": 0.6848647729409343, "auc": 0.5, "nll": 0.6231480017989389, "mse": 0.21582501572549764, "rmse": 0.4645697102970636, "f1": 0.8143072242646247}, "metrics_test": {"acc": 0.6867775876930561, "auc": 0.5, "nll": 0.6216632377621982, "mse": 0.21511779168385894, "rmse": 0.4638079254215682, "f1": 0.8143072242646247}}