{"time": "2021-06-26T12:14:47.175232", "features": ["lag_time_cat"], "seed": 888, "split_id": 3, "metrics_train": {"acc": 0.8297397296389109, "auc": 0.7074747308676914, "nll": 0.4537279951927302, "mse": 0.14044112506613746, "rmse": 0.37475475322687696, "f1": 0.9073856496769193}, "metrics_test": {"acc": 0.8304720228217849, "auc": 0.7048375722298665, "nll": 0.4525731162852455, "mse": 0.1399621931533, "rmse": 0.37411521374210377, "f1": 0.9073856496769193}}