{"time": "2021-12-14T11:45:19.447713", "features": ["ppe"], "seed": 888, "split_id": 1, "metrics_train": {"acc": 0.8302078184810969, "auc": 0.6464822175098449, "nll": 0.43658200963524424, "mse": 0.13543655071910102, "rmse": 0.3680170522123955, "f1": 0.9072962409913756}, "metrics_test": {"acc": 0.8307279206212993, "auc": 0.6472080675228089, "nll": 0.4354516648035837, "mse": 0.13502476267269142, "rmse": 0.3674571576016603, "f1": 0.9072962409913756}}