{"time": "2021-06-03T17:41:49.974647", "features": ["rt"], "seed": 888, "split_id": 0, "metrics_train": {"acc": 0.8299517301910665, "auc": 0.5974074662195954, "nll": 0.44817461855874274, "mse": 0.13884127101613883, "rmse": 0.3726141046929636, "f1": 0.906763906930917}, "metrics_test": {"acc": 0.8294324917999099, "auc": 0.5963759343220454, "nll": 0.4495811638614659, "mse": 0.13941098884870773, "rmse": 0.37337780979687013, "f1": 0.906763906930917}}