{"time": "2021-06-02T00:39:28.863311", "features": ["tcA", "tcW"], "seed": 888, "split_id": 1, "metrics_train": {"acc": 0.8321709588337104, "auc": 0.6462541730994263, "nll": 0.4368145435209261, "mse": 0.1348118469935398, "rmse": 0.36716732833074867, "f1": 0.9077262425012549}, "metrics_test": {"acc": 0.8320588801659882, "auc": 0.6462835215580419, "nll": 0.4368648640662866, "mse": 0.13487194703057154, "rmse": 0.36724916205564245, "f1": 0.9077262425012549}}