{"time": "2021-06-01T23:44:16.445408", "features": ["icA", "icW"], "seed": 888, "split_id": 0, "metrics_train": {"acc": 0.8420598808468587, "auc": 0.7314806602092861, "nll": 0.4030440477120393, "mse": 0.12347619425142363, "rmse": 0.3513917959364214, "f1": 0.9114874892640008}, "metrics_test": {"acc": 0.8412854509316355, "auc": 0.7289905133540401, "nll": 0.4048091192834281, "mse": 0.12411085010007575, "rmse": 0.35229369863804794, "f1": 0.9114874892640008}}