{"time": "2021-06-02T06:00:13.554150", "features": ["n_gram"], "seed": 888, "split_id": 4, "metrics_train": {"acc": 0.8401214322156937, "auc": 0.7050421692536417, "nll": 0.4092280479991373, "mse": 0.1251975927330463, "rmse": 0.3538327185734048, "f1": 0.9112561386939352}, "metrics_test": {"acc": 0.8406322859497317, "auc": 0.7053609484035945, "nll": 0.4085185044010147, "mse": 0.12489784575373994, "rmse": 0.35340889314466883, "f1": 0.9112561386939352}}