{"time": "2021-06-02T02:19:26.007248", "features": ["week"], "seed": 888, "split_id": 2, "metrics_train": {"acc": 0.8300776620105538, "auc": 0.5186479028625093, "nll": 0.45545183316051485, "mse": 0.14096126754630536, "rmse": 0.37544808901671795, "f1": 0.9065708686193383}, "metrics_test": {"acc": 0.8291080259354539, "auc": 0.5159324922903971, "nll": 0.4570703599877684, "mse": 0.14162395690065546, "rmse": 0.3763295854708416, "f1": 0.9065708686193383}}