{"time": "2021-06-02T00:46:51.359886", "features": ["partcA", "partcW"], "seed": 888, "split_id": 1, "metrics_train": {"acc": 0.8348489581488527, "auc": 0.6616292374528875, "nll": 0.4290620636508183, "mse": 0.13194561729016646, "rmse": 0.36324319304037406, "f1": 0.9088184009588323}, "metrics_test": {"acc": 0.8347073236561605, "auc": 0.6615049692553914, "nll": 0.42913117329900946, "mse": 0.1320117413114289, "rmse": 0.3633342005804421, "f1": 0.9088184009588323}}