{"time": "2021-12-14T11:47:50.946732", "features": ["ppe"], "seed": 888, "split_id": 4, "metrics_train": {"acc": 0.8303070832972144, "auc": 0.6469060353091014, "nll": 0.4363420630594612, "mse": 0.13535799659245717, "rmse": 0.3679103105275213, "f1": 0.9071519511032305}, "metrics_test": {"acc": 0.8304459499060522, "auc": 0.6457781816679501, "nll": 0.43641401795039225, "mse": 0.13534581869259357, "rmse": 0.3678937600620505, "f1": 0.9071519511032305}}