{"time": "2021-06-02T04:50:11.955461", "features": ["partcA", "partcW"], "seed": 888, "split_id": 4, "metrics_train": {"acc": 0.8347090428389854, "auc": 0.6614586257740063, "nll": 0.42933906750178596, "mse": 0.13206331658306827, "rmse": 0.36340516862459216, "f1": 0.9090627604341327}, "metrics_test": {"acc": 0.8353172020288661, "auc": 0.6625607626731469, "nll": 0.42801564229099953, "mse": 0.1315414319457822, "rmse": 0.36268640992706386, "f1": 0.9090627604341327}}