{"time": "2021-06-26T12:20:27.610556", "features": ["prev_lag_time_cat"], "seed": 888, "split_id": 1, "metrics_train": {"acc": 0.8297508526113141, "auc": 0.5378683872052609, "nll": 0.45198713136376345, "mse": 0.13996243795403318, "rmse": 0.3741155409148799, "f1": 0.90735630601866}, "metrics_test": {"acc": 0.8304228643030596, "auc": 0.5380806314193248, "nll": 0.4508768498281261, "mse": 0.13950807600747292, "rmse": 0.3735077991253635, "f1": 0.90735630601866}}