{"time": "2021-06-02T03:39:08.812641", "features": ["month"], "seed": 888, "split_id": 3, "metrics_train": {"acc": 0.8297397296389109, "auc": 0.5150749180070131, "nll": 0.4560963777190733, "mse": 0.14121437950510554, "rmse": 0.37578501766981814, "f1": 0.9073856496769193}, "metrics_test": {"acc": 0.8304720228217849, "auc": 0.5121994307624489, "nll": 0.45501107489129666, "mse": 0.1407530431011849, "rmse": 0.37517068529028874, "f1": 0.9073856496769193}}