{"time": "2021-06-02T00:36:20.470585", "features": ["part"], "seed": 888, "split_id": 1, "metrics_train": {"acc": 0.8301487025859116, "auc": 0.5705275437924132, "nll": 0.44895546567077554, "mse": 0.13886918762221448, "rmse": 0.37265156328964255, "f1": 0.9070526327974178}, "metrics_test": {"acc": 0.8306359350093333, "auc": 0.5710166957724843, "nll": 0.4479301728417541, "mse": 0.13845367711562417, "rmse": 0.3720936402515154, "f1": 0.9070526327974178}}