{"time": "2021-06-02T01:17:24.023497", "features": ["postcA", "postcW"], "seed": 888, "split_id": 0, "metrics_train": {"acc": 0.84360721020158, "auc": 0.7612052735605962, "nll": 0.3894464634671353, "mse": 0.11945898333964844, "rmse": 0.34562838908233284, "f1": 0.9122154623753679}, "metrics_test": {"acc": 0.8427363817902156, "auc": 0.7590398578614281, "nll": 0.3913976271786765, "mse": 0.12012011487570565, "rmse": 0.3465834890408163, "f1": 0.9122154623753679}}