{"time": "2021-12-14T11:45:39.922609", "features": ["rpfa_R"], "seed": 888, "split_id": 1, "metrics_train": {"acc": 0.833734278681887, "auc": 0.7271796472819372, "nll": 0.40537718288435026, "mse": 0.12485354699464063, "rmse": 0.3533462140658092, "f1": 0.9065843775246447}, "metrics_test": {"acc": 0.8335909972060591, "auc": 0.7269932084782327, "nll": 0.40487974993851855, "mse": 0.1247069152498885, "rmse": 0.35313866292136364, "f1": 0.9065843775246447}}