{"time": "2021-06-02T03:03:40.832169", "features": ["precA", "precW"], "seed": 888, "split_id": 1, "metrics_train": {"acc": 0.8443205068754496, "auc": 0.760125365468657, "nll": 0.3892923886648733, "mse": 0.11928308256428316, "rmse": 0.345373830167086, "f1": 0.9129960596448596}, "metrics_test": {"acc": 0.8442334005030109, "auc": 0.7609972920705407, "nll": 0.38869313075492584, "mse": 0.11913557131494477, "rmse": 0.34516021108312117, "f1": 0.9129960596448596}}