{"time": "2021-06-03T17:41:53.442368", "features": ["rc"], "seed": 888, "split_id": 0, "metrics_train": {"acc": 0.8299579952815482, "auc": 0.6002048444399108, "nll": 0.44716949383332244, "mse": 0.13852270492606697, "rmse": 0.3721863846597118, "f1": 0.9067773333589558}, "metrics_test": {"acc": 0.8294534691135279, "auc": 0.5990455511626064, "nll": 0.4486335015365117, "mse": 0.13911857272597822, "rmse": 0.3729860221589788, "f1": 0.9067773333589558}}