{"time": "2021-06-02T00:52:26.136393", "features": ["tcA_TW", "tcW_TW"], "seed": 888, "split_id": 1, "metrics_train": {"acc": 0.8360533952500082, "auc": 0.6828986541021087, "nll": 0.42298320707323694, "mse": 0.12999435192137443, "rmse": 0.3605472949855184, "f1": 0.9091837586833005}, "metrics_test": {"acc": 0.835825603091654, "auc": 0.6822822626208049, "nll": 0.4230850087656888, "mse": 0.13005440430555437, "rmse": 0.3606305648521134, "f1": 0.9091837586833005}}