{"time": "2021-06-02T02:16:40.969202", "features": ["month"], "seed": 888, "split_id": 2, "metrics_train": {"acc": 0.8300776620105538, "auc": 0.5148600967765142, "nll": 0.45556251322015945, "mse": 0.14099202105365116, "rmse": 0.3754890425214179, "f1": 0.9065708686193383}, "metrics_test": {"acc": 0.8291080259354539, "auc": 0.5130388832356424, "nll": 0.45716417155619266, "mse": 0.14164998301325096, "rmse": 0.37636416276427137, "f1": 0.9065708686193383}}