{"time": "2021-06-02T01:50:26.908580", "features": ["smA", "smW"], "seed": 888, "split_id": 1, "metrics_train": {"acc": 0.8317105445367085, "auc": 0.6584535441919664, "nll": 0.4318425876804757, "mse": 0.1334108052289701, "rmse": 0.36525443902705695, "f1": 0.9074750979025608}, "metrics_test": {"acc": 0.831781946837394, "auc": 0.6595311985306745, "nll": 0.4314679407305881, "mse": 0.13331474427453888, "rmse": 0.36512291666579744, "f1": 0.9074750979025608}}