{"time": "2021-06-02T03:47:28.318509", "features": ["hour"], "seed": 888, "split_id": 3, "metrics_train": {"acc": 0.8297397296389109, "auc": 0.5211789569143231, "nll": 0.45580748811400673, "mse": 0.14113055598533275, "rmse": 0.375673469898172, "f1": 0.9073856496769193}, "metrics_test": {"acc": 0.8304720228217849, "auc": 0.5236045986119064, "nll": 0.4545371017605374, "mse": 0.14061679324691506, "rmse": 0.3749890575029024, "f1": 0.9073856496769193}}