{"time": "2021-06-22T17:49:01.941830", "features": ["ones"], "seed": 888, "split_id": 3, "metrics_train": {"acc": 0.8297397296389109, "auc": 0.5, "nll": 0.4562986648603193, "mse": 0.1412717106976595, "rmse": 0.37586129183205275, "f1": 0.9073856496769193}, "metrics_test": {"acc": 0.8304720228217849, "auc": 0.5, "nll": 0.4551388709833447, "mse": 0.1407887784436434, "rmse": 0.3752183077138473, "f1": 0.9073856496769193}}