{"time": "2021-06-01T23:48:54.976710", "features": ["icA_TW", "icW_TW"], "seed": 888, "split_id": 0, "metrics_train": {"acc": 0.8426283268123772, "auc": 0.7388226860499278, "nll": 0.3997252159481612, "mse": 0.1225537355900827, "rmse": 0.35007675671212835, "f1": 0.9118155492243064}, "metrics_test": {"acc": 0.8418613558842044, "auc": 0.737255656474601, "nll": 0.40134504355581313, "mse": 0.12315537330469889, "rmse": 0.3509349986887869, "f1": 0.9118155492243064}}