{"time": "2021-06-25T16:56:04.965480", "features": ["resp_time_cat"], "seed": 888, "split_id": 2, "metrics_train": {"acc": 0.8323450833176966, "auc": 0.6622062798752076, "nll": 0.42977029744369905, "mse": 0.132931649613824, "rmse": 0.36459792870204843, "f1": 0.9076956490578688}, "metrics_test": {"acc": 0.831399425396716, "auc": 0.6627476824557967, "nll": 0.43100701652197565, "mse": 0.13349827173459228, "rmse": 0.36537415307406773, "f1": 0.9076956490578688}}