{"time": "2021-06-01T23:51:35.840223", "features": ["month"], "seed": 888, "split_id": 0, "metrics_train": {"acc": 0.8299961284700709, "auc": 0.5143050770146353, "nll": 0.4557060011678207, "mse": 0.14104985530986872, "rmse": 0.3755660465349187, "f1": 0.9067773333589558}, "metrics_test": {"acc": 0.8294534691135279, "auc": 0.5151854841631878, "nll": 0.4565589282527474, "mse": 0.14140573943057655, "rmse": 0.376039545035594, "f1": 0.9067773333589558}}