{"time": "2021-06-02T01:22:55.621876", "features": ["week"], "seed": 888, "split_id": 1, "metrics_train": {"acc": 0.8297508526113141, "auc": 0.5184707401652895, "nll": 0.45597632178316067, "mse": 0.14117883955556101, "rmse": 0.375737727085744, "f1": 0.90735630601866}, "metrics_test": {"acc": 0.8304228643030596, "auc": 0.5160961283426185, "nll": 0.4549716195769478, "mse": 0.1407520034033961, "rmse": 0.37516929965469736, "f1": 0.90735630601866}}