{"time": "2021-06-02T06:16:22.581948", "features": ["icA_TW", "icW_TW", "scA_TW", "scW_TW", "tcA_TW", "tcW_TW"], "seed": 888, "split_id": 4, "metrics_train": {"acc": 0.8437817554020568, "auc": 0.7539558556757218, "nll": 0.3910265405388756, "mse": 0.11974840584687198, "rmse": 0.3460468260898689, "f1": 0.9129401689774495}, "metrics_test": {"acc": 0.8446560967331403, "auc": 0.7547197171688972, "nll": 0.3897962084647077, "mse": 0.1192714088800463, "rmse": 0.3453569296829677, "f1": 0.9129401689774495}}