{"time": "2021-06-25T18:15:54.246402", "features": ["resp_time_cat"], "seed": 888, "split_id": 4, "metrics_train": {"acc": 0.8321345451750245, "auc": 0.6615340225934677, "nll": 0.4302733395966227, "mse": 0.13311720868554125, "rmse": 0.3648523107855304, "f1": 0.9082011367998283}, "metrics_test": {"acc": 0.8322545644831133, "auc": 0.665507368033588, "nll": 0.42896958007803226, "mse": 0.13274572261269857, "rmse": 0.3643428640891689, "f1": 0.9082011367998283}}