{"time": "2021-06-02T05:01:23.365004", "features": ["icA_TW", "icW_TW"], "seed": 888, "split_id": 4, "metrics_train": {"acc": 0.8422780139401521, "auc": 0.7383779190970339, "nll": 0.4003784267620774, "mse": 0.12279649782403886, "rmse": 0.3504233123295864, "f1": 0.9125903572451942}, "metrics_test": {"acc": 0.8432740758441175, "auc": 0.7398579997499712, "nll": 0.3987533451893879, "mse": 0.12219097326071718, "rmse": 0.3495582544594208, "f1": 0.9125903572451942}}