{"time": "2021-06-02T03:17:01.934483", "features": ["tcA", "tcW"], "seed": 888, "split_id": 3, "metrics_train": {"acc": 0.8318820975711781, "auc": 0.6465422896795395, "nll": 0.43716177767839537, "mse": 0.13496251202120152, "rmse": 0.3673724431979099, "f1": 0.9082170240030605}, "metrics_test": {"acc": 0.8331697793062923, "auc": 0.6445031720578076, "nll": 0.43547781256974355, "mse": 0.13425265512775963, "rmse": 0.36640504244314054, "f1": 0.9082170240030605}}