{"time": "2021-06-02T04:39:55.906325", "features": ["part"], "seed": 888, "split_id": 4, "metrics_train": {"acc": 0.8302310985809412, "auc": 0.5707443669813477, "nll": 0.4487630277356489, "mse": 0.13879295387849108, "rmse": 0.3725492636933954, "f1": 0.906873102074699}, "metrics_test": {"acc": 0.8303104226962901, "auc": 0.5701170049434744, "nll": 0.4486947861494132, "mse": 0.13875618511562712, "rmse": 0.37249991290687184, "f1": 0.906873102074699}}