{"time": "2021-06-02T04:57:48.149750", "features": ["icA", "icW", "scA", "scW", "tcA", "tcW"], "seed": 888, "split_id": 4, "metrics_train": {"acc": 0.8432945304061089, "auc": 0.7457737299225312, "nll": 0.39499575528994113, "mse": 0.12097276365006343, "rmse": 0.34781139091476493, "f1": 0.912808067687804}, "metrics_test": {"acc": 0.8442243514260177, "auc": 0.7451983395045065, "nll": 0.39402856787037444, "mse": 0.12054475229232045, "rmse": 0.3471955533878861, "f1": 0.912808067687804}}