{"time": "2021-12-14T11:47:47.644352", "features": ["rpfa_R"], "seed": 888, "split_id": 3, "metrics_train": {"acc": 0.8334526788918286, "auc": 0.7269122772580667, "nll": 0.40562138921352153, "mse": 0.12495858686443753, "rmse": 0.3534948187236095, "f1": 0.9070366626573139}, "metrics_test": {"acc": 0.834493091989209, "auc": 0.7280333801439876, "nll": 0.4038988107005132, "mse": 0.12427761447799292, "rmse": 0.352530302921597, "f1": 0.9070366626573139}}