{"time": "2021-06-01T23:47:29.872842", "features": ["scA", "scW"], "seed": 888, "split_id": 0, "metrics_train": {"acc": 0.8372922456531124, "auc": 0.688954733082404, "nll": 0.4180828262531513, "mse": 0.12843452151947402, "rmse": 0.3583776241891701, "f1": 0.90950458704539}, "metrics_test": {"acc": 0.8366593705757049, "auc": 0.6887976782705387, "nll": 0.4191391533999138, "mse": 0.12885024625302385, "rmse": 0.3589571649278279, "f1": 0.90950458704539}}