{"time": "2021-06-02T03:22:23.496946", "features": ["partcA", "partcW"], "seed": 888, "split_id": 3, "metrics_train": {"acc": 0.8345028640721052, "auc": 0.6616079654841499, "nll": 0.42951444138333944, "mse": 0.13214121577657667, "rmse": 0.3635123323583076, "f1": 0.9094209333821308}, "metrics_test": {"acc": 0.836023485702756, "auc": 0.6609380051385386, "nll": 0.4273291033128999, "mse": 0.1312265947808369, "rmse": 0.3622521149432214, "f1": 0.9094209333821308}}