{"time": "2021-06-03T17:45:38.419571", "features": ["rt"], "seed": 888, "split_id": 3, "metrics_train": {"acc": 0.8296922241889391, "auc": 0.5978256176378697, "nll": 0.4486543899424403, "mse": 0.1390475267874092, "rmse": 0.37289077058491166, "f1": 0.907366795831415}, "metrics_test": {"acc": 0.830449407134679, "auc": 0.5946111045844044, "nll": 0.4476810547800589, "mse": 0.13858151263923954, "rmse": 0.3722653793186247, "f1": 0.907366795831415}}