{"time": "2021-06-02T01:55:21.600627", "features": ["i"], "seed": 888, "split_id": 2, "metrics_train": {"acc": 0.8321479823151235, "auc": 0.721058151231424, "nll": 0.41025983018637935, "mse": 0.12799749715518965, "rmse": 0.35776737855090934, "f1": 0.9067467536609992}, "metrics_test": {"acc": 0.8310664750923882, "auc": 0.7196342001587697, "nll": 0.4123384706156635, "mse": 0.12878319282650363, "rmse": 0.3588637524555853, "f1": 0.9067467536609992}}