{"time": "2021-06-26T12:14:41.549076", "features": ["lag_time_cat"], "seed": 888, "split_id": 2, "metrics_train": {"acc": 0.8300776620105538, "auc": 0.7066691111931992, "nll": 0.4531773800231825, "mse": 0.1402139372726485, "rmse": 0.37445151524950265, "f1": 0.9065708686193383}, "metrics_test": {"acc": 0.8291080259354539, "auc": 0.7080907043977502, "nll": 0.4547952108362582, "mse": 0.14087884634985495, "rmse": 0.37533830919565747, "f1": 0.9065708686193383}}