{"time": "2021-06-02T04:31:10.192487", "features": ["user_avg_correct"], "seed": 888, "split_id": 3, "metrics_train": {"acc": 0.8297045677375342, "auc": 0.6526985076292066, "nll": 0.4391191386916553, "mse": 0.1360988195967806, "rmse": 0.3689157350897094, "f1": 0.9071053597323134}, "metrics_test": {"acc": 0.8309961167881948, "auc": 0.6506795437437274, "nll": 0.4375623776479366, "mse": 0.13537893785384544, "rmse": 0.36793876916389967, "f1": 0.9071053597323134}}