{"time": "2021-06-03T17:46:11.711303", "features": ["rc"], "seed": 888, "split_id": 4, "metrics_train": {"acc": 0.8298671278631341, "auc": 0.5991736226879278, "nll": 0.44776416889509457, "mse": 0.13875254190271702, "rmse": 0.3724950226549571, "f1": 0.9068682802723467}, "metrics_test": {"acc": 0.8298138858722196, "auc": 0.6032491415432355, "nll": 0.44626017026174963, "mse": 0.13818790836191946, "rmse": 0.37173634253583476, "f1": 0.9068682802723467}}