{"time": "2021-06-25T18:20:43.352042", "features": ["prev_resp_time_cat"], "seed": 888, "split_id": 4, "metrics_train": {"acc": 0.8299491501246925, "auc": 0.6011540603193725, "nll": 0.4464760698846385, "mse": 0.13835990729333197, "rmse": 0.3719676159201658, "f1": 0.9070256112407872}, "metrics_test": {"acc": 0.8300875161012864, "auc": 0.6040367209978296, "nll": 0.4458250022814783, "mse": 0.1381592600862667, "rmse": 0.3716978074811132, "f1": 0.9070256112407872}}