{"time": "2021-12-14T11:45:18.759446", "features": ["ppe"], "seed": 888, "split_id": 0, "metrics_train": {"acc": 0.8304420351855375, "auc": 0.6466956642145407, "nll": 0.4361512401022603, "mse": 0.13526798840744728, "rmse": 0.3677879666430745, "f1": 0.9068342171095761}, "metrics_test": {"acc": 0.8299077833408663, "auc": 0.6462649253359227, "nll": 0.4371502392379845, "mse": 0.13568773080648877, "rmse": 0.3683581556128339, "f1": 0.9068342171095761}}