{"time": "2021-06-01T23:41:54.660109", "features": ["s"], "seed": 888, "split_id": 0, "metrics_train": {"acc": 0.8303665581112302, "auc": 0.6406724925216621, "nll": 0.43702801697606924, "mse": 0.13546509967434137, "rmse": 0.36805583771262396, "f1": 0.9065684405386829}, "metrics_test": {"acc": 0.8297755097244416, "auc": 0.6406696594555836, "nll": 0.4379548156302143, "mse": 0.1358704336112373, "rmse": 0.3686060683320844, "f1": 0.9065684405386829}}