{"time": "2021-06-02T02:03:34.485190", "features": ["icA_TW", "icW_TW", "scA_TW", "scW_TW", "tcA_TW", "tcW_TW"], "seed": 888, "split_id": 1, "metrics_train": {"acc": 0.843947288523846, "auc": 0.7540988616579124, "nll": 0.39087684304948433, "mse": 0.11968689718308134, "rmse": 0.34595794134992963, "f1": 0.9126320849649877}, "metrics_test": {"acc": 0.8440369301725696, "auc": 0.75445829921187, "nll": 0.39038526671080165, "mse": 0.11953440961157208, "rmse": 0.3457374865581863, "f1": 0.9126320849649877}}