{"time": "2021-06-26T12:20:09.844897", "features": ["prev_lag_time_cat"], "seed": 888, "split_id": 0, "metrics_train": {"acc": 0.8299961284700709, "auc": 0.5380049926604593, "nll": 0.4515729565126246, "mse": 0.1397933986032296, "rmse": 0.37388955401726537, "f1": 0.9067773333589558}, "metrics_test": {"acc": 0.8294534691135279, "auc": 0.5375335333278145, "nll": 0.45253680746513086, "mse": 0.14018387248958122, "rmse": 0.37441136800260383, "f1": 0.9067773333589558}}