{"time": "2021-06-01T23:41:25.665310", "features": ["part"], "seed": 888, "split_id": 0, "metrics_train": {"acc": 0.8303665581112302, "auc": 0.570671506484342, "nll": 0.4485458902439973, "mse": 0.1387018943571148, "rmse": 0.37242703225882356, "f1": 0.9065684405386829}, "metrics_test": {"acc": 0.8297755097244416, "auc": 0.5704399702890273, "nll": 0.4495473222724793, "mse": 0.13911425551389806, "rmse": 0.372980234749642, "f1": 0.9065684405386829}}