{"time": "2021-12-14T11:46:49.431604", "features": ["rpfa_F", "rpfa_R"], "seed": 888, "split_id": 0, "metrics_train": {"acc": 0.841783328900083, "auc": 0.7378191641920427, "nll": 0.39711093646123236, "mse": 0.12160609338276972, "rmse": 0.3487206523605531, "f1": 0.9111783903229854}, "metrics_test": {"acc": 0.8409183479433201, "auc": 0.7375764711741503, "nll": 0.3982214796467235, "mse": 0.12206617465484726, "rmse": 0.349379699832213, "f1": 0.9111783903229854}}