{"time": "2021-06-02T03:08:48.108498", "features": ["user_avg_correct"], "seed": 888, "split_id": 2, "metrics_train": {"acc": 0.8301791780951916, "auc": 0.6522148449972278, "nll": 0.43848846696897426, "mse": 0.13581995890358192, "rmse": 0.36853759496635063, "f1": 0.9060190705568534}, "metrics_test": {"acc": 0.8290739538217256, "auc": 0.6526468739210566, "nll": 0.4401046626959585, "mse": 0.13651420948128198, "rmse": 0.3694782936537436, "f1": 0.9060190705568534}}