{"time": "2021-06-02T05:57:21.293892", "features": ["smA", "smW"], "seed": 888, "split_id": 4, "metrics_train": {"acc": 0.8316378466324094, "auc": 0.658597453272965, "nll": 0.4319012836385388, "mse": 0.13343684167672884, "rmse": 0.36529007880960696, "f1": 0.9077232690465514}, "metrics_test": {"acc": 0.8323437271211148, "auc": 0.6574349078390257, "nll": 0.4312541186032437, "mse": 0.13311543151606192, "rmse": 0.36484987531320595, "f1": 0.9077232690465514}}