{"time": "2021-06-02T01:58:01.434979", "features": ["tcA", "tcW"], "seed": 888, "split_id": 2, "metrics_train": {"acc": 0.8323806213000059, "auc": 0.6461906838669892, "nll": 0.43644238775213956, "mse": 0.1346701763360252, "rmse": 0.3669743537851456, "f1": 0.9070974694045104}, "metrics_test": {"acc": 0.831170883206971, "auc": 0.6461163791372466, "nll": 0.43837811295890056, "mse": 0.13544155752556253, "rmse": 0.36802385456049247, "f1": 0.9070974694045104}}