{"time": "2021-06-02T02:27:39.865853", "features": ["weekend"], "seed": 888, "split_id": 2, "metrics_train": {"acc": 0.8300776620105538, "auc": 0.5093149041969376, "nll": 0.45559601935986227, "mse": 0.14100246586645634, "rmse": 0.3755029505429436, "f1": 0.9065708686193383}, "metrics_test": {"acc": 0.8291080259354539, "auc": 0.5090597137159271, "nll": 0.457137375212377, "mse": 0.14164330564151828, "rmse": 0.3763552917676571, "f1": 0.9065708686193383}}