{"time": "2021-06-02T02:11:39.372231", "features": ["icA", "icW", "scA", "scW", "tcA", "tcW"], "seed": 888, "split_id": 2, "metrics_train": {"acc": 0.8437098359527522, "auc": 0.7460630046972467, "nll": 0.3943293653123276, "mse": 0.12072598723552402, "rmse": 0.3474564537255338, "f1": 0.9117857138872495}, "metrics_test": {"acc": 0.8424589147095293, "auc": 0.744315934043417, "nll": 0.39670788825773295, "mse": 0.12158156199071903, "rmse": 0.348685477172077, "f1": 0.9117857138872495}}