{"time": "2021-06-02T05:17:41.614012", "features": ["weekend"], "seed": 888, "split_id": 4, "metrics_train": {"acc": 0.8298662443199216, "auc": 0.5093439032492619, "nll": 0.4559293111953116, "mse": 0.14114142634706367, "rmse": 0.37568793745216744, "f1": 0.9070840268330806}, "metrics_test": {"acc": 0.829966849331191, "auc": 0.5089599467864151, "nll": 0.4557829385100712, "mse": 0.1410786679001804, "rmse": 0.3756044034621804, "f1": 0.9070840268330806}}