{"time": "2021-06-26T12:20:04.677699", "features": ["prev_lag_time_cat"], "seed": 888, "split_id": 2, "metrics_train": {"acc": 0.8300776620105538, "auc": 0.5378540958064055, "nll": 0.45148826809555304, "mse": 0.1397545194030015, "rmse": 0.3738375575072701, "f1": 0.9065708686193383}, "metrics_test": {"acc": 0.8291080259354539, "auc": 0.5381358565129655, "nll": 0.4529030183892055, "mse": 0.14034986504026006, "rmse": 0.3746329737760146, "f1": 0.9065708686193383}}