{"time": "2021-06-02T02:25:06.371553", "features": ["hour"], "seed": 888, "split_id": 2, "metrics_train": {"acc": 0.8300776620105538, "auc": 0.5217322029218407, "nll": 0.45525696114848624, "mse": 0.14090404297518475, "rmse": 0.3753718729142938, "f1": 0.9065708686193383}, "metrics_test": {"acc": 0.8291080259354539, "auc": 0.5213352483912894, "nll": 0.4567585072400709, "mse": 0.14153099206301184, "rmse": 0.37620605000851837, "f1": 0.9065708686193383}}