{"time": "2021-06-03T17:45:21.886740", "features": ["rc"], "seed": 888, "split_id": 3, "metrics_train": {"acc": 0.8297013712010455, "auc": 0.6004603352505659, "nll": 0.44766461433128607, "mse": 0.13873320886424953, "rmse": 0.37246907101697657, "f1": 0.9073856496769193}, "metrics_test": {"acc": 0.8304720228217849, "auc": 0.5980040867970159, "nll": 0.44667346336820374, "mse": 0.1382713662351335, "rmse": 0.37184857971375057, "f1": 0.9073856496769193}}