{"time": "2021-06-01T23:57:13.884707", "features": ["part_of_day"], "seed": 888, "split_id": 0, "metrics_train": {"acc": 0.8299961284700709, "auc": 0.5154286910868373, "nll": 0.4556571702234241, "mse": 0.14103691996301512, "rmse": 0.3755488250055046, "f1": 0.9067773333589558}, "metrics_test": {"acc": 0.8294534691135279, "auc": 0.5180155979264758, "nll": 0.45644858987319054, "mse": 0.14137548330250987, "rmse": 0.37599931290164595, "f1": 0.9067773333589558}}