{"time": "2021-06-02T03:52:45.586902", "features": ["part_of_day"], "seed": 888, "split_id": 3, "metrics_train": {"acc": 0.8297397296389109, "auc": 0.5153679591474594, "nll": 0.4560664148207721, "mse": 0.1412067625620466, "rmse": 0.3757748828248724, "f1": 0.9073856496769193}, "metrics_test": {"acc": 0.8304720228217849, "auc": 0.5182862072086877, "nll": 0.45482029605435953, "mse": 0.14070001618352662, "rmse": 0.37510000824250406, "f1": 0.9073856496769193}}