{"time": "2021-06-02T04:26:02.463068", "features": ["post"], "seed": 888, "split_id": 3, "metrics_train": {"acc": 0.831734712650303, "auc": 0.7206267500811099, "nll": 0.41095648022983383, "mse": 0.12825778588553616, "rmse": 0.3581309619197091, "f1": 0.9076670589702844}, "metrics_test": {"acc": 0.8326002573075219, "auc": 0.7213332052122517, "nll": 0.40955373667740064, "mse": 0.12774360400604187, "rmse": 0.357412372485959, "f1": 0.9076670589702844}}