{"time": "2021-06-02T01:56:49.158443", "features": ["part"], "seed": 888, "split_id": 2, "metrics_train": {"acc": 0.8304351496036314, "auc": 0.570879015307875, "nll": 0.4484244583652675, "mse": 0.13865528844074115, "rmse": 0.37236445646804306, "f1": 0.9063605637976124}, "metrics_test": {"acc": 0.829481424421576, "auc": 0.5696120031663345, "nll": 0.45006757338597936, "mse": 0.13931455111366775, "rmse": 0.37324864515985556, "f1": 0.9063605637976124}}