{"time": "2021-06-01T23:46:05.194793", "features": ["partcA", "partcW"], "seed": 888, "split_id": 0, "metrics_train": {"acc": 0.8349739648491918, "auc": 0.6616292388635892, "nll": 0.42879442510773536, "mse": 0.13184819426488475, "rmse": 0.3631090666244576, "f1": 0.9084577886052139}, "metrics_test": {"acc": 0.8342269733679407, "auc": 0.6613431462565066, "nll": 0.43018452424423126, "mse": 0.13239675048326435, "rmse": 0.363863642705979, "f1": 0.9084577886052139}}