{"time": "2021-06-01T23:42:57.573697", "features": ["i"], "seed": 888, "split_id": 0, "metrics_train": {"acc": 0.8320816636291666, "auc": 0.721321652751733, "nll": 0.4102867594450831, "mse": 0.1280176273478533, "rmse": 0.35779551051942127, "f1": 0.9069538993033014}, "metrics_test": {"acc": 0.8313837704351569, "auc": 0.718631353643306, "nll": 0.41217512703888004, "mse": 0.12868501397575896, "rmse": 0.35872693511326825, "f1": 0.9069538993033014}}