{"time": "2021-06-02T06:45:59.402575", "features": ["precA", "precW"], "seed": 888, "split_id": 4, "metrics_train": {"acc": 0.8441285951986888, "auc": 0.7602969900806374, "nll": 0.38930830080649703, "mse": 0.1193027426001855, "rmse": 0.3454022909596656, "f1": 0.9133893174836318}, "metrics_test": {"acc": 0.8450048217173239, "auc": 0.7593524027438852, "nll": 0.3889184191820833, "mse": 0.11901167907367095, "rmse": 0.3449806937694789, "f1": 0.9133893174836318}}