{"time": "2021-06-26T12:16:24.332303", "features": ["lag_time_cat"], "seed": 888, "split_id": 0, "metrics_train": {"acc": 0.8299961284700709, "auc": 0.7070666586091009, "nll": 0.4533073932023551, "mse": 0.1402678862776619, "rmse": 0.37452354569193896, "f1": 0.9067773333589558}, "metrics_test": {"acc": 0.8294534691135279, "auc": 0.7064988572024657, "nll": 0.45422216265387083, "mse": 0.1406434130646111, "rmse": 0.3750245499492148, "f1": 0.9067773333589558}}