{"time": "2021-12-14T11:45:25.481696", "features": ["rpfa_F"], "seed": 888, "split_id": 0, "metrics_train": {"acc": 0.837640624149033, "auc": 0.681349334175693, "nll": 0.4160774177600973, "mse": 0.12738788532725334, "rmse": 0.35691439495662447, "f1": 0.9091833919115133}, "metrics_test": {"acc": 0.8366615071539437, "auc": 0.6818947520073317, "nll": 0.4171904900555219, "mse": 0.12787656742479153, "rmse": 0.35759833252518325, "f1": 0.9091833919115133}}