{"time": "2021-06-02T01:28:28.758603", "features": ["hour"], "seed": 888, "split_id": 1, "metrics_train": {"acc": 0.8297508526113141, "auc": 0.5221664436295762, "nll": 0.45573708118693496, "mse": 0.14110801552500632, "rmse": 0.3756434686308366, "f1": 0.90735630601866}, "metrics_test": {"acc": 0.8304228643030596, "auc": 0.5194876035845765, "nll": 0.45482497780221465, "mse": 0.1407098579144669, "rmse": 0.3751131268223853, "f1": 0.90735630601866}}