{"time": "2021-06-22T17:49:00.259739", "features": ["ones"], "seed": 888, "split_id": 2, "metrics_train": {"acc": 0.8300776620105538, "auc": 0.5, "nll": 0.4557630486507417, "mse": 0.14104873704164828, "rmse": 0.37556455775491954, "f1": 0.9065708686193383}, "metrics_test": {"acc": 0.8291080259354539, "auc": 0.5, "nll": 0.4573010635626294, "mse": 0.14168884738189655, "rmse": 0.3764157905586541, "f1": 0.9065708686193383}}