{"time": "2021-06-02T01:50:29.663687", "features": ["user_avg_correct"], "seed": 888, "split_id": 1, "metrics_train": {"acc": 0.8299749511173126, "auc": 0.6523465528559786, "nll": 0.43880001172454997, "mse": 0.13594537814865007, "rmse": 0.3687077137091792, "f1": 0.9065936016485746}, "metrics_test": {"acc": 0.8299115727274183, "auc": 0.6521155795650094, "nll": 0.43883773971669304, "mse": 0.13599939975840164, "rmse": 0.36878096447403796, "f1": 0.9065936016485746}}