{"time": "2021-12-14T11:47:52.797576", "features": ["rpfa_F"], "seed": 888, "split_id": 4, "metrics_train": {"acc": 0.8372546290056045, "auc": 0.6813824548565953, "nll": 0.41650116573669627, "mse": 0.12757344573357074, "rmse": 0.3571742512186044, "f1": 0.9099845814771705}, "metrics_test": {"acc": 0.8381109646862456, "auc": 0.6820602643801087, "nll": 0.4155050097335881, "mse": 0.1271524189403912, "rmse": 0.35658437843011465, "f1": 0.9099845814771705}}