{"time": "2021-06-02T01:25:36.907359", "features": ["day"], "seed": 888, "split_id": 1, "metrics_train": {"acc": 0.8297508526113141, "auc": 0.5119054056756568, "nll": 0.4561071275508329, "mse": 0.1412160260452685, "rmse": 0.37578720846413666, "f1": 0.90735630601866}, "metrics_test": {"acc": 0.8304228643030596, "auc": 0.5136565506635906, "nll": 0.4550015579982084, "mse": 0.14076162582692398, "rmse": 0.3751821235439183, "f1": 0.90735630601866}}