{"time": "2021-06-01T23:47:33.417713", "features": ["tcA_TW", "tcW_TW"], "seed": 888, "split_id": 0, "metrics_train": {"acc": 0.8361722743995182, "auc": 0.6826659899797088, "nll": 0.42273941368519863, "mse": 0.1298988383283381, "rmse": 0.3604148142464986, "f1": 0.9088866665871196}, "metrics_test": {"acc": 0.8353675176787282, "auc": 0.6825844837071092, "nll": 0.42404111766901265, "mse": 0.13043124566823214, "rmse": 0.3611526625517693, "f1": 0.9088866665871196}}