{"time": "2021-06-02T03:41:50.645804", "features": ["week"], "seed": 888, "split_id": 3, "metrics_train": {"acc": 0.8297397296389109, "auc": 0.518737496891712, "nll": 0.45598481983357647, "mse": 0.1411833602830939, "rmse": 0.3757437428395766, "f1": 0.9073856496769193}, "metrics_test": {"acc": 0.8304720228217849, "auc": 0.5155357377223784, "nll": 0.45492726208459444, "mse": 0.14072985579962394, "rmse": 0.3751397816809408, "f1": 0.9073856496769193}}