{"time": "2021-06-02T00:23:00.411776", "features": ["smA", "smW"], "seed": 888, "split_id": 0, "metrics_train": {"acc": 0.8318731890435308, "auc": 0.6587167107836439, "nll": 0.4315362967103268, "mse": 0.13329950914046587, "rmse": 0.3651020530488234, "f1": 0.9070043140553595}, "metrics_test": {"acc": 0.8310879514662657, "auc": 0.6590046695069884, "nll": 0.43268189695881687, "mse": 0.13378763106497676, "rmse": 0.3657699154727966, "f1": 0.9070043140553595}}