{"time": "2021-12-14T11:48:52.880075", "features": ["rpfa_F", "rpfa_R"], "seed": 888, "split_id": 3, "metrics_train": {"acc": 0.8413306660121471, "auc": 0.7376141750551813, "nll": 0.39770931857648084, "mse": 0.12185073837031064, "rmse": 0.3490712511369429, "f1": 0.912213146895941}, "metrics_test": {"acc": 0.8426945234245421, "auc": 0.7384381322405122, "nll": 0.3958450003722965, "mse": 0.12109574679379147, "rmse": 0.34798814174306497, "f1": 0.912213146895941}}