{"time": "2021-06-25T17:40:31.701920", "features": ["resp_time_cat"], "seed": 888, "split_id": 3, "metrics_train": {"acc": 0.8320195486401958, "auc": 0.6626100970720693, "nll": 0.4301396107901701, "mse": 0.13312016483448857, "rmse": 0.36485636192135745, "f1": 0.9084711768661735}, "metrics_test": {"acc": 0.8327135324011999, "auc": 0.6611340563370647, "nll": 0.42952252494483084, "mse": 0.13273730046164012, "rmse": 0.36433130590389856, "f1": 0.9084711768661735}}