{"time": "2021-06-01T23:41:38.003053", "features": ["tcA", "tcW"], "seed": 888, "split_id": 0, "metrics_train": {"acc": 0.8322847117584796, "auc": 0.6462434075873164, "nll": 0.4365631886410967, "mse": 0.13471999946106517, "rmse": 0.36704223116838364, "f1": 0.9073446546234276}, "metrics_test": {"acc": 0.8315853857271523, "auc": 0.6459322095032902, "nll": 0.43785319483434026, "mse": 0.13522673167814725, "rmse": 0.3677318747105658, "f1": 0.9073446546234276}}