{"time": "2021-06-02T05:50:55.509474", "features": ["precA", "precW"], "seed": 888, "split_id": 3, "metrics_train": {"acc": 0.8441079644460557, "auc": 0.7600021780883457, "nll": 0.3895727717705051, "mse": 0.11938776881758485, "rmse": 0.3455253519173157, "f1": 0.9133937899325829}, "metrics_test": {"acc": 0.8449940471578374, "auc": 0.7612654558884435, "nll": 0.3875895547121412, "mse": 0.11875205354586259, "rmse": 0.3446041983868777, "f1": 0.9133937899325829}}