{"time": "2021-06-25T15:46:38.952206", "features": ["resp_time_cat"], "seed": 888, "split_id": 0, "metrics_train": {"acc": 0.8322671991039835, "auc": 0.6633360066986911, "nll": 0.4295355858114158, "mse": 0.13288555558399603, "rmse": 0.36453471108249214, "f1": 0.9078768790825087}, "metrics_test": {"acc": 0.8317298961098543, "auc": 0.6583065968467552, "nll": 0.4318994058502779, "mse": 0.13366489858376535, "rmse": 0.36560210418399586, "f1": 0.9078768790825087}}