{"time": "2021-06-26T12:19:34.972738", "features": ["prev_lag_time_cat"], "seed": 888, "split_id": 4, "metrics_train": {"acc": 0.8298662443199216, "auc": 0.5380975596428565, "nll": 0.4517776174684318, "mse": 0.139878351296227, "rmse": 0.37400314343094365, "f1": 0.9070840268330806}, "metrics_test": {"acc": 0.829966849331191, "auc": 0.5371517702038672, "nll": 0.45170355190883615, "mse": 0.1398408492148809, "rmse": 0.3739530040190624, "f1": 0.9070840268330806}}