{"time": "2021-06-02T03:44:29.338086", "features": ["day"], "seed": 888, "split_id": 3, "metrics_train": {"acc": 0.8297397296389109, "auc": 0.5121508136778435, "nll": 0.45611362026393876, "mse": 0.1412203160985077, "rmse": 0.3757929165092228, "f1": 0.9073856496769193}, "metrics_test": {"acc": 0.8304720228217849, "auc": 0.5126859035128157, "nll": 0.45496848086505554, "mse": 0.14074148232805786, "rmse": 0.37515527762255707, "f1": 0.9073856496769193}}