{"time": "2021-06-02T04:52:02.603282", "features": ["scA", "scW"], "seed": 888, "split_id": 4, "metrics_train": {"acc": 0.8370575988692217, "auc": 0.6890536959528908, "nll": 0.4184113110296844, "mse": 0.12856673300744095, "rmse": 0.35856203508938445, "f1": 0.9100490570855166}, "metrics_test": {"acc": 0.8376342417817311, "auc": 0.6888127172924663, "nll": 0.41785214993450875, "mse": 0.12832576823067146, "rmse": 0.35822586203493384, "f1": 0.9100490570855166}}