{"time": "2021-06-02T03:27:51.009806", "features": ["icA", "icW", "scA", "scW", "tcA", "tcW"], "seed": 888, "split_id": 3, "metrics_train": {"acc": 0.8432747995046254, "auc": 0.74554131931206, "nll": 0.3952122199868154, "mse": 0.12104932855608382, "rmse": 0.3479214402075328, "f1": 0.9128257147035593}, "metrics_test": {"acc": 0.8442091844861893, "auc": 0.747455513477405, "nll": 0.3931641536078282, "mse": 0.12030393886331413, "rmse": 0.3468485820402242, "f1": 0.9128257147035593}}