{"time": "2021-06-02T01:51:43.309948", "features": ["n_gram"], "seed": 888, "split_id": 1, "metrics_train": {"acc": 0.8402556486592588, "auc": 0.705171513335515, "nll": 0.40911055513429256, "mse": 0.12513997577673344, "rmse": 0.35375129084815143, "f1": 0.9110121144366583}, "metrics_test": {"acc": 0.8400981492338634, "auc": 0.7048345145453088, "nll": 0.40899510378665627, "mse": 0.12513030646987525, "rmse": 0.35373762376919315, "f1": 0.9110121144366583}}