{"time": "2021-06-02T03:49:58.956791", "features": ["weekend"], "seed": 888, "split_id": 3, "metrics_train": {"acc": 0.8297397296389109, "auc": 0.5093759825791777, "nll": 0.4561271897475591, "mse": 0.14122415512596684, "rmse": 0.37579802437741316, "f1": 0.9073856496769193}, "metrics_test": {"acc": 0.8304720228217849, "auc": 0.5088182472947484, "nll": 0.45499321134016213, "mse": 0.14074844670134223, "rmse": 0.375164559495353, "f1": 0.9073856496769193}}