{"time": "2021-06-26T12:16:42.146612", "features": ["lag_time_cat"], "seed": 888, "split_id": 4, "metrics_train": {"acc": 0.8298662443199216, "auc": 0.7067621894214572, "nll": 0.4535183570400758, "mse": 0.1403549208819894, "rmse": 0.37463972144179986, "f1": 0.9070840268330806}, "metrics_test": {"acc": 0.829966849331191, "auc": 0.7077158293532804, "nll": 0.4533782396915555, "mse": 0.14029566852852124, "rmse": 0.37456063398136386, "f1": 0.9070840268330806}}