{"time": "2021-06-02T05:39:57.734140", "features": ["pre"], "seed": 888, "split_id": 4, "metrics_train": {"acc": 0.8320091802103206, "auc": 0.7207790795015345, "nll": 0.41068406132249774, "mse": 0.12817469495453213, "rmse": 0.35801493677573304, "f1": 0.9071493822438518}, "metrics_test": {"acc": 0.8316975952043975, "auc": 0.7205910753919627, "nll": 0.41070707270471407, "mse": 0.12810017110742314, "rmse": 0.3579108423999239, "f1": 0.9071493822438518}}