{"time": "2021-06-02T03:32:41.845992", "features": ["icA_TW", "icW_TW"], "seed": 888, "split_id": 3, "metrics_train": {"acc": 0.8423164778652881, "auc": 0.7384870836781555, "nll": 0.40033342988353043, "mse": 0.12278109202162708, "rmse": 0.3504013299370125, "f1": 0.9125454569770417}, "metrics_test": {"acc": 0.8431077021950589, "auc": 0.7388737594329077, "nll": 0.398935609473324, "mse": 0.12224114897713484, "rmse": 0.3496300172713076, "f1": 0.9125454569770417}}