{"time": "2021-06-02T04:30:14.780530", "features": ["smA", "smW"], "seed": 888, "split_id": 3, "metrics_train": {"acc": 0.8314704328489072, "auc": 0.6585268379559946, "nll": 0.4322370083177844, "mse": 0.13358632748863317, "rmse": 0.3654946340079881, "f1": 0.9080588734874515}, "metrics_test": {"acc": 0.832919236824789, "auc": 0.6588696590411008, "nll": 0.42989892600918606, "mse": 0.1326366164130004, "rmse": 0.36419310319252396, "f1": 0.9080588734874515}}