{"time": "2021-06-03T17:47:24.325129", "features": ["rt"], "seed": 888, "split_id": 4, "metrics_train": {"acc": 0.8298177476147033, "auc": 0.5964015365642888, "nll": 0.44879761964952497, "mse": 0.1390777395891658, "rmse": 0.37293127998220504, "f1": 0.9070684435027582}, "metrics_test": {"acc": 0.8299442614628973, "auc": 0.6011484913623759, "nll": 0.4471014193550577, "mse": 0.13844339278255963, "rmse": 0.37207982044523674, "f1": 0.9070684435027582}}