{"time": "2021-06-02T00:36:18.083426", "features": ["sm"], "seed": 888, "split_id": 1, "metrics_train": {"acc": 0.8297508526113141, "auc": 0.6640136739545037, "nll": 0.4088320126435633, "mse": 0.1323572441551379, "rmse": 0.3638093513849498, "f1": 0.90735630601866}, "metrics_test": {"acc": 0.8304228643030596, "auc": 0.6636609543720964, "nll": 0.40796307118293473, "mse": 0.13200056932109439, "rmse": 0.36331882599322374, "f1": 0.90735630601866}}