{"time": "2021-06-02T01:47:47.360129", "features": ["post"], "seed": 888, "split_id": 1, "metrics_train": {"acc": 0.83185774311572, "auc": 0.7204206503289559, "nll": 0.41096335228661185, "mse": 0.12823919877617013, "rmse": 0.35810501082248225, "f1": 0.907439828388082}, "metrics_test": {"acc": 0.8322549598993509, "auc": 0.7221011290815449, "nll": 0.40953481117041707, "mse": 0.12781957472104258, "rmse": 0.35751863548777785, "f1": 0.907439828388082}}