{"time": "2021-06-02T04:25:50.993853", "features": ["icA_TW", "icW_TW", "scA_TW", "scW_TW", "tcA_TW", "tcW_TW"], "seed": 888, "split_id": 3, "metrics_train": {"acc": 0.8437707544352313, "auc": 0.7540392604692392, "nll": 0.3911198248830793, "mse": 0.11978831887459637, "rmse": 0.346104491266144, "f1": 0.9129985865653538}, "metrics_test": {"acc": 0.8446815573594789, "auc": 0.7549311797701165, "nll": 0.38943660417527837, "mse": 0.11916161434009516, "rmse": 0.34519793501713647, "f1": 0.9129985865653538}}