{"time": "2021-06-02T03:10:01.127138", "features": ["smA", "smW"], "seed": 888, "split_id": 2, "metrics_train": {"acc": 0.8319869584918327, "auc": 0.6589501149303604, "nll": 0.4313090501022579, "mse": 0.13321692091294957, "rmse": 0.36498893258967396, "f1": 0.9066754219131942}, "metrics_test": {"acc": 0.8305424419982039, "auc": 0.6578231881108295, "nll": 0.43363538377223493, "mse": 0.13412621157751928, "rmse": 0.36623245565831447, "f1": 0.9066754219131942}}