{"time": "2021-06-02T00:25:43.728310", "features": ["user_avg_correct"], "seed": 888, "split_id": 0, "metrics_train": {"acc": 0.8301007110828366, "auc": 0.6523272184394153, "nll": 0.43858091232050184, "mse": 0.1358626409809926, "rmse": 0.3685954977763464, "f1": 0.9062205517862554}, "metrics_test": {"acc": 0.829396169969849, "auc": 0.6521771023041012, "nll": 0.43970012313564244, "mse": 0.13633313060364177, "rmse": 0.3692331656333729, "f1": 0.9062205517862554}}