{"time": "2021-06-02T04:08:18.820582", "features": ["scA_TW", "scW_TW"], "seed": 888, "split_id": 3, "metrics_train": {"acc": 0.839532245406073, "auc": 0.71220661360604, "nll": 0.40955437603289496, "mse": 0.12566027532833335, "rmse": 0.35448593107249454, "f1": 0.9115142776132995}, "metrics_test": {"acc": 0.84079775557988, "auc": 0.7130785071353325, "nll": 0.40756217812238327, "mse": 0.12488279386245477, "rmse": 0.3533875972108455, "f1": 0.9115142776132995}}