{"time": "2021-12-14T11:49:56.494579", "features": ["rpfa_F", "rpfa_R"], "seed": 888, "split_id": 4, "metrics_train": {"acc": 0.8414736951023923, "auc": 0.7376896461167808, "nll": 0.3974883970283861, "mse": 0.1217625589860186, "rmse": 0.34894492256804455, "f1": 0.9118438374652904}, "metrics_test": {"acc": 0.8421088192350361, "auc": 0.738071710230601, "nll": 0.39672654547379077, "mse": 0.12143728422845036, "rmse": 0.3484785276433117, "f1": 0.9118438374652904}}