{"time": "2021-06-02T00:57:09.146587", "features": ["icA_TW", "icW_TW"], "seed": 888, "split_id": 1, "metrics_train": {"acc": 0.8424507203739829, "auc": 0.7385090058974747, "nll": 0.4001576750407663, "mse": 0.12270764435289425, "rmse": 0.3502965091931323, "f1": 0.9122571875807278}, "metrics_test": {"acc": 0.8425891821014357, "auc": 0.7389221482740973, "nll": 0.39964338355959667, "mse": 0.12253333652692702, "rmse": 0.3500476203703248, "f1": 0.9122571875807278}}