{"time": "2021-06-02T01:54:54.020834", "features": ["sm"], "seed": 888, "split_id": 2, "metrics_train": {"acc": 0.8300776620105538, "auc": 0.6639728338352067, "nll": 0.40838349255803175, "mse": 0.1321729597537006, "rmse": 0.3635559925977023, "f1": 0.9065708686193383}, "metrics_test": {"acc": 0.8291080259354539, "auc": 0.6638187096174061, "nll": 0.4097690617798836, "mse": 0.13274235282756558, "rmse": 0.36433823959003475, "f1": 0.9065708686193383}}