{"time": "2021-06-01T23:54:58.142783", "features": ["hour"], "seed": 888, "split_id": 0, "metrics_train": {"acc": 0.8299961284700709, "auc": 0.5213777352757057, "nll": 0.4554006666801579, "mse": 0.14096172747689928, "rmse": 0.37544870152512083, "f1": 0.9067773333589558}, "metrics_test": {"acc": 0.8294534691135279, "auc": 0.5227051461359102, "nll": 0.45615650932627355, "mse": 0.14128856598363657, "rmse": 0.37588371337906695, "f1": 0.9067773333589558}}