{"time": "2021-06-02T04:44:29.245627", "features": ["precA", "precW"], "seed": 888, "split_id": 2, "metrics_train": {"acc": 0.8445870113919576, "auc": 0.7606933147360799, "nll": 0.3886200691939044, "mse": 0.11906479003064016, "rmse": 0.34505766189238596, "f1": 0.9124005024431745}, "metrics_test": {"acc": 0.8432575172348109, "auc": 0.7586256081670685, "nll": 0.3914726190413716, "mse": 0.1199788460727201, "rmse": 0.3463796271040202, "f1": 0.9124005024431745}}