{"time": "2021-06-03T17:44:04.690911", "features": ["rt"], "seed": 888, "split_id": 2, "metrics_train": {"acc": 0.830051682520038, "auc": 0.5973689044222965, "nll": 0.4480729668718558, "mse": 0.13879646136065127, "rmse": 0.37255397107083865, "f1": 0.906510022211296}, "metrics_test": {"acc": 0.8290191594867823, "auc": 0.5970842165622693, "nll": 0.4500335557417694, "mse": 0.13961453735217771, "rmse": 0.3736502875044762, "f1": 0.906510022211296}}