{"time": "2021-06-02T04:39:01.253163", "features": ["sm"], "seed": 888, "split_id": 4, "metrics_train": {"acc": 0.8298662443199216, "auc": 0.6634022615062853, "nll": 0.40881693906633654, "mse": 0.13233692060363786, "rmse": 0.3637814187168414, "f1": 0.9070840268330806}, "metrics_test": {"acc": 0.829966849331191, "auc": 0.6661233823746224, "nll": 0.40801704157770435, "mse": 0.13207908175377547, "rmse": 0.3634268588777878, "f1": 0.9070840268330806}}