{"time": "2021-06-02T05:20:27.007830", "features": ["part_of_day"], "seed": 888, "split_id": 4, "metrics_train": {"acc": 0.8298662443199216, "auc": 0.5166123700590273, "nll": 0.4558296403924827, "mse": 0.14111318853011667, "rmse": 0.37565035409289405, "f1": 0.9070840268330806}, "metrics_test": {"acc": 0.829966849331191, "auc": 0.5132759797767998, "nll": 0.4557666941869069, "mse": 0.141073959068299, "rmse": 0.37559813507031553, "f1": 0.9070840268330806}}