{"time": "2021-06-01T23:54:21.081062", "features": ["week"], "seed": 888, "split_id": 0, "metrics_train": {"acc": 0.8299961284700709, "auc": 0.5180038549155237, "nll": 0.45559562891122285, "mse": 0.14101920586620711, "rmse": 0.3755252399855529, "f1": 0.9067773333589558}, "metrics_test": {"acc": 0.8294534691135279, "auc": 0.5184623911649865, "nll": 0.45646292657648047, "mse": 0.14137901761276506, "rmse": 0.3760040127615197, "f1": 0.9067773333589558}}