{"time": "2021-06-02T02:09:17.458179", "features": ["icA_TW", "icW_TW"], "seed": 888, "split_id": 2, "metrics_train": {"acc": 0.8427045277056071, "auc": 0.7386971743585281, "nll": 0.39966834997197737, "mse": 0.12253220426349126, "rmse": 0.3500460030674415, "f1": 0.9116087949596366}, "metrics_test": {"acc": 0.8415497272537259, "auc": 0.7378612633741639, "nll": 0.40162303082587586, "mse": 0.12326082061645534, "rmse": 0.35108520421182, "f1": 0.9116087949596366}}