{"time": "2021-06-02T00:33:00.153945", "features": ["s"], "seed": 888, "split_id": 1, "metrics_train": {"acc": 0.8301487025859116, "auc": 0.6404500867117962, "nll": 0.4374622411513187, "mse": 0.13563554127537186, "rmse": 0.36828730805632154, "f1": 0.9070526327974178}, "metrics_test": {"acc": 0.8306359350093333, "auc": 0.6415646789603011, "nll": 0.43624249171807666, "mse": 0.13519826045623573, "rmse": 0.36769316074171915, "f1": 0.9070526327974178}}