{"time": "2021-06-02T01:28:37.043851", "features": ["precA", "precW"], "seed": 888, "split_id": 0, "metrics_train": {"acc": 0.8444828922578084, "auc": 0.7607233369638754, "nll": 0.388779394633975, "mse": 0.11911002607905702, "rmse": 0.34512320420258186, "f1": 0.9126554189249251}, "metrics_test": {"acc": 0.8436916264973772, "auc": 0.758289769701333, "nll": 0.39074192823812326, "mse": 0.11978326396413498, "rmse": 0.3460971886105621, "f1": 0.9126554189249251}}