{"time": "2021-06-03T17:44:04.385097", "features": ["rc"], "seed": 888, "split_id": 2, "metrics_train": {"acc": 0.8300416828670848, "auc": 0.5998993583249796, "nll": 0.447141676218746, "mse": 0.13850502162360961, "rmse": 0.3721626279244191, "f1": 0.9065708686193383}, "metrics_test": {"acc": 0.8291080259354539, "auc": 0.6002943182124723, "nll": 0.44878191436698067, "mse": 0.13919804474758393, "rmse": 0.37309254180107104, "f1": 0.9065708686193383}}