{"time": "2021-06-22T17:48:59.997711", "features": ["ones"], "seed": 888, "split_id": 1, "metrics_train": {"acc": 0.8297508526113141, "auc": 0.5, "nll": 0.45628104803888014, "mse": 0.14126437520211318, "rmse": 0.3758515334571793, "f1": 0.90735630601866}, "metrics_test": {"acc": 0.8304228643030596, "auc": 0.5, "nll": 0.4552166740825148, "mse": 0.14082118239898606, "rmse": 0.3752614853658527, "f1": 0.90735630601866}}