{"time": "2021-06-02T01:45:12.205434", "features": ["scA_TW", "scW_TW"], "seed": 888, "split_id": 1, "metrics_train": {"acc": 0.8399460784214716, "auc": 0.7123686069928266, "nll": 0.4091679287176425, "mse": 0.1255001336563583, "rmse": 0.35425998032004447, "f1": 0.9109906389256329}, "metrics_test": {"acc": 0.8397921164229276, "auc": 0.7123036549541667, "nll": 0.40909492767778805, "mse": 0.12550985728040473, "rmse": 0.3542737039075928, "f1": 0.9109906389256329}}