{"time": "2021-12-14T11:47:40.349955", "features": ["rpfa_F"], "seed": 888, "split_id": 3, "metrics_train": {"acc": 0.8371583990545334, "auc": 0.68145310470152, "nll": 0.4166668825571854, "mse": 0.12763807271696023, "rmse": 0.35726470958794715, "f1": 0.9102943944407632}, "metrics_test": {"acc": 0.8386014773746766, "auc": 0.6813409496415657, "nll": 0.41484705894030977, "mse": 0.12687581155384017, "rmse": 0.35619631041581573, "f1": 0.9102943944407632}}