{"time": "2021-12-14T11:47:41.279363", "features": ["rpfa_R"], "seed": 888, "split_id": 2, "metrics_train": {"acc": 0.8338815496011217, "auc": 0.7273393457796933, "nll": 0.4049278306467805, "mse": 0.12469446134590333, "rmse": 0.3531210293170082, "f1": 0.9060457729540965}, "metrics_test": {"acc": 0.8328507778902666, "auc": 0.7262503236199919, "nll": 0.40669509894764383, "mse": 0.12534648930714762, "rmse": 0.3540430613741041, "f1": 0.9060457729540965}}