{"time": "2021-06-02T03:09:41.069382", "features": ["icA_TW", "icW_TW", "scA_TW", "scW_TW", "tcA_TW", "tcW_TW"], "seed": 888, "split_id": 2, "metrics_train": {"acc": 0.8441801627669, "auc": 0.7544036213543011, "nll": 0.3903539900910252, "mse": 0.11951123172952596, "rmse": 0.34570396545241705, "f1": 0.9119960153388895}, "metrics_test": {"acc": 0.843056272586474, "auc": 0.7529349134781131, "nll": 0.39251056488262065, "mse": 0.12025941279361665, "rmse": 0.34678438948951645, "f1": 0.9119960153388895}}