{"time": "2021-06-22T17:48:50.030392", "features": ["ones"], "seed": 888, "split_id": 0, "metrics_train": {"acc": 0.8299961284700709, "auc": 0.5, "nll": 0.45589235177765886, "mse": 0.14110255519476586, "rmse": 0.3756362005914311, "f1": 0.9067773333589558}, "metrics_test": {"acc": 0.8294534691135279, "auc": 0.5, "nll": 0.45675279220543546, "mse": 0.14146070612494446, "rmse": 0.3761126242562784, "f1": 0.9067773333589558}}