{"time": "2021-06-01T23:56:53.544499", "features": ["weekend"], "seed": 888, "split_id": 0, "metrics_train": {"acc": 0.8299961284700709, "auc": 0.5092465350731362, "nll": 0.4557274605499025, "mse": 0.1410568546373825, "rmse": 0.3755753647903207, "f1": 0.9067773333589558}, "metrics_test": {"acc": 0.8294534691135279, "auc": 0.5093441870825723, "nll": 0.45658071375764353, "mse": 0.14141293159204735, "rmse": 0.3760491079527345, "f1": 0.9067773333589558}}