{"time": "2021-06-02T03:18:31.062337", "features": ["icA", "icW"], "seed": 888, "split_id": 3, "metrics_train": {"acc": 0.8417429208642313, "auc": 0.7309654751905295, "nll": 0.40376210101518967, "mse": 0.12373042585658844, "rmse": 0.3517533594105228, "f1": 0.9122397315598697}, "metrics_test": {"acc": 0.8425700388163854, "auc": 0.7330206232302079, "nll": 0.4019621811903167, "mse": 0.12307676430007845, "rmse": 0.35082298143091833, "f1": 0.9122397315598697}}