{"time": "2021-06-02T00:42:16.382429", "features": ["icA", "icW"], "seed": 888, "split_id": 1, "metrics_train": {"acc": 0.841877591770161, "auc": 0.7308906892186978, "nll": 0.40357569739849924, "mse": 0.1236526071557204, "rmse": 0.35164272657872564, "f1": 0.9119395414549101}, "metrics_test": {"acc": 0.842031018876385, "auc": 0.7331037375805458, "nll": 0.40271268803770793, "mse": 0.12339099339256861, "rmse": 0.35127054159517646, "f1": 0.9119395414549101}}