{"time": "2021-12-14T11:47:26.584470", "features": ["ppe"], "seed": 888, "split_id": 3, "metrics_train": {"acc": 0.8301815401591452, "auc": 0.6463553335358712, "nll": 0.43664768448872415, "mse": 0.13546962442553542, "rmse": 0.3680619844883949, "f1": 0.9074853175181252}, "metrics_test": {"acc": 0.8310205023986394, "auc": 0.6476801991909399, "nll": 0.43517831697169457, "mse": 0.13488911889347294, "rmse": 0.36727254034772727, "f1": 0.9074853175181252}}