{"time": "2021-06-02T00:33:13.797744", "features": ["i"], "seed": 888, "split_id": 1, "metrics_train": {"acc": 0.8318570041670302, "auc": 0.720435831351515, "nll": 0.4109559790827215, "mse": 0.12823688718966114, "rmse": 0.35810178328187803, "f1": 0.9074310645054705}, "metrics_test": {"acc": 0.832245585569469, "auc": 0.7221337537153724, "nll": 0.40952454917885495, "mse": 0.12781570393434144, "rmse": 0.3575132220412854, "f1": 0.9074310645054705}}