{"time": "2021-12-14T11:49:01.562847", "features": ["rpfa_R"], "seed": 888, "split_id": 4, "metrics_train": {"acc": 0.8335909189035936, "auc": 0.7270846086729278, "nll": 0.40535004594525975, "mse": 0.12485348730207291, "rmse": 0.3533461295982636, "f1": 0.9067424749863828}, "metrics_test": {"acc": 0.8340122572869156, "auc": 0.727233147357871, "nll": 0.4049856963000689, "mse": 0.12469639552140724, "rmse": 0.35312376799276374, "f1": 0.9067424749863828}}