{"time": "2021-06-25T17:01:54.849940", "features": ["prev_resp_time_cat"], "seed": 888, "split_id": 2, "metrics_train": {"acc": 0.8301566788760468, "auc": 0.6014652676740481, "nll": 0.44610481621652565, "mse": 0.13820918454254824, "rmse": 0.37176495873407467, "f1": 0.906526014103432}, "metrics_test": {"acc": 0.8292447128946213, "auc": 0.6027505314385925, "nll": 0.44733061830791965, "mse": 0.13877092201486413, "rmse": 0.3725196934591031, "f1": 0.906526014103432}}