{"time": "2021-06-02T03:15:19.110409", "features": ["sm"], "seed": 888, "split_id": 3, "metrics_train": {"acc": 0.8297397296389109, "auc": 0.6640733674904, "nll": 0.4088017867842715, "mse": 0.1323574579042797, "rmse": 0.36380964515015224, "f1": 0.9073856496769193}, "metrics_test": {"acc": 0.8304720228217849, "auc": 0.6634255817172062, "nll": 0.40807808391943623, "mse": 0.13199722471542372, "rmse": 0.3633142231119279, "f1": 0.9073856496769193}}