{"time": "2021-12-14T11:46:49.506081", "features": ["rpfa_F", "rpfa_R"], "seed": 888, "split_id": 1, "metrics_train": {"acc": 0.8416318666991739, "auc": 0.7378190009746515, "nll": 0.39737032362792873, "mse": 0.12170052716531633, "rmse": 0.3488560264139296, "f1": 0.911536211239139}, "metrics_test": {"acc": 0.8414580129623547, "auc": 0.737605361605833, "nll": 0.3971998682081957, "mse": 0.1216957768243841, "rmse": 0.34884921789275103, "f1": 0.911536211239139}}