{"time": "2021-06-25T16:14:43.220559", "features": ["resp_time_cat"], "seed": 888, "split_id": 1, "metrics_train": {"acc": 0.8320250410990946, "auc": 0.6619104824974569, "nll": 0.43031992319308143, "mse": 0.13315261949832322, "rmse": 0.36490083515706456, "f1": 0.9084574375553773}, "metrics_test": {"acc": 0.8326869602680745, "auc": 0.6639379934932104, "nll": 0.42879502444221224, "mse": 0.13260890177652257, "rmse": 0.364155051834411, "f1": 0.9084574375553773}}