{"time": "2021-06-02T00:14:22.112420", "features": ["pre"], "seed": 888, "split_id": 0, "metrics_train": {"acc": 0.8320824529319045, "auc": 0.7213045483035196, "nll": 0.41029463962457136, "mse": 0.1280201743604188, "rmse": 0.35779906981491555, "f1": 0.9069363619096701}, "metrics_test": {"acc": 0.8313594911369879, "auc": 0.718621668521164, "nll": 0.41217781275787735, "mse": 0.12868534465604112, "rmse": 0.35872739602104703, "f1": 0.9069363619096701}}