{"time": "2021-06-02T01:31:12.426127", "features": ["part_of_day"], "seed": 888, "split_id": 1, "metrics_train": {"acc": 0.8297508526113141, "auc": 0.5166969630182081, "nll": 0.45601017970949953, "mse": 0.14118857416583822, "rmse": 0.37575068085878194, "f1": 0.90735630601866}, "metrics_test": {"acc": 0.8304228643030596, "auc": 0.512986632607533, "nll": 0.4550547381769304, "mse": 0.1407765062439517, "rmse": 0.3752019539447412, "f1": 0.90735630601866}}