{"time": "2021-06-25T15:49:39.619787", "features": ["prev_resp_time_cat"], "seed": 888, "split_id": 0, "metrics_train": {"acc": 0.830092818055458, "auc": 0.6024677812010145, "nll": 0.4460378756058558, "mse": 0.13821138488471718, "rmse": 0.3717679180412387, "f1": 0.9066764855646356}, "metrics_test": {"acc": 0.8295191203357769, "auc": 0.5987880926191766, "nll": 0.4475659185416564, "mse": 0.13874920885919165, "rmse": 0.3724905486843816, "f1": 0.9066764855646356}}