{"time": "2021-06-02T03:12:26.123997", "features": ["n_gram"], "seed": 888, "split_id": 2, "metrics_train": {"acc": 0.8404222539727543, "auc": 0.705174663377395, "nll": 0.40875788383391926, "mse": 0.12500825508461033, "rmse": 0.3535650648531474, "f1": 0.9105397629482711}, "metrics_test": {"acc": 0.8394177294941167, "auc": 0.7048174930478915, "nll": 0.41042422610548757, "mse": 0.12566501476236921, "rmse": 0.35449261594900566, "f1": 0.9105397629482711}}