{"time": "2021-06-02T04:37:17.915116", "features": ["s"], "seed": 888, "split_id": 4, "metrics_train": {"acc": 0.8302310985809412, "auc": 0.6410082858625811, "nll": 0.43716830597416073, "mse": 0.13554174232161206, "rmse": 0.36815994122339285, "f1": 0.906873102074699}, "metrics_test": {"acc": 0.8303104226962901, "auc": 0.6392873914511231, "nll": 0.43742598625260737, "mse": 0.1355762860923177, "rmse": 0.36820685231581135, "f1": 0.906873102074699}}