{"time": "2021-06-02T05:06:46.820425", "features": ["month"], "seed": 888, "split_id": 4, "metrics_train": {"acc": 0.8298662443199216, "auc": 0.5138554948779215, "nll": 0.4559225162038111, "mse": 0.1411385829012645, "rmse": 0.3756841531143741, "f1": 0.9070840268330806}, "metrics_test": {"acc": 0.829966849331191, "auc": 0.517102475807524, "nll": 0.4557044371390524, "mse": 0.14105542972080087, "rmse": 0.37557346780729983, "f1": 0.9070840268330806}}