{"time": "2021-06-02T03:27:44.046053", "features": ["tcA_TW", "tcW_TW"], "seed": 888, "split_id": 3, "metrics_train": {"acc": 0.8357762166767833, "auc": 0.6826599022694458, "nll": 0.42334163346561615, "mse": 0.1301409955825557, "rmse": 0.3607506002525231, "f1": 0.9097493224194795}, "metrics_test": {"acc": 0.8369424692318493, "auc": 0.6824274160588669, "nll": 0.4216448584364583, "mse": 0.12946146254617438, "rmse": 0.35980753542161176, "f1": 0.9097493224194795}}