{"time": "2021-06-02T05:15:10.226689", "features": ["hour"], "seed": 888, "split_id": 4, "metrics_train": {"acc": 0.8298662443199216, "auc": 0.5221534984935988, "nll": 0.4555486654254892, "mse": 0.1410303034867109, "rmse": 0.37554001582615787, "f1": 0.9070840268330806}, "metrics_test": {"acc": 0.829966849331191, "auc": 0.5194716305850489, "nll": 0.455580670694946, "mse": 0.14102010418543992, "rmse": 0.37552643606734254, "f1": 0.9070840268330806}}