{"time": "2021-06-02T03:25:50.349441", "features": ["scA", "scW"], "seed": 888, "split_id": 3, "metrics_train": {"acc": 0.8368391388255305, "auc": 0.6886388651773312, "nll": 0.4188053705334305, "mse": 0.1287206424789594, "rmse": 0.35877659131966705, "f1": 0.9104457398568631}, "metrics_test": {"acc": 0.838357424612082, "auc": 0.6901380817941982, "nll": 0.41626224291360026, "mse": 0.12771538726191234, "rmse": 0.35737289665265937, "f1": 0.9104457398568631}}