{"time": "2021-06-01T23:54:31.420434", "features": ["day"], "seed": 888, "split_id": 0, "metrics_train": {"acc": 0.8299961284700709, "auc": 0.512397630265911, "nll": 0.45570882233294185, "mse": 0.1410515918003392, "rmse": 0.3755683583588202, "f1": 0.9067773333589558}, "metrics_test": {"acc": 0.8294534691135279, "auc": 0.5112377538511677, "nll": 0.45657593866193147, "mse": 0.14141157544081107, "rmse": 0.37604730479131354, "f1": 0.9067773333589558}}