{"time": "2021-06-02T05:56:45.541322", "features": ["user_avg_correct"], "seed": 888, "split_id": 4, "metrics_train": {"acc": 0.8298422904817166, "auc": 0.6519232504417664, "nll": 0.4390487287149901, "mse": 0.13605769366052875, "rmse": 0.36885999194888125, "f1": 0.9067798797804125}, "metrics_test": {"acc": 0.8304211825066075, "auc": 0.6538089927689714, "nll": 0.4378350678410699, "mse": 0.13556013609246073, "rmse": 0.3681849210552501, "f1": 0.9067798797804125}}