{"time": "2021-06-02T01:27:42.110831", "features": ["icA_TW", "icW_TW", "scA_TW", "scW_TW", "tcA_TW", "tcW_TW"], "seed": 888, "split_id": 0, "metrics_train": {"acc": 0.8441435907433732, "auc": 0.7543617616927693, "nll": 0.3904582743319103, "mse": 0.11952995437713719, "rmse": 0.3457310434096672, "f1": 0.9121955159184199}, "metrics_test": {"acc": 0.843313063680326, "auc": 0.7532227530842084, "nll": 0.3920216179792503, "mse": 0.12013803922002868, "rmse": 0.3466093467003287, "f1": 0.9121955159184199}}