{"time": "2021-06-02T04:56:22.690951", "features": ["tcA_TW", "tcW_TW"], "seed": 888, "split_id": 4, "metrics_train": {"acc": 0.8358509733553801, "auc": 0.6825635325888998, "nll": 0.42325927045345585, "mse": 0.130108641574486, "rmse": 0.36070575483971146, "f1": 0.9095141757722447}, "metrics_test": {"acc": 0.8366362146537012, "auc": 0.6835105460030473, "nll": 0.4219674672820302, "mse": 0.12958662173077357, "rmse": 0.3599814185909789, "f1": 0.9095141757722447}}