{"time": "2021-06-03T17:41:52.627118", "features": ["rt"], "seed": 888, "split_id": 1, "metrics_train": {"acc": 0.8297169102348285, "auc": 0.5974540350105689, "nll": 0.4485922341660635, "mse": 0.13901037076687192, "rmse": 0.37284094566835324, "f1": 0.9073189896289604}, "metrics_test": {"acc": 0.8303631029500625, "auc": 0.5971007445367777, "nll": 0.4479340949382707, "mse": 0.13874057878771504, "rmse": 0.3724789642217598, "f1": 0.9073189896289604}}