{"time": "2021-06-02T02:04:41.527908", "features": ["scA", "scW"], "seed": 888, "split_id": 2, "metrics_train": {"acc": 0.8373847123344935, "auc": 0.6893487042329459, "nll": 0.4178151875762535, "mse": 0.12834337856573974, "rmse": 0.35825044112427795, "f1": 0.9092285939386645}, "metrics_test": {"acc": 0.8362049881973003, "auc": 0.6870224844735583, "nll": 0.4202497616494671, "mse": 0.12923361092364177, "rmse": 0.35949076611735353, "f1": 0.9092285939386645}}