{"time": "2021-06-25T16:20:49.072238", "features": ["prev_resp_time_cat"], "seed": 888, "split_id": 1, "metrics_train": {"acc": 0.8298407580352418, "auc": 0.6013921964624893, "nll": 0.44661459502260265, "mse": 0.13842125597230553, "rmse": 0.37205007186171263, "f1": 0.907279481275204}, "metrics_test": {"acc": 0.830515240512104, "auc": 0.6030440190871652, "nll": 0.4452828545738967, "mse": 0.1379183673298684, "rmse": 0.37137362228605897, "f1": 0.907279481275204}}