{"time": "2021-12-14T11:45:19.805981", "features": ["ppe"], "seed": 888, "split_id": 2, "metrics_train": {"acc": 0.8305277444292619, "auc": 0.6468226741889832, "nll": 0.43602331293591273, "mse": 0.1352293416567362, "rmse": 0.36773542344562915, "f1": 0.9066055858349297}, "metrics_test": {"acc": 0.8295433918330937, "auc": 0.6459950272298897, "nll": 0.4376974705115177, "mse": 0.1358657815177276, "rmse": 0.36859975789157484, "f1": 0.9066055858349297}}