{"time": "2021-06-02T03:02:49.903215", "features": ["scA_TW", "scW_TW"], "seed": 888, "split_id": 2, "metrics_train": {"acc": 0.8400860401511555, "auc": 0.7125446187157205, "nll": 0.40878116078191146, "mse": 0.12536916307425217, "rmse": 0.35407508112581454, "f1": 0.9105510864508217}, "metrics_test": {"acc": 0.8392184773670505, "auc": 0.7115440412312579, "nll": 0.4106584297895393, "mse": 0.1260459512423036, "rmse": 0.35502950756564394, "f1": 0.9105510864508217}}