{"time": "2021-06-02T01:59:52.003033", "features": ["icA", "icW"], "seed": 888, "split_id": 2, "metrics_train": {"acc": 0.8421481744653175, "auc": 0.7312607247893578, "nll": 0.403002350903299, "mse": 0.12344714477782878, "rmse": 0.35135045862760556, "f1": 0.9112576462839121}, "metrics_test": {"acc": 0.8409167032460363, "auc": 0.7306786413327512, "nll": 0.4050229827090626, "mse": 0.12424152295574217, "rmse": 0.3524791099565224, "f1": 0.9112576462839121}}