{"time": "2021-06-02T02:48:39.997645", "features": ["pre"], "seed": 888, "split_id": 2, "metrics_train": {"acc": 0.8321212675560083, "auc": 0.721041761293848, "nll": 0.4102671507836834, "mse": 0.12799982927688128, "rmse": 0.357770637807075, "f1": 0.9067367091422344}, "metrics_test": {"acc": 0.8310228388765607, "auc": 0.7196181002235735, "nll": 0.4123494305468607, "mse": 0.1287869805778226, "rmse": 0.35886902983933094, "f1": 0.9067367091422344}}