{"time": "2021-06-02T04:34:12.365767", "features": ["n_gram"], "seed": 888, "split_id": 3, "metrics_train": {"acc": 0.8399997265731864, "auc": 0.7050506951066335, "nll": 0.4094176683455184, "mse": 0.125274006132889, "rmse": 0.35394068165850756, "f1": 0.9115465355334993}, "metrics_test": {"acc": 0.8411251913975433, "auc": 0.7053051008677667, "nll": 0.40776525402168046, "mse": 0.1245942189841468, "rmse": 0.3529790630960239, "f1": 0.9115465355334993}}