{"time": "2021-06-02T00:29:46.780296", "features": ["n_gram"], "seed": 888, "split_id": 0, "metrics_train": {"acc": 0.8403544442874609, "auc": 0.7051458970845415, "nll": 0.40886679478310345, "mse": 0.125047290092363, "rmse": 0.3536202625590946, "f1": 0.9107328206293063}, "metrics_test": {"acc": 0.8397014695190893, "auc": 0.7049463066066817, "nll": 0.40995371758135474, "mse": 0.12549495496491828, "rmse": 0.3542526710766177, "f1": 0.9107328206293063}}