{"time": "2021-06-02T05:42:02.606280", "features": ["scA_TW", "scW_TW"], "seed": 888, "split_id": 4, "metrics_train": {"acc": 0.8398037493450736, "auc": 0.7123657760537513, "nll": 0.40931610567714455, "mse": 0.12557008256514293, "rmse": 0.35435869195653, "f1": 0.9112203688799353}, "metrics_test": {"acc": 0.8403396343578913, "auc": 0.712557203406611, "nll": 0.4085296732481011, "mse": 0.12523643260265246, "rmse": 0.35388759882574644, "f1": 0.9112203688799353}}