{"time": "2021-06-02T05:12:11.379981", "features": ["day"], "seed": 888, "split_id": 4, "metrics_train": {"acc": 0.8298662443199216, "auc": 0.5125625955687292, "nll": 0.4559111645170312, "mse": 0.1411362857773055, "rmse": 0.37568109584766907, "f1": 0.9070840268330806}, "metrics_test": {"acc": 0.829966849331191, "auc": 0.5110326632016873, "nll": 0.4557752861132334, "mse": 0.1410765651886481, "rmse": 0.3756016043478091, "f1": 0.9070840268330806}}