{"time": "2021-12-14T11:45:30.071643", "features": ["rpfa_F"], "seed": 888, "split_id": 2, "metrics_train": {"acc": 0.8376550951074835, "auc": 0.6817227193384531, "nll": 0.41594423203633424, "mse": 0.127352586207084, "rmse": 0.3568649411291112, "f1": 0.9091249841375219}, "metrics_test": {"acc": 0.8366226206556312, "auc": 0.6804737837571163, "nll": 0.41776143820974265, "mse": 0.12803815311201053, "rmse": 0.35782419302223056, "f1": 0.9091249841375219}}