{"time": "2021-06-25T17:45:24.937569", "features": ["prev_resp_time_cat"], "seed": 888, "split_id": 3, "metrics_train": {"acc": 0.8298432974211475, "auc": 0.6021536021927747, "nll": 0.4464783509573705, "mse": 0.1383912341928724, "rmse": 0.3720097232504446, "f1": 0.9072755370658147}, "metrics_test": {"acc": 0.8305097811863442, "auc": 0.5999891305046785, "nll": 0.44583238767683925, "mse": 0.13803794669861286, "rmse": 0.37153458344898777, "f1": 0.9072755370658147}}