{"time": "2021-06-01T23:41:52.996326", "features": ["sm"], "seed": 888, "split_id": 0, "metrics_train": {"acc": 0.8299961284700709, "auc": 0.6642552213925508, "nll": 0.40844793881499547, "mse": 0.13220151845508915, "rmse": 0.3635952673716878, "f1": 0.9067773333589558}, "metrics_test": {"acc": 0.8294534691135279, "auc": 0.6627388287969418, "nll": 0.4094813017528665, "mse": 0.13261604564900153, "rmse": 0.36416486053572156, "f1": 0.9067773333589558}}