{"time": "2021-06-02T02:08:34.398979", "features": ["tcA_TW", "tcW_TW"], "seed": 888, "split_id": 2, "metrics_train": {"acc": 0.8361881362156647, "auc": 0.6826463157964748, "nll": 0.4226875847941778, "mse": 0.12988492263329646, "rmse": 0.36039550861976133, "f1": 0.9087526278280297}, "metrics_test": {"acc": 0.8352736837553925, "auc": 0.6825752160157422, "nll": 0.42428286722261677, "mse": 0.1304960796637808, "rmse": 0.3612424112196418, "f1": 0.9087526278280297}}