{"time": "2021-06-26T12:15:22.414627", "features": ["lag_time_cat"], "seed": 888, "split_id": 1, "metrics_train": {"acc": 0.8297508526113141, "auc": 0.7067884323673378, "nll": 0.453731049776687, "mse": 0.14044080949623325, "rmse": 0.37475433219141474, "f1": 0.90735630601866}, "metrics_test": {"acc": 0.8304228643030596, "auc": 0.7075949528929047, "nll": 0.4525462952622719, "mse": 0.1399594601736252, "rmse": 0.37411156113334054, "f1": 0.90735630601866}}