{"time": "2021-06-02T00:41:23.222193", "features": ["scA_TW", "scW_TW"], "seed": 888, "split_id": 0, "metrics_train": {"acc": 0.8400998448230818, "auc": 0.7124446838870259, "nll": 0.40889020724999703, "mse": 0.12539246850385918, "rmse": 0.35410798988989106, "f1": 0.9106032312116331}, "metrics_test": {"acc": 0.8392112219304606, "auc": 0.711861882840068, "nll": 0.41018749439397245, "mse": 0.1259296831913669, "rmse": 0.3548657255799254, "f1": 0.9106032312116331}}