{"time": "2021-06-02T04:35:58.812755", "features": ["i"], "seed": 888, "split_id": 4, "metrics_train": {"acc": 0.8320089347816505, "auc": 0.7207946608137111, "nll": 0.41067651069713995, "mse": 0.12817227011677737, "rmse": 0.3580115502561019, "f1": 0.9071489958410827}, "metrics_test": {"acc": 0.8316993784571575, "auc": 0.7206221729655589, "nll": 0.4106966732978574, "mse": 0.12809716548737735, "rmse": 0.35790664353624024, "f1": 0.9071489958410827}}