{"time": "2021-06-02T03:12:57.189696", "features": ["s"], "seed": 888, "split_id": 3, "metrics_train": {"acc": 0.830052350907514, "auc": 0.6402447601109844, "nll": 0.43754821863155235, "mse": 0.13567163447290959, "rmse": 0.3683363062106552, "f1": 0.9072920865619414}, "metrics_test": {"acc": 0.8310246322197631, "auc": 0.6423143160122715, "nll": 0.43588887417231886, "mse": 0.13505026893616656, "rmse": 0.36749186240809, "f1": 0.9072920865619414}}