{"time": "2021-06-02T02:03:15.340721", "features": ["partcA", "partcW"], "seed": 888, "split_id": 2, "metrics_train": {"acc": 0.8350688123176901, "auc": 0.6616079312084306, "nll": 0.4286643252402666, "mse": 0.13179418978181884, "rmse": 0.3630346950111226, "f1": 0.9082072160037894}, "metrics_test": {"acc": 0.8338133649161238, "auc": 0.6614642654854163, "nll": 0.4307489944029393, "mse": 0.1326278441563248, "rmse": 0.3641810595793318, "f1": 0.9082072160037894}}