{"time": "2021-06-01T23:52:10.443621", "features": ["icA", "icW", "scA", "scW", "tcA", "tcW"], "seed": 888, "split_id": 0, "metrics_train": {"acc": 0.8436289160268711, "auc": 0.7460564134480299, "nll": 0.39446619279610473, "mse": 0.1207708532264636, "rmse": 0.3475210112014288, "f1": 0.912033047144649}, "metrics_test": {"acc": 0.842840879889535, "auc": 0.7446778378855075, "nll": 0.3961163721718824, "mse": 0.12138229053716021, "rmse": 0.3483996132850325, "f1": 0.912033047144649}}