{"time": "2021-06-02T02:22:07.587254", "features": ["day"], "seed": 888, "split_id": 2, "metrics_train": {"acc": 0.8300776620105538, "auc": 0.5123350529092082, "nll": 0.4555781184694581, "mse": 0.1409974367902998, "rmse": 0.3754962540296505, "f1": 0.9065708686193383}, "metrics_test": {"acc": 0.8291080259354539, "auc": 0.5119495299748426, "nll": 0.4571292152748007, "mse": 0.14164087613088963, "rmse": 0.3763520640715149, "f1": 0.9065708686193383}}