{"time": "2021-06-02T05:09:33.489279", "features": ["week"], "seed": 888, "split_id": 4, "metrics_train": {"acc": 0.8298662443199216, "auc": 0.5179289053684341, "nll": 0.4558083707549284, "mse": 0.1411068022002731, "rmse": 0.3756418536322505, "f1": 0.9070840268330806}, "metrics_test": {"acc": 0.829966849331191, "auc": 0.5184342475004008, "nll": 0.4556322198201521, "mse": 0.14103562859104324, "rmse": 0.37554710568854505, "f1": 0.9070840268330806}}