{"time": "2021-12-14T11:45:25.943293", "features": ["rpfa_F"], "seed": 888, "split_id": 1, "metrics_train": {"acc": 0.8374985818343061, "auc": 0.6814505689232117, "nll": 0.4163186956953088, "mse": 0.127482650728073, "rmse": 0.35704712676070227, "f1": 0.9095328756564355}, "metrics_test": {"acc": 0.8372100744360852, "auc": 0.6815414656709484, "nll": 0.41623919290133643, "mse": 0.12750403178745182, "rmse": 0.3570770670141837, "f1": 0.9095328756564355}}