{"time": "2021-06-02T07:09:42.463430", "features": ["postcA", "postcW"], "seed": 888, "split_id": 4, "metrics_train": {"acc": 0.8432804428004432, "auc": 0.7609814721279877, "nll": 0.3899278349496001, "mse": 0.11963011815840366, "rmse": 0.34587587102659195, "f1": 0.9129908422942835}, "metrics_test": {"acc": 0.8441805626637991, "auc": 0.7597648133874343, "nll": 0.3897300891219701, "mse": 0.11934527174970222, "rmse": 0.34546385013442754, "f1": 0.9129908422942835}}