{"time": "2021-06-22T17:49:07.698056", "features": ["ones"], "seed": 888, "split_id": 4, "metrics_train": {"acc": 0.8298662443199216, "auc": 0.5, "nll": 0.4560982362967738, "mse": 0.14118826085827121, "rmse": 0.3757502639497027, "f1": 0.9070840268330806}, "metrics_test": {"acc": 0.829966849331191, "auc": 0.5, "nll": 0.45593880961497335, "mse": 0.14112188847180243, "rmse": 0.3756619337540103, "f1": 0.9070840268330806}}