{"time": "2021-06-02T03:14:07.599807", "features": ["i"], "seed": 888, "split_id": 3, "metrics_train": {"acc": 0.8317622520415909, "auc": 0.7206430380552623, "nll": 0.41094889254324407, "mse": 0.1282553650414931, "rmse": 0.3581275820730555, "f1": 0.9076716205961531}, "metrics_test": {"acc": 0.8326287727390901, "auc": 0.7213368544305427, "nll": 0.40955054671570446, "mse": 0.12774290612887818, "rmse": 0.3574113961933477, "f1": 0.9076716205961531}}