{"time": "2021-12-14T11:48:38.112022", "features": ["rpfa_F", "rpfa_R"], "seed": 888, "split_id": 2, "metrics_train": {"acc": 0.8417911770513062, "auc": 0.7379383314206205, "nll": 0.39699147977925003, "mse": 0.12157222941251826, "rmse": 0.34867209439890406, "f1": 0.9110874421120464}, "metrics_test": {"acc": 0.8408210622250445, "auc": 0.7370851412616697, "nll": 0.39873593392934964, "mse": 0.12221372141829355, "rmse": 0.3495907913808565, "f1": 0.9110874421120464}}