{"time": "2021-06-02T04:42:24.622255", "features": ["tcA", "tcW"], "seed": 888, "split_id": 4, "metrics_train": {"acc": 0.8320012774071424, "auc": 0.6458569528987889, "nll": 0.43713876092278214, "mse": 0.13494926341618324, "rmse": 0.3673544111837821, "f1": 0.9079888171404538}, "metrics_test": {"acc": 0.8327283152996945, "auc": 0.6481555416554036, "nll": 0.43555774127784475, "mse": 0.1343244618123298, "rmse": 0.36650301746688224, "f1": 0.9079888171404538}}