{"time": "2021-06-02T02:30:29.411736", "features": ["part_of_day"], "seed": 888, "split_id": 2, "metrics_train": {"acc": 0.8300776620105538, "auc": 0.5156465069732623, "nll": 0.45551816733929995, "mse": 0.1409804753922437, "rmse": 0.3754736680411074, "f1": 0.9065708686193383}, "metrics_test": {"acc": 0.8291080259354539, "auc": 0.5171776981257731, "nll": 0.4570324841589713, "mse": 0.1416132125758102, "rmse": 0.37631531004705376, "f1": 0.9065708686193383}}