{"time": "2021-06-02T06:06:27.591658", "features": ["postcA", "postcW"], "seed": 888, "split_id": 3, "metrics_train": {"acc": 0.8432788320583496, "auc": 0.7605603940861793, "nll": 0.39018459396246735, "mse": 0.11972174409452048, "rmse": 0.3460083006150582, "f1": 0.9130376349398971}, "metrics_test": {"acc": 0.8442467461925999, "auc": 0.7616616683663419, "nll": 0.38847200944883964, "mse": 0.11911942689297358, "rmse": 0.34513682343814545, "f1": 0.9130376349398971}}