{"time": "2021-06-26T12:20:37.065422", "features": ["prev_lag_time_cat"], "seed": 888, "split_id": 3, "metrics_train": {"acc": 0.8297397296389109, "auc": 0.5377386334601576, "nll": 0.4519932971098019, "mse": 0.13996636073981084, "rmse": 0.3741207836245012, "f1": 0.9073856496769193}, "metrics_test": {"acc": 0.8304720228217849, "auc": 0.5385886265996805, "nll": 0.45084804827400854, "mse": 0.1394909082068774, "rmse": 0.37348481656806, "f1": 0.9073856496769193}}