{"time": "2021-06-02T03:15:35.870881", "features": ["part"], "seed": 888, "split_id": 3, "metrics_train": {"acc": 0.830052350907514, "auc": 0.5703021694310885, "nll": 0.44905154438374634, "mse": 0.13890663921576157, "rmse": 0.3727018100516304, "f1": 0.9072920865619414}, "metrics_test": {"acc": 0.8310246322197631, "auc": 0.5719185551514463, "nll": 0.4475407361099425, "mse": 0.13830180642602632, "rmse": 0.3718895083570204, "f1": 0.9072920865619414}}