{"time": "2021-06-02T04:45:31.654075", "features": ["icA", "icW"], "seed": 888, "split_id": 4, "metrics_train": {"acc": 0.841696495249139, "auc": 0.7310026242234504, "nll": 0.40361826383642324, "mse": 0.123703346732617, "rmse": 0.35171486566907717, "f1": 0.9122861650590313}, "metrics_test": {"acc": 0.8427287967779397, "auc": 0.7297457696131329, "nll": 0.4025310051496976, "mse": 0.12319554685377736, "rmse": 0.3509922318994786, "f1": 0.9122861650590313}}