{"time": "2021-06-02T01:30:21.703120", "features": ["weekend"], "seed": 888, "split_id": 1, "metrics_train": {"acc": 0.8297508526113141, "auc": 0.5090538525010616, "nll": 0.4561216223444173, "mse": 0.1412201312249158, "rmse": 0.3757926705311265, "f1": 0.90735630601866}, "metrics_test": {"acc": 0.8304228643030596, "auc": 0.5101092177652538, "nll": 0.45502316251797825, "mse": 0.14076768876800422, "rmse": 0.3751902034542003, "f1": 0.90735630601866}}