{"time": "2021-06-03T17:41:53.245072", "features": ["rc"], "seed": 888, "split_id": 1, "metrics_train": {"acc": 0.829711294224786, "auc": 0.6001963311895572, "nll": 0.4475848005391026, "mse": 0.13869191101996675, "rmse": 0.3724136289396063, "f1": 0.90735630601866}, "metrics_test": {"acc": 0.8304228643030596, "auc": 0.5992392571187117, "nll": 0.4469944122424278, "mse": 0.13843806859113275, "rmse": 0.3720726657403534, "f1": 0.90735630601866}}