{"time": "2021-06-02T00:53:47.586947", "features": ["icA", "icW", "scA", "scW", "tcA", "tcW"], "seed": 888, "split_id": 1, "metrics_train": {"acc": 0.8434479562625138, "auc": 0.7455979065422575, "nll": 0.39496242816334715, "mse": 0.12094439612431561, "rmse": 0.34777060848253927, "f1": 0.9124706133298832}, "metrics_test": {"acc": 0.843565088901848, "auc": 0.7468556755150948, "nll": 0.3941498949114961, "mse": 0.12069966658601435, "rmse": 0.3474185754763472, "f1": 0.9124706133298832}}