{"time": "2021-06-02T01:53:49.165327", "features": ["s"], "seed": 888, "split_id": 2, "metrics_train": {"acc": 0.8304351496036314, "auc": 0.6410359880366366, "nll": 0.43684660261281066, "mse": 0.13541260525272203, "rmse": 0.3679845176807334, "f1": 0.9063605637976124}, "metrics_test": {"acc": 0.829481424421576, "auc": 0.6392058536470583, "nll": 0.43871570376064045, "mse": 0.13609334663099878, "rmse": 0.3689083173784494, "f1": 0.9063605637976124}}