{"time": "2021-06-02T00:47:25.747589", "features": ["scA", "scW"], "seed": 888, "split_id": 1, "metrics_train": {"acc": 0.8372191607030633, "auc": 0.6888295538673976, "nll": 0.41833377234467706, "mse": 0.1285176567151572, "rmse": 0.35849359368774947, "f1": 0.9097489023570654}, "metrics_test": {"acc": 0.8369233761805308, "auc": 0.6895817835229587, "nll": 0.41814146869000696, "mse": 0.1285199484199575, "rmse": 0.3584967899716224, "f1": 0.9097489023570654}}