{"time": "2021-06-02T01:20:07.416795", "features": ["month"], "seed": 888, "split_id": 1, "metrics_train": {"acc": 0.8297508526113141, "auc": 0.5145179413210735, "nll": 0.45609595741477105, "mse": 0.14121200898684344, "rmse": 0.3757818635682721, "f1": 0.90735630601866}, "metrics_test": {"acc": 0.8304228643030596, "auc": 0.5142280793692996, "nll": 0.45502272376476804, "mse": 0.14076624903052498, "rmse": 0.37518828477249255, "f1": 0.90735630601866}}