{"time": "2021-06-02T04:59:38.221249", "features": ["postcA", "postcW"], "seed": 888, "split_id": 2, "metrics_train": {"acc": 0.843679640922266, "auc": 0.7611583752460075, "nll": 0.38934913048065983, "mse": 0.11943005973094906, "rmse": 0.3455865444877, "f1": 0.9120134192792656}, "metrics_test": {"acc": 0.8424326134287565, "auc": 0.7593975095756946, "nll": 0.3918491318051361, "mse": 0.12025511924982521, "rmse": 0.3467781989252283, "f1": 0.9120134192792656}}