{"time": "2021-06-02T03:31:16.345840", "features": ["postcA", "postcW"], "seed": 888, "split_id": 1, "metrics_train": {"acc": 0.8435001260400149, "auc": 0.7606128036894585, "nll": 0.38994239023421196, "mse": 0.11961839354830825, "rmse": 0.34585892145253133, "f1": 0.9125945346045279}, "metrics_test": {"acc": 0.8433438156569276, "auc": 0.7614776996538112, "nll": 0.38944302179877194, "mse": 0.11954101050642023, "rmse": 0.34574703253451106, "f1": 0.9125945346045279}}