{"time": "2021-12-14T11:45:39.555405", "features": ["rpfa_R"], "seed": 888, "split_id": 0, "metrics_train": {"acc": 0.8337141883481551, "auc": 0.7271615159578444, "nll": 0.4050988036631831, "mse": 0.12475288823076958, "rmse": 0.35320374889115996, "f1": 0.9064256003191212}, "metrics_test": {"acc": 0.8334197352624174, "auc": 0.7270342147072884, "nll": 0.4059758356806743, "mse": 0.12510194396772664, "rmse": 0.3536975317523811, "f1": 0.9064256003191212}}