{"time": "2021-07-01T11:19:23.514293", "features": ["i", "rt", "s", "scA", "scW", "tcA", "tcW"], "seed": 888, "split_id": 1, "metrics_train": {"acc": 0.8427800944366572, "auc": 0.7640492752969222, "nll": 0.38636805696927334, "mse": 0.11922543183477102, "rmse": 0.34529035873416886, "f1": 0.9121069297538964}, "metrics_test": {"acc": 0.8424909469362151, "auc": 0.7646917568864137, "nll": 0.3858346856563714, "mse": 0.11914057059269935, "rmse": 0.34516745297420404, "f1": 0.9121069297538964}}