{"time": "2021-07-01T16:41:35.593649", "features": ["i", "precA", "precW", "s", "scA", "scW", "tcA", "tcW"], "seed": 888, "split_id": 3, "metrics_train": {"acc": 0.8490632844884526, "auc": 0.7825537734082482, "nll": 0.37360648103176347, "mse": 0.11436276005674688, "rmse": 0.33817563492473385, "f1": 0.915537844900952}, "metrics_test": {"acc": 0.8499502258225522, "auc": 0.7834877982347155, "nll": 0.3719063120894796, "mse": 0.11374899435435164, "rmse": 0.3372669482092066, "f1": 0.915537844900952}}