{"time": "2021-12-14T21:07:52.850517", "features": ["i", "rpfa_F", "s", "scA", "scW", "tcA", "tcW"], "seed": 888, "split_id": 0, "metrics_train": {"acc": 0.8457631412986082, "auc": 0.7727361367022525, "nll": 0.38004998892126124, "mse": 0.11687588779476117, "rmse": 0.34187115671662205, "f1": 0.9130347047040591}, "metrics_test": {"acc": 0.8449722138000034, "auc": 0.7711605859185673, "nll": 0.3816881904430859, "mse": 0.1174779528131638, "rmse": 0.342750569384157, "f1": 0.9130347047040591}}