{"time": "2021-07-01T10:31:13.590423", "features": ["i", "icA_TW", "icW_TW", "s", "scA", "scA_TW", "scW", "scW_TW", "tcA", "tcA_TW", "tcW", "tcW_TW"], "seed": 888, "split_id": 1, "metrics_train": {"acc": 0.8483644282120955, "auc": 0.7841179985003671, "nll": 0.3735626951485419, "mse": 0.11441111428591959, "rmse": 0.33824712014431046, "f1": 0.9147817470670657}, "metrics_test": {"acc": 0.8484973535094952, "auc": 0.7848350928172706, "nll": 0.37286832376625983, "mse": 0.11423101643619701, "rmse": 0.33798079299894696, "f1": 0.9147817470670657}}