{"time": "2021-07-01T14:25:54.935810", "features": ["i", "precA", "precW", "s", "scA", "scW", "tcA", "tcW"], "seed": 888, "split_id": 2, "metrics_train": {"acc": 0.8495353200486964, "auc": 0.78306670796366, "nll": 0.3727236357931802, "mse": 0.11404488728766016, "rmse": 0.33770532611680876, "f1": 0.9144563285797167}, "metrics_test": {"acc": 0.8480800164661958, "auc": 0.7810244079144381, "nll": 0.37553999274964467, "mse": 0.1150365005467198, "rmse": 0.3391703120066964, "f1": 0.9144563285797167}}