{"time": "2021-07-01T13:19:34.297915", "features": ["i", "lag_time_cat", "s", "scA", "scW", "tcA", "tcW"], "seed": 888, "split_id": 2, "metrics_train": {"acc": 0.8436345444481632, "auc": 0.7671299154021317, "nll": 0.384274705173557, "mse": 0.11842404540969317, "rmse": 0.3441279491841562, "f1": 0.9118409630174048}, "metrics_test": {"acc": 0.8422098495506964, "auc": 0.7653403588312738, "nll": 0.3869449189873865, "mse": 0.1193878259832158, "rmse": 0.34552543464007945, "f1": 0.9118409630174048}}