{"time": "2021-07-01T17:46:52.688072", "features": ["i", "icA", "icW", "s", "scA", "scW", "tcA", "tcW"], "seed": 888, "split_id": 0, "metrics_train": {"acc": 0.8475691152942402, "auc": 0.7782184706930937, "nll": 0.3766937959266153, "mse": 0.11543101755318583, "rmse": 0.339751405520545, "f1": 0.9139234478372666}, "metrics_test": {"acc": 0.8467859744904213, "auc": 0.7760262437952461, "nll": 0.37861132273034714, "mse": 0.11610897102685626, "rmse": 0.34074766474160356, "f1": 0.9139234478372666}}