{"time": "2021-07-01T09:27:46.136529", "features": ["i", "s", "scA", "scW", "sm", "tcA", "tcW"], "seed": 888, "split_id": 2, "metrics_train": {"acc": 0.8459029461134389, "auc": 0.8243187555185179, "nll": 0.3472238278469606, "mse": 0.11103484660127053, "rmse": 0.3332189169319031, "f1": 0.9126014451115221}, "metrics_test": {"acc": 0.8446494925944958, "auc": 0.8231372226592545, "nll": 0.34934776919404575, "mse": 0.11181058494363455, "rmse": 0.3343808979945394, "f1": 0.9126014451115221}}