{"time": "2021-07-01T09:07:31.984056", "features": ["i", "s", "scA", "scW", "tcA", "tcA_TW", "tcW", "tcW_TW"], "seed": 888, "split_id": 1, "metrics_train": {"acc": 0.8437706797869798, "auc": 0.7669008763108658, "nll": 0.38452658030115394, "mse": 0.11852796330263503, "rmse": 0.3442789033656216, "f1": 0.9126100962342644}, "metrics_test": {"acc": 0.8435828610689158, "auc": 0.7674488530183746, "nll": 0.38404406679252084, "mse": 0.11844804949583121, "rmse": 0.34416282410485766, "f1": 0.9126100962342644}}