{"time": "2021-07-01T10:23:47.365396", "features": ["day", "i", "s", "scA", "scW", "tcA", "tcW"], "seed": 888, "split_id": 1, "metrics_train": {"acc": 0.8427308311906695, "auc": 0.7625018614687042, "nll": 0.3871610862496429, "mse": 0.11945316372483798, "rmse": 0.34561997008974754, "f1": 0.9121602394304185}, "metrics_test": {"acc": 0.8424751277545395, "auc": 0.7633285262958528, "nll": 0.38655485608660334, "mse": 0.11935155233481265, "rmse": 0.3454729400905556, "f1": 0.9121602394304185}}