{"time": "2021-12-14T21:15:29.634145", "features": ["i", "ppe", "s", "scA", "scW", "tcA", "tcW"], "seed": 888, "split_id": 0, "metrics_train": {"acc": 0.843591424146823, "auc": 0.7680439483381067, "nll": 0.3841609340452001, "mse": 0.11848963748523082, "rmse": 0.34422323786349873, "f1": 0.912218873244605}, "metrics_test": {"acc": 0.8429496511453322, "auc": 0.7660045508640347, "nll": 0.3859000456117965, "mse": 0.11910696578533789, "rmse": 0.34511877054912254, "f1": 0.912218873244605}}