{"time": "2021-07-01T10:48:35.347747", "features": ["i", "part", "s", "scA", "scW", "tcA", "tcW"], "seed": 888, "split_id": 3, "metrics_train": {"acc": 0.8423204612415279, "auc": 0.7620335770128969, "nll": 0.38773146390587093, "mse": 0.11968114382680077, "rmse": 0.3459496261405709, "f1": 0.9126933321798787}, "metrics_test": {"acc": 0.8436046573369419, "auc": 0.763338314002992, "nll": 0.38559213272906123, "mse": 0.11887498740308175, "rmse": 0.3447825218932679, "f1": 0.9126933321798787}}