{"time": "2021-07-01T18:56:39.546886", "features": ["i", "s", "scA", "scW", "smA", "smW", "tcA", "tcW"], "seed": 888, "split_id": 4, "metrics_train": {"acc": 0.8425630057119106, "auc": 0.7631454569928924, "nll": 0.3868434898381685, "mse": 0.11940760028087966, "rmse": 0.345554048277371, "f1": 0.9125072167577543}, "metrics_test": {"acc": 0.8433796840353505, "auc": 0.7636378368110576, "nll": 0.38599482501145127, "mse": 0.11900490225527369, "rmse": 0.3449708716040728, "f1": 0.9125072167577543}}