{"time": "2021-07-01T15:04:27.594679", "features": ["i", "prev_lag_time_cat", "s", "scA", "scW", "tcA", "tcW"], "seed": 888, "split_id": 3, "metrics_train": {"acc": 0.8423931947410188, "auc": 0.7645566905686175, "nll": 0.3866108340012154, "mse": 0.11934377253286066, "rmse": 0.3454616802669446, "f1": 0.9126764152347416}, "metrics_test": {"acc": 0.8436479221296661, "auc": 0.7657495051307892, "nll": 0.38453550467239395, "mse": 0.11855957107329441, "rmse": 0.3443248046151982, "f1": 0.9126764152347416}}