{"time": "2021-07-01T15:19:48.714959", "features": ["i", "s", "scA", "scW", "tcA", "tcW", "weekend"], "seed": 888, "split_id": 3, "metrics_train": {"acc": 0.8424234880714356, "auc": 0.7623920387923788, "nll": 0.38748704680022295, "mse": 0.11959692777078591, "rmse": 0.3458278874972143, "f1": 0.9127496735869598}, "metrics_test": {"acc": 0.8437189157213637, "auc": 0.7636994127681764, "nll": 0.38534820027475863, "mse": 0.11879413193299632, "rmse": 0.3446652461925866, "f1": 0.9127496735869598}}