{"time": "2021-12-14T21:25:22.414941", "features": ["i", "rpfa_F", "rpfa_R", "s", "scA", "scW", "tcA", "tcW"], "seed": 888, "split_id": 2, "metrics_train": {"acc": 0.8479657176603871, "auc": 0.7798051687171026, "nll": 0.37523560875399853, "mse": 0.11518427973368317, "rmse": 0.33938809604003967, "f1": 0.9136853709574574}, "metrics_test": {"acc": 0.8468010170625574, "auc": 0.7787914806872009, "nll": 0.37733581014581413, "mse": 0.11593945231862443, "rmse": 0.34049882865969516, "f1": 0.9136853709574574}}