{"time": "2021-07-01T10:25:24.781948", "features": ["i", "s", "scA", "scW", "sm", "tcA", "tcW"], "seed": 888, "split_id": 3, "metrics_train": {"acc": 0.8454901468238057, "auc": 0.8239226349455925, "nll": 0.34798009558670906, "mse": 0.11131204197385022, "rmse": 0.3336345934909182, "f1": 0.9136669715545266}, "metrics_test": {"acc": 0.846472719778264, "auc": 0.8248785522222454, "nll": 0.34628604087230924, "mse": 0.11066925007422944, "rmse": 0.332669881525559, "f1": 0.9136669715545266}}