{"time": "2021-07-01T22:34:56.124916", "features": ["i", "precA", "precW", "s", "scA", "scW", "tcA", "tcW"], "seed": 888, "split_id": 0, "metrics_train": {"acc": 0.8494676350358856, "auc": 0.7831474815426503, "nll": 0.372843415090279, "mse": 0.11409065615751676, "rmse": 0.33777308382628235, "f1": 0.9147616423838396}, "metrics_test": {"acc": 0.8485284511614148, "auc": 0.7808042988948681, "nll": 0.37497305756532867, "mse": 0.11482935690762679, "rmse": 0.338864806239342, "f1": 0.9147616423838396}}