{"time": "2021-07-01T10:08:07.352652", "features": ["i", "s", "scA", "scW", "tcA", "tcW", "week"], "seed": 888, "split_id": 1, "metrics_train": {"acc": 0.8426659514957036, "auc": 0.7622555055691769, "nll": 0.38733539447725973, "mse": 0.11951183550662474, "rmse": 0.3457048387087238, "f1": 0.9121002730051397}, "metrics_test": {"acc": 0.8423649793784272, "auc": 0.7629259867395993, "nll": 0.386815557077943, "mse": 0.119439368859897, "rmse": 0.3456000128181378, "f1": 0.9121002730051397}}