{"time": "2021-07-01T09:19:49.527879", "features": ["i", "s", "scA", "scA_TW", "scW", "scW_TW", "tcA", "tcW"], "seed": 888, "split_id": 1, "metrics_train": {"acc": 0.8448163907095627, "auc": 0.7698976797379139, "nll": 0.38236415565263376, "mse": 0.11772421196813428, "rmse": 0.3431096209203908, "f1": 0.9130724666221305}, "metrics_test": {"acc": 0.8446519252725293, "auc": 0.7703912666631729, "nll": 0.38189816676647176, "mse": 0.11764121111330395, "rmse": 0.3429886457498323, "f1": 0.9130724666221305}}