{"time": "2021-12-14T21:28:53.616757", "features": ["i", "rpfa_F", "s", "scA", "scW", "tcA", "tcW"], "seed": 888, "split_id": 3, "metrics_train": {"acc": 0.8453455650195438, "auc": 0.7722002619943382, "nll": 0.38079408464648895, "mse": 0.1171546537560728, "rmse": 0.34227862006861137, "f1": 0.91392121411848}, "metrics_test": {"acc": 0.8466168702012954, "auc": 0.7734601264745811, "nll": 0.37870995320775325, "mse": 0.11638142191439826, "rmse": 0.3411472144315387, "f1": 0.91392121411848}}