{"time": "2021-07-01T16:40:20.810435", "features": ["i", "s", "scA", "scW", "tcA", "tcW", "user_avg_correct"], "seed": 888, "split_id": 3, "metrics_train": {"acc": 0.8425329079743209, "auc": 0.7642482152701844, "nll": 0.3863734292739639, "mse": 0.11929123034231603, "rmse": 0.3453856255583258, "f1": 0.9127689889829005}, "metrics_test": {"acc": 0.8438668026492212, "auc": 0.7653575545087926, "nll": 0.38435167311645996, "mse": 0.11851664345391832, "rmse": 0.3442624630335383, "f1": 0.9127689889829005}}