{"time": "2021-07-01T20:44:34.116365", "features": ["day", "i", "s", "scA", "scW", "tcA", "tcW"], "seed": 888, "split_id": 0, "metrics_train": {"acc": 0.8428239258971018, "auc": 0.7630553451243436, "nll": 0.3866989518690098, "mse": 0.11931242119040866, "rmse": 0.34541630128065565, "f1": 0.9119311150708873}, "metrics_test": {"acc": 0.8422068988557458, "auc": 0.7609872895404866, "nll": 0.3883933529604468, "mse": 0.1199081970099853, "rmse": 0.3462776299589468, "f1": 0.9119311150708873}}