{"time": "2021-12-14T21:34:08.823401", "features": ["i", "rpfa_R", "s", "scA", "scW", "tcA", "tcW"], "seed": 888, "split_id": 4, "metrics_train": {"acc": 0.8471179654866423, "auc": 0.7788058919363411, "nll": 0.37657191369807985, "mse": 0.11567571635354758, "rmse": 0.34011132935194555, "f1": 0.9143174724539566}, "metrics_test": {"acc": 0.8478146336495437, "auc": 0.7792358433950477, "nll": 0.37572099455012925, "mse": 0.1153101426005064, "rmse": 0.33957347157943063, "f1": 0.9143174724539566}}