{"time": "2021-07-01T11:36:57.942060", "features": ["i", "s", "scA", "scW", "smA", "smW", "tcA", "tcW"], "seed": 888, "split_id": 1, "metrics_train": {"acc": 0.8427660544115507, "auc": 0.7630858294045739, "nll": 0.3867852628196543, "mse": 0.11934509976446978, "rmse": 0.3454636012150481, "f1": 0.9121694334364675}, "metrics_test": {"acc": 0.842534498510458, "auc": 0.7639897111301153, "nll": 0.38616184908762924, "mse": 0.11923424934153905, "rmse": 0.34530312674741165, "f1": 0.9121694334364675}}