{"time": "2021-07-01T10:55:32.889426", "features": ["i", "post", "s", "scA", "scW", "tcA", "tcW"], "seed": 888, "split_id": 1, "metrics_train": {"acc": 0.8426412213462177, "auc": 0.7621101815057155, "nll": 0.3874195656281946, "mse": 0.11954046334112838, "rmse": 0.3457462412537964, "f1": 0.9121101778791169}, "metrics_test": {"acc": 0.8423716195287603, "auc": 0.7628845516794907, "nll": 0.38685053636890493, "mse": 0.11945292279534377, "rmse": 0.34561962154273557, "f1": 0.9121101778791169}}