{"time": "2021-07-01T12:43:38.596938", "features": ["i", "prev_lag_time_cat", "s", "scA", "scW", "tcA", "tcW"], "seed": 888, "split_id": 2, "metrics_train": {"acc": 0.8429247161422044, "auc": 0.7650751649288576, "nll": 0.38570762151771415, "mse": 0.11901317448798943, "rmse": 0.3449828611510859, "f1": 0.9114687031774936}, "metrics_test": {"acc": 0.8414618570656897, "auc": 0.7634497028871252, "nll": 0.3882892660880979, "mse": 0.11995473593311927, "rmse": 0.3463448222987017, "f1": 0.9114687031774936}}