{"time": "2021-07-01T13:54:03.217280", "features": ["i", "s", "scA", "scW", "tcA", "tcW", "user_avg_correct"], "seed": 888, "split_id": 2, "metrics_train": {"acc": 0.8430615251196184, "auc": 0.7647724818930061, "nll": 0.3854698900776221, "mse": 0.11895519278028306, "rmse": 0.34489881527816685, "f1": 0.9115067428422321}, "metrics_test": {"acc": 0.8416087058833375, "auc": 0.7631982711540634, "nll": 0.3880132860040203, "mse": 0.11989099086821932, "rmse": 0.3462527846360507, "f1": 0.9115067428422321}}