{"time": "2021-07-01T10:31:08.293117", "features": ["i", "s", "scA", "scW", "tcA", "tcW", "weekend"], "seed": 888, "split_id": 1, "metrics_train": {"acc": 0.8427306834009315, "auc": 0.7624577316114995, "nll": 0.38718376994901316, "mse": 0.11945957832582309, "rmse": 0.3456292498123142, "f1": 0.9121443623433834}, "metrics_test": {"acc": 0.8424468094663545, "auc": 0.7632997615093192, "nll": 0.38657409269063575, "mse": 0.11935806837184895, "rmse": 0.34548237056592185, "f1": 0.9121443623433834}}