{"time": "2021-07-01T21:54:21.198893", "features": ["i", "n_gram", "s", "scA", "scW", "tcA", "tcW"], "seed": 888, "split_id": 0, "metrics_train": {"acc": 0.8474350818230684, "auc": 0.7770008773893305, "nll": 0.3769569839622888, "mse": 0.11571837182961939, "rmse": 0.34017403168028476, "f1": 0.9138721745396008}, "metrics_test": {"acc": 0.8466964324387739, "auc": 0.7753607402734098, "nll": 0.378622759992095, "mse": 0.11632351990212189, "rmse": 0.3410623401991517, "f1": 0.9138721745396008}}