{"time": "2021-07-01T15:22:50.077919", "features": ["i", "part_of_day", "s", "scA", "scW", "tcA", "tcW"], "seed": 888, "split_id": 3, "metrics_train": {"acc": 0.8424890908356824, "auc": 0.762684701974197, "nll": 0.3873089126432787, "mse": 0.11954399919468255, "rmse": 0.3457513545811246, "f1": 0.9127917292896252}, "metrics_test": {"acc": 0.8438058386231098, "auc": 0.764132101301391, "nll": 0.3851148134953143, "mse": 0.11872091156488596, "rmse": 0.3445590102796413, "f1": 0.9127917292896252}}