{"time": "2021-07-01T09:30:19.149511", "features": ["i", "icA", "icW", "s", "scA", "scW", "tcA", "tcW"], "seed": 888, "split_id": 2, "metrics_train": {"acc": 0.8476587185111418, "auc": 0.7781867971733382, "nll": 0.3765587978670654, "mse": 0.11538980170979717, "rmse": 0.3396907442215598, "f1": 0.913637596017425}, "metrics_test": {"acc": 0.8463421394139238, "auc": 0.7763693670112031, "nll": 0.3792135798717331, "mse": 0.11630242443755003, "rmse": 0.34103141268444764, "f1": 0.913637596017425}}