{"time": "2021-07-01T21:12:54.947264", "features": ["i", "prev_lag_time_cat", "s", "scA", "scW", "tcA", "tcW"], "seed": 888, "split_id": 0, "metrics_train": {"acc": 0.8427786889839385, "auc": 0.7651079471135267, "nll": 0.3858733949464573, "mse": 0.11907433285921012, "rmse": 0.3450714894905259, "f1": 0.9119013420478878}, "metrics_test": {"acc": 0.8422061219182044, "auc": 0.7630985749388185, "nll": 0.38757157508143103, "mse": 0.11967575903014316, "rmse": 0.34594184342190115, "f1": 0.9119013420478878}}