{"time": "2021-07-01T17:57:08.970737", "features": ["i", "s", "scA", "scW", "tcA", "tcW", "weekend"], "seed": 888, "split_id": 4, "metrics_train": {"acc": 0.8425313454134634, "auc": 0.7625155678809351, "nll": 0.387228507978222, "mse": 0.11951628473845347, "rmse": 0.3457112736640989, "f1": 0.9125298620295694}, "metrics_test": {"acc": 0.8433269790093317, "auc": 0.7629493715446067, "nll": 0.38645241416455317, "mse": 0.11915038696976846, "rmse": 0.34518167241290265, "f1": 0.9125298620295694}}