{"time": "2021-07-01T18:01:23.523283", "features": ["i", "lag_time_cat", "s", "scA", "scW", "tcA", "tcW"], "seed": 888, "split_id": 4, "metrics_train": {"acc": 0.8433200059020687, "auc": 0.7666425870237363, "nll": 0.38490609333045833, "mse": 0.11864189715375584, "rmse": 0.3444443309937846, "f1": 0.9128750677412265}, "metrics_test": {"acc": 0.8440725768022196, "auc": 0.7671822175264141, "nll": 0.38412456763339325, "mse": 0.11828674796724208, "rmse": 0.3439284052927907, "f1": 0.9128750677412265}}