{"time": "2021-07-01T19:56:19.257284", "features": ["i", "postcA", "postcW", "s", "scA", "scW", "tcA", "tcW"], "seed": 888, "split_id": 4, "metrics_train": {"acc": 0.8483137921389983, "auc": 0.7807215759738183, "nll": 0.37490291312280266, "mse": 0.11488075469563741, "rmse": 0.3389406359462338, "f1": 0.9150943543312787}, "metrics_test": {"acc": 0.8489374884707755, "auc": 0.7806291794052884, "nll": 0.37422152471591225, "mse": 0.11453163327182085, "rmse": 0.33842522552525667, "f1": 0.9150943543312787}}