{"time": "2021-07-01T08:25:44.797444", "features": ["i", "icA", "icW", "s", "scA", "scW", "tcA", "tcW"], "seed": 888, "split_id": 1, "metrics_train": {"acc": 0.847365763689431, "auc": 0.7775801949270047, "nll": 0.37726373229781895, "mse": 0.11562372000295511, "rmse": 0.34003488056808984, "f1": 0.9143531270052816}, "metrics_test": {"acc": 0.8475101193938089, "auc": 0.7787837931315031, "nll": 0.37634775945317084, "mse": 0.11537472949293189, "rmse": 0.3396685582931277, "f1": 0.9143531270052816}}