{"time": "2021-07-01T07:55:10.142988", "features": ["i", "s", "scA", "scW", "sm", "tcA", "tcW"], "seed": 888, "split_id": 1, "metrics_train": {"acc": 0.8457258887569893, "auc": 0.824088704024473, "nll": 0.34770551372273545, "mse": 0.11118592327820184, "rmse": 0.3334455327009223, "f1": 0.913109568046893}, "metrics_test": {"acc": 0.845382537107699, "auc": 0.8241357668773248, "nll": 0.347398193286581, "mse": 0.11118626359630643, "rmse": 0.33344604300592084, "f1": 0.913109568046893}}