{"time": "2021-07-01T18:41:25.083753", "features": ["i", "rt", "s", "scA", "scW", "tcA", "tcW"], "seed": 888, "split_id": 4, "metrics_train": {"acc": 0.8425808238333622, "auc": 0.7640221974691827, "nll": 0.38645941135630946, "mse": 0.11929295495750528, "rmse": 0.34538812220096, "f1": 0.9125183842573202}, "metrics_test": {"acc": 0.8433931575006484, "auc": 0.7647862291540568, "nll": 0.3854724787694724, "mse": 0.11885185970842188, "rmse": 0.3447489807213676, "f1": 0.9125183842573202}}