{"time": "2021-07-01T21:10:59.459079", "features": ["i", "s", "scA", "scW", "tcA", "tcW", "weekend"], "seed": 888, "split_id": 0, "metrics_train": {"acc": 0.8428272311023165, "auc": 0.7630181813097872, "nll": 0.38671901359963684, "mse": 0.11931826250476965, "rmse": 0.34542475664718886, "f1": 0.9119348175225607}, "metrics_test": {"acc": 0.8422111720122235, "auc": 0.7609168967204721, "nll": 0.38842939674878774, "mse": 0.11991966676844007, "rmse": 0.34629419106944326, "f1": 0.9119348175225607}}