{"time": "2021-07-01T09:33:32.027746", "features": ["i", "part", "s", "scA", "scW", "tcA", "tcW"], "seed": 888, "split_id": 2, "metrics_train": {"acc": 0.8428469737422839, "auc": 0.7626567273359215, "nll": 0.38677308749364964, "mse": 0.11933206959211831, "rmse": 0.34544474173464895, "f1": 0.9114628353264257}, "metrics_test": {"acc": 0.8413809607021008, "auc": 0.7607807097967191, "nll": 0.3894760466066856, "mse": 0.12031018486768756, "rmse": 0.3468575858586454, "f1": 0.9114628353264257}}