{"time": "2021-07-01T08:29:14.321357", "features": ["i", "partcA", "partcW", "s", "scA", "scW", "tcA", "tcW"], "seed": 888, "split_id": 1, "metrics_train": {"acc": 0.8427278261326643, "auc": 0.7623768828308636, "nll": 0.3872484266513314, "mse": 0.11947637681140127, "rmse": 0.34565355026587136, "f1": 0.91213178620416}, "metrics_test": {"acc": 0.8424128275205327, "auc": 0.7631435908229817, "nll": 0.38668301617811995, "mse": 0.11939184648007103, "rmse": 0.34553125253740946, "f1": 0.91213178620416}}