{"time": "2021-07-01T10:22:26.093294", "features": ["i", "icA_TW", "icW_TW", "s", "scA", "scW", "tcA", "tcW"], "seed": 888, "split_id": 2, "metrics_train": {"acc": 0.8480765471472853, "auc": 0.7831996671178284, "nll": 0.3739892829448279, "mse": 0.11460084247224164, "rmse": 0.3385274619174073, "f1": 0.9137847704033097}, "metrics_test": {"acc": 0.8467737195211493, "auc": 0.7815397568650744, "nll": 0.37649955165266497, "mse": 0.1154508303301141, "rmse": 0.3397805620251313, "f1": 0.9137847704033097}}