{"time": "2021-07-01T15:47:43.089915", "features": ["i", "pre", "s", "scA", "scW", "tcA", "tcW"], "seed": 888, "split_id": 3, "metrics_train": {"acc": 0.8423275427992877, "auc": 0.7620355444215117, "nll": 0.3877291617358527, "mse": 0.11968004183267664, "rmse": 0.3459480334279654, "f1": 0.9126920616441672}, "metrics_test": {"acc": 0.8436070172347269, "auc": 0.7633405974824359, "nll": 0.3855910269098073, "mse": 0.11887453363726891, "rmse": 0.3447818638462135, "f1": 0.9126920616441672}}