{"time": "2021-07-01T09:32:05.245197", "features": ["i", "resp_time_cat", "s", "scA", "scW", "tcA", "tcW"], "seed": 888, "split_id": 1, "metrics_train": {"acc": 0.8439385689293062, "auc": 0.7764099106451919, "nll": 0.38006343999886016, "mse": 0.1173695925303086, "rmse": 0.3425924583675312, "f1": 0.912558424023939}, "metrics_test": {"acc": 0.8437047273573803, "auc": 0.7769841675511098, "nll": 0.3795255515615974, "mse": 0.11727829602621231, "rmse": 0.342459188847682, "f1": 0.912558424023939}}