{"time": "2021-07-01T13:47:27.513044", "features": ["i", "rc", "s", "scA", "scW", "tcA", "tcW"], "seed": 888, "split_id": 2, "metrics_train": {"acc": 0.8434321985295804, "auc": 0.7664534125595438, "nll": 0.3844015144006579, "mse": 0.11854116032111821, "rmse": 0.34429806900579357, "f1": 0.9117135453713942}, "metrics_test": {"acc": 0.8420438725288503, "auc": 0.7648981735639585, "nll": 0.3869820643442721, "mse": 0.11947529749776725, "rmse": 0.3456519889972677, "f1": 0.9117135453713942}}