{"time": "2021-07-01T17:29:38.002038", "features": ["i", "month", "s", "scA", "scW", "tcA", "tcW"], "seed": 888, "split_id": 4, "metrics_train": {"acc": 0.8424498630949793, "auc": 0.7621962904221823, "nll": 0.38744203937807015, "mse": 0.11958719774785595, "rmse": 0.34581381948652073, "f1": 0.9124662508063967}, "metrics_test": {"acc": 0.8432076992136054, "auc": 0.7626014886407, "nll": 0.38668376733472476, "mse": 0.11923374666559804, "rmse": 0.34530239887032066, "f1": 0.9124662508063967}}