{"time": "2021-07-01T14:00:15.746024", "features": ["i", "icA_TW", "icW_TW", "s", "scA", "scA_TW", "scW", "scW_TW", "tcA", "tcA_TW", "tcW", "tcW_TW"], "seed": 888, "split_id": 4, "metrics_train": {"acc": 0.8482462010832437, "auc": 0.7841208275692166, "nll": 0.3736535042840653, "mse": 0.11446695969718292, "rmse": 0.33832966127311825, "f1": 0.9150461178026483}, "metrics_test": {"acc": 0.8490478520027018, "auc": 0.7846751938145411, "nll": 0.3725318655656814, "mse": 0.11399740571224734, "rmse": 0.33763501849222827, "f1": 0.9150461178026483}}