{"time": "2021-07-01T08:16:38.184185", "features": ["i", "part", "s", "scA", "scW", "tcA", "tcW"], "seed": 888, "split_id": 1, "metrics_train": {"acc": 0.8426367383908329, "auc": 0.76209497536005, "nll": 0.38742577502291964, "mse": 0.11954281464541265, "rmse": 0.34574964156946375, "f1": 0.9121184495764774}, "metrics_test": {"acc": 0.8423831421425734, "auc": 0.7628772675291636, "nll": 0.38685227913913495, "mse": 0.11945341182596925, "rmse": 0.3456203290114302, "f1": 0.9121184495764774}}