{"time": "2021-07-01T17:57:41.504602", "features": ["i", "prev_lag_time_cat", "s", "scA", "scW", "tcA", "tcW"], "seed": 888, "split_id": 4, "metrics_train": {"acc": 0.8425083242042049, "auc": 0.7647009306619243, "nll": 0.38634474091684795, "mse": 0.1192605784058014, "rmse": 0.34534124920982345, "f1": 0.9124656429272485}, "metrics_test": {"acc": 0.8432736795657264, "auc": 0.7651199327376251, "nll": 0.38557284140781317, "mse": 0.11890088851024985, "rmse": 0.34482008136164266, "f1": 0.9124656429272485}}