{"time": "2021-07-01T12:08:26.058932", "features": ["i", "postcA", "postcW", "s", "scA", "scW", "tcA", "tcW"], "seed": 888, "split_id": 1, "metrics_train": {"acc": 0.8484544814257611, "auc": 0.7806983251444242, "nll": 0.3748114003099855, "mse": 0.11482292228646235, "rmse": 0.338855311728269, "f1": 0.9148488720033121}, "metrics_test": {"acc": 0.8484500912630074, "auc": 0.7809923081990549, "nll": 0.37446496640766963, "mse": 0.11476096724648911, "rmse": 0.338763881260221, "f1": 0.9148488720033121}}