{"time": "2021-07-01T20:46:44.712025", "features": ["i", "s", "scA", "scW", "tcA", "tcW", "week"], "seed": 888, "split_id": 0, "metrics_train": {"acc": 0.842752543330747, "auc": 0.7627802026921683, "nll": 0.38688826203081284, "mse": 0.11937602179250757, "rmse": 0.34550835271018787, "f1": 0.9119048759797194}, "metrics_test": {"acc": 0.842144161149277, "auc": 0.760730222714073, "nll": 0.3885828875321211, "mse": 0.11997327599776818, "rmse": 0.34637158659129097, "f1": 0.9119048759797194}}