{"time": "2021-07-01T12:16:00.760545", "features": ["i", "partcA", "partcW", "s", "scA", "scW", "tcA", "tcW"], "seed": 888, "split_id": 4, "metrics_train": {"acc": 0.842515785235777, "auc": 0.7624094207157378, "nll": 0.387311341526888, "mse": 0.11953815352218056, "rmse": 0.3457429008991805, "f1": 0.9124890603996478}, "metrics_test": {"acc": 0.8432625837707751, "auc": 0.7628611612410069, "nll": 0.38651597450910796, "mse": 0.1191720119255916, "rmse": 0.34521299501263214, "f1": 0.9124890603996478}}