{"time": "2021-07-01T14:18:04.934784", "features": ["i", "resp_time_cat", "s", "scA", "scW", "tcA", "tcW"], "seed": 888, "split_id": 3, "metrics_train": {"acc": 0.8436408275213333, "auc": 0.7763615263202017, "nll": 0.38028801568348364, "mse": 0.11749286394464578, "rmse": 0.3427723208554707, "f1": 0.9130981575872549}, "metrics_test": {"acc": 0.8447991589324294, "auc": 0.7771395058941646, "nll": 0.3786203423205189, "mse": 0.11679354293811049, "rmse": 0.3417507029079977, "f1": 0.9130981575872549}}