{"time": "2021-07-01T22:29:31.758947", "features": ["i", "postcA", "postcW", "s", "scA", "scW", "tcA", "tcW"], "seed": 888, "split_id": 0, "metrics_train": {"acc": 0.8486535679246311, "auc": 0.7812365747799589, "nll": 0.37429930590343435, "mse": 0.11466015701419449, "rmse": 0.33861505727624475, "f1": 0.9143956743509523}, "metrics_test": {"acc": 0.8476990703359614, "auc": 0.7786993591998103, "nll": 0.3765364225403984, "mse": 0.11542830750632713, "rmse": 0.3397474172180373, "f1": 0.9143956743509523}}