{"time": "2021-07-01T17:48:45.516159", "features": ["i", "icA_TW", "icW_TW", "s", "scA", "scW", "tcA", "tcW"], "seed": 888, "split_id": 0, "metrics_train": {"acc": 0.8479980026694218, "auc": 0.7831997292612319, "nll": 0.37412759478237906, "mse": 0.11463216339006473, "rmse": 0.33857371928438973, "f1": 0.9140523573293686}, "metrics_test": {"acc": 0.8471612353229214, "auc": 0.7813425679003203, "nll": 0.3759246223651274, "mse": 0.11531082296423763, "rmse": 0.3395744733695948, "f1": 0.9140523573293686}}