{"time": "2021-07-01T12:39:40.225646", "features": ["i", "month", "s", "scA", "scW", "tcA", "tcW"], "seed": 888, "split_id": 2, "metrics_train": {"acc": 0.8428602085770749, "auc": 0.7627018831771716, "nll": 0.3867441185181287, "mse": 0.11932114888493832, "rmse": 0.34542893463770274, "f1": 0.9114821901028064}, "metrics_test": {"acc": 0.8414158298243374, "auc": 0.7608350883056749, "nll": 0.38943980523099053, "mse": 0.12029633953258476, "rmse": 0.3468376270426621, "f1": 0.9114821901028064}}