{"time": "2021-07-01T11:18:48.560966", "features": ["i", "s", "scA", "scW", "tcA", "tcA_TW", "tcW", "tcW_TW"], "seed": 888, "split_id": 3, "metrics_train": {"acc": 0.8434959506521648, "auc": 0.7667775103472011, "nll": 0.3848293762191536, "mse": 0.11866182625306138, "rmse": 0.34447325912625115, "f1": 0.9131423513273533}, "metrics_test": {"acc": 0.8446591383305218, "auc": 0.7678938546604528, "nll": 0.3828787554512245, "mse": 0.11792459780458144, "rmse": 0.34340151106915856, "f1": 0.9131423513273533}}