{"time": "2021-07-01T12:30:46.057692", "features": ["i", "s", "scA", "scW", "tcA", "tcW", "week"], "seed": 888, "split_id": 2, "metrics_train": {"acc": 0.8428736885013991, "auc": 0.7627991634483093, "nll": 0.38669307739104675, "mse": 0.11930465914325596, "rmse": 0.34540506531209986, "f1": 0.9114781206933428}, "metrics_test": {"acc": 0.8414122432860501, "auc": 0.7608745892053871, "nll": 0.3894129446029116, "mse": 0.12028714127619919, "rmse": 0.3468243666125539, "f1": 0.9114781206933428}}