{"time": "2021-07-01T10:03:40.938700", "features": ["i", "month", "s", "scA", "scW", "tcA", "tcW"], "seed": 888, "split_id": 1, "metrics_train": {"acc": 0.8426436845085171, "auc": 0.7621591399573093, "nll": 0.38738592260069393, "mse": 0.1195280561301548, "rmse": 0.34572829813330985, "f1": 0.9121156205199853}, "metrics_test": {"acc": 0.8423833374411126, "auc": 0.7628777379110332, "nll": 0.3868419231030339, "mse": 0.1194469638469531, "rmse": 0.3456110007609033, "f1": 0.9121156205199853}}