{"time": "2021-07-01T18:20:42.894907", "features": ["i", "post", "s", "scA", "scW", "tcA", "tcW"], "seed": 888, "split_id": 4, "metrics_train": {"acc": 0.8424353337177074, "auc": 0.762152166104676, "nll": 0.38747069177066507, "mse": 0.11959810203682898, "rmse": 0.34582958525381974, "f1": 0.9124695638958258}, "metrics_test": {"acc": 0.8432059159608453, "auc": 0.7625815031625331, "nll": 0.38670404405682657, "mse": 0.1192421273743936, "rmse": 0.3453145339750321, "f1": 0.9124695638958258}}