{"time": "2021-07-01T13:24:47.958899", "features": ["i", "rt", "s", "scA", "scW", "tcA", "tcW"], "seed": 888, "split_id": 2, "metrics_train": {"acc": 0.8429780966425283, "auc": 0.7645273646424473, "nll": 0.38574400361072286, "mse": 0.11902109538788348, "rmse": 0.3449943410954497, "f1": 0.9114542877300408}, "metrics_test": {"acc": 0.8415044970208818, "auc": 0.7628757232639874, "nll": 0.3883560443934779, "mse": 0.11997642451632802, "rmse": 0.3463761315626815, "f1": 0.9114542877300408}}