{"time": "2021-07-01T11:22:30.373235", "features": ["i", "rc", "s", "scA", "scW", "tcA", "tcW"], "seed": 888, "split_id": 1, "metrics_train": {"acc": 0.843237355885916, "auc": 0.766024032900531, "nll": 0.38501517789554224, "mse": 0.11874082601833975, "rmse": 0.3445879075335345, "f1": 0.9122730568484219}, "metrics_test": {"acc": 0.8428875982693425, "auc": 0.7665760866394992, "nll": 0.3845068200301523, "mse": 0.11866441627200178, "rmse": 0.34447701849615714, "f1": 0.9122730568484219}}