{"time": "2021-12-14T21:27:34.045575", "features": ["i", "rpfa_R", "s", "scA", "scW", "tcA", "tcW"], "seed": 888, "split_id": 3, "metrics_train": {"acc": 0.8470146980190179, "auc": 0.7787262966408787, "nll": 0.37676521830495097, "mse": 0.11574143123288116, "rmse": 0.34020792353042156, "f1": 0.9146342111227582}, "metrics_test": {"acc": 0.8483041971175422, "auc": 0.7795142396618537, "nll": 0.3749326381156504, "mse": 0.1150394306102208, "rmse": 0.3391746314366993, "f1": 0.9146342111227582}}