{"time": "2021-07-01T16:37:42.050086", "features": ["i", "s", "scA", "scW", "smA", "smW", "tcA", "tcW"], "seed": 888, "split_id": 3, "metrics_train": {"acc": 0.8424640594961009, "auc": 0.7630810355673714, "nll": 0.38706329228027436, "mse": 0.11947701707633168, "rmse": 0.34565447643033886, "f1": 0.9127380558076524}, "metrics_test": {"acc": 0.8437366149547509, "auc": 0.764126159957634, "nll": 0.3850396718762517, "mse": 0.11870869762806831, "rmse": 0.34454128581066784, "f1": 0.9127380558076524}}