{"time": "2021-07-01T14:58:28.260783", "features": ["i", "s", "scA", "scW", "tcA", "tcW", "week"], "seed": 888, "split_id": 3, "metrics_train": {"acc": 0.842344017256576, "auc": 0.7621596238893306, "nll": 0.38765563019921706, "mse": 0.11965468781163441, "rmse": 0.34591138722458153, "f1": 0.9126954789594743}, "metrics_test": {"acc": 0.8436133102954867, "auc": 0.7635096627929395, "nll": 0.3855039230152338, "mse": 0.11884518607065983, "rmse": 0.344739301604357, "f1": 0.9126954789594743}}