{"time": "2021-07-01T16:13:57.903454", "features": ["i", "rc", "s", "scA", "scW", "tcA", "tcW"], "seed": 888, "split_id": 3, "metrics_train": {"acc": 0.8429436875018718, "auc": 0.7659919032705375, "nll": 0.38526820627505176, "mse": 0.1188616998218072, "rmse": 0.3447632518436488, "f1": 0.9129791361656714}, "metrics_test": {"acc": 0.8442314068569977, "auc": 0.7666529264194726, "nll": 0.38346936288837674, "mse": 0.1181653883444415, "rmse": 0.3437519284955962, "f1": 0.9129791361656714}}