{"time": "2021-07-01T16:22:16.582645", "features": ["i", "rt", "s", "scA", "scW", "tcA", "tcW"], "seed": 888, "split_id": 3, "metrics_train": {"acc": 0.8424698132617807, "auc": 0.7639962992886214, "nll": 0.3866418278803556, "mse": 0.11935312457855277, "rmse": 0.3454752155778367, "f1": 0.912708566648404}, "metrics_test": {"acc": 0.8437106560791163, "auc": 0.7649680974228663, "nll": 0.38469665107709455, "mse": 0.11861325101298001, "rmse": 0.3444027453621414, "f1": 0.912708566648404}}