{"time": "2021-07-01T11:35:25.730784", "features": ["i", "icA_TW", "icW_TW", "s", "scA", "scW", "tcA", "tcW"], "seed": 888, "split_id": 3, "metrics_train": {"acc": 0.8476572510307477, "auc": 0.7826985527072324, "nll": 0.37481789570868046, "mse": 0.11489441300282732, "rmse": 0.33896078387156725, "f1": 0.9148739970148223}, "metrics_test": {"acc": 0.8486302563281642, "auc": 0.7834763116884106, "nll": 0.37315934634648884, "mse": 0.11427792969002064, "rmse": 0.3380501881230369, "f1": 0.9148739970148223}}