{"time": "2021-07-01T10:59:31.330038", "features": ["i", "partcA", "partcW", "s", "scA", "scW", "tcA", "tcW"], "seed": 888, "split_id": 3, "metrics_train": {"acc": 0.8424044072074718, "auc": 0.7623010439046528, "nll": 0.38756314895445165, "mse": 0.11961891468293699, "rmse": 0.3458596748436235, "f1": 0.9127375365334199}, "metrics_test": {"acc": 0.8436911869223904, "auc": 0.7635668593872035, "nll": 0.3854525010225757, "mse": 0.11882091348539468, "rmse": 0.3447040955448523, "f1": 0.9127375365334199}}