{"time": "2021-07-01T11:47:23.318943", "features": ["i", "s", "scA", "scW", "tcA", "tcW", "user_avg_correct"], "seed": 888, "split_id": 1, "metrics_train": {"acc": 0.8428574869961041, "auc": 0.7643184876136774, "nll": 0.38607713986082026, "mse": 0.11915387961150553, "rmse": 0.3451867315113742, "f1": 0.9121311586902092}, "metrics_test": {"acc": 0.8425495364979769, "auc": 0.7649528093293917, "nll": 0.3855511002823881, "mse": 0.11907675076674282, "rmse": 0.3450749929605778, "f1": 0.9121311586902092}}