{"time": "2021-07-01T17:51:50.401867", "features": ["day", "i", "s", "scA", "scW", "tcA", "tcW"], "seed": 888, "split_id": 4, "metrics_train": {"acc": 0.8425317380993356, "auc": 0.7625591191823202, "nll": 0.3872033312144031, "mse": 0.11950873081413105, "rmse": 0.34570034829911733, "f1": 0.9125232749130067}, "metrics_test": {"acc": 0.843317468327945, "auc": 0.7629674904575515, "nll": 0.38644516831133124, "mse": 0.11914973914290443, "rmse": 0.3451807340262553, "f1": 0.9125232749130067}}