{"time": "2021-07-01T21:21:30.451310", "features": ["i", "part_of_day", "s", "scA", "scW", "tcA", "tcW"], "seed": 888, "split_id": 0, "metrics_train": {"acc": 0.8428970350631956, "auc": 0.7633669282892052, "nll": 0.38650733355038885, "mse": 0.1192540031735599, "rmse": 0.3453317291729214, "f1": 0.9119991968763171}, "metrics_test": {"acc": 0.8423364531907757, "auc": 0.7610941554567809, "nll": 0.388290461828875, "mse": 0.11987557038123392, "rmse": 0.34623051624782286, "f1": 0.9119991968763171}}