{"time": "2021-12-14T21:22:18.603160", "features": ["i", "ppe", "s", "scA", "scW", "tcA", "tcW"], "seed": 888, "split_id": 3, "metrics_train": {"acc": 0.8431965089493924, "auc": 0.7674522279265266, "nll": 0.38492370951926447, "mse": 0.11876900696656294, "rmse": 0.34462879590446727, "f1": 0.9130556778435177}, "metrics_test": {"acc": 0.8444890290318559, "auc": 0.7686546380837774, "nll": 0.3828505792380502, "mse": 0.11798186864169592, "rmse": 0.34348488852014425, "f1": 0.9130556778435177}}