{"time": "2021-07-01T11:00:01.497086", "features": ["i", "lag_time_cat", "s", "scA", "scW", "tcA", "tcW"], "seed": 888, "split_id": 1, "metrics_train": {"acc": 0.843467119665203, "auc": 0.7666276867509093, "nll": 0.38488428995746776, "mse": 0.1186083839343335, "rmse": 0.3443956793200715, "f1": 0.9125159032662846}, "metrics_test": {"acc": 0.8432537830303537, "auc": 0.7673577064834213, "nll": 0.38429158479508413, "mse": 0.11850596167302278, "rmse": 0.3442469486764157, "f1": 0.9125159032662846}}