{"time": "2021-07-01T19:03:35.851494", "features": ["i", "s", "scA", "scW", "tcA", "tcW", "user_avg_correct"], "seed": 888, "split_id": 4, "metrics_train": {"acc": 0.8426392849425879, "auc": 0.764354513741046, "nll": 0.38613380241213474, "mse": 0.11921337843257414, "rmse": 0.3452729042838058, "f1": 0.9125254162374128}, "metrics_test": {"acc": 0.8434199062920489, "auc": 0.7647433361968753, "nll": 0.38536364210223295, "mse": 0.11885019310362603, "rmse": 0.3447465635849414, "f1": 0.9125254162374128}}