{"time": "2021-07-01T20:52:01.458774", "features": ["hour", "i", "s", "scA", "scW", "tcA", "tcW"], "seed": 888, "split_id": 0, "metrics_train": {"acc": 0.8429162249860096, "auc": 0.7634802634998392, "nll": 0.38643250867558687, "mse": 0.1192286992331778, "rmse": 0.34529509007974296, "f1": 0.9120034658783153}, "metrics_test": {"acc": 0.8423500495977503, "auc": 0.7611572005306371, "nll": 0.38823837991499655, "mse": 0.11985609587426109, "rmse": 0.34620239149125054, "f1": 0.9120034658783153}}