{"time": "2021-12-14T21:28:42.175087", "features": ["i", "rpfa_F", "rpfa_R", "s", "scA", "scW", "tcA", "tcW"], "seed": 888, "split_id": 3, "metrics_train": {"acc": 0.8474935391850376, "auc": 0.7794097505464418, "nll": 0.37602701313421416, "mse": 0.1154738039663393, "rmse": 0.33981436692161693, "f1": 0.9148369111047979}, "metrics_test": {"acc": 0.8487877795053104, "auc": 0.7802713164168312, "nll": 0.3741452118758804, "mse": 0.11475804351328478, "rmse": 0.33875956593620316, "f1": 0.9148369111047979}}