{"time": "2021-12-14T21:30:19.652207", "features": ["i", "ppe", "s", "scA", "scW", "tcA", "tcW"], "seed": 888, "split_id": 4, "metrics_train": {"acc": 0.8432790683998905, "auc": 0.7675297178119913, "nll": 0.38469735602003946, "mse": 0.11869837425814901, "rmse": 0.34452630416000024, "f1": 0.9128102659720123}, "metrics_test": {"acc": 0.844045035454037, "auc": 0.7681727927311649, "nll": 0.3838195251806957, "mse": 0.11830648057835265, "rmse": 0.34395709118777107, "f1": 0.9128102659720123}}