{"time": "2021-07-01T10:29:40.549279", "features": ["i", "prev_lag_time_cat", "s", "scA", "scW", "tcA", "tcW"], "seed": 888, "split_id": 1, "metrics_train": {"acc": 0.8426933418604728, "auc": 0.7646361549503228, "nll": 0.38630460176024267, "mse": 0.11920634460004544, "rmse": 0.3452627182306909, "f1": 0.9120914894534976}, "metrics_test": {"acc": 0.8424182958796305, "auc": 0.7652754693529908, "nll": 0.3857822506746119, "mse": 0.11913005571289663, "rmse": 0.34515222107484206, "f1": 0.9120914894534976}}