{"time": "2021-07-01T12:48:16.047104", "features": ["i", "s", "scA", "scW", "tcA", "tcW", "weekend"], "seed": 888, "split_id": 2, "metrics_train": {"acc": 0.8429636853779781, "auc": 0.763007608773189, "nll": 0.38653062887136624, "mse": 0.1192486026214903, "rmse": 0.3453239097159221, "f1": 0.9114995731712402}, "metrics_test": {"acc": 0.8414584697795295, "auc": 0.7611553522884541, "nll": 0.38923563825836016, "mse": 0.12023285550654753, "rmse": 0.3467460965988623, "f1": 0.9114995731712402}}