{"time": "2021-12-14T21:06:06.774323", "features": ["i", "rpfa_F", "s", "scA", "scW", "tcA", "tcW"], "seed": 888, "split_id": 1, "metrics_train": {"acc": 0.8456399243927406, "auc": 0.7723336016078537, "nll": 0.3804765514398165, "mse": 0.11701808761873875, "rmse": 0.3420790663263959, "f1": 0.9133145333488709}, "metrics_test": {"acc": 0.8454247215921674, "auc": 0.7728502738673603, "nll": 0.3799989867451366, "mse": 0.11692313139635625, "rmse": 0.34194024535926776, "f1": 0.9133145333488709}}