{"time": "2021-07-01T12:25:28.702540", "features": ["i", "s", "scA", "scA_TW", "scW", "scW_TW", "tcA", "tcW"], "seed": 888, "split_id": 3, "metrics_train": {"acc": 0.8445862154822622, "auc": 0.7698068645213672, "nll": 0.3826286688490302, "mse": 0.11784202352197314, "rmse": 0.34328126007979687, "f1": 0.9135663401171421}, "metrics_test": {"acc": 0.8456316128760742, "auc": 0.7708183333484663, "nll": 0.3807790262868298, "mse": 0.1171422195426644, "rmse": 0.34226045570977726, "f1": 0.9135663401171421}}