{"time": "2021-07-01T21:54:35.008496", "features": ["i", "s", "scA", "scW", "smA", "smW", "tcA", "tcW"], "seed": 888, "split_id": 0, "metrics_train": {"acc": 0.8428464210251306, "auc": 0.7636453621287492, "nll": 0.3863210008716382, "mse": 0.11920479524112475, "rmse": 0.34526047448430114, "f1": 0.9119249328386738}, "metrics_test": {"acc": 0.8422148624655452, "auc": 0.761576281542293, "nll": 0.38807389908851225, "mse": 0.11982379829062069, "rmse": 0.3461557428248457, "f1": 0.9119249328386738}}