{"time": "2021-07-01T15:59:05.042667", "features": ["i", "lag_time_cat", "s", "scA", "scW", "tcA", "tcW"], "seed": 888, "split_id": 3, "metrics_train": {"acc": 0.8431924763956681, "auc": 0.766574917895903, "nll": 0.38516970863491823, "mse": 0.11873473127740262, "rmse": 0.3445790638988426, "f1": 0.9130505491288639}, "metrics_test": {"acc": 0.8443891266922925, "auc": 0.7677179825926478, "nll": 0.38310750467213983, "mse": 0.11796225132982821, "rmse": 0.3434563310376273, "f1": 0.9130505491288639}}