{"time": "2021-07-01T22:10:44.674548", "features": ["i", "lag_time_cat", "s", "scA", "scW", "tcA", "tcW"], "seed": 888, "split_id": 0, "metrics_train": {"acc": 0.8435546229066705, "auc": 0.7671664079762063, "nll": 0.3844228019635218, "mse": 0.11846945404813182, "rmse": 0.34419391924921017, "f1": 0.9122823576790692}, "metrics_test": {"acc": 0.8429576147551316, "auc": 0.7651012313052405, "nll": 0.38614941899344535, "mse": 0.11907591805272638, "rmse": 0.3450737863888336, "f1": 0.9122823576790692}}