{"time": "2021-07-01T21:55:35.088090", "features": ["i", "s", "scA", "scW", "tcA", "tcW", "user_avg_correct"], "seed": 888, "split_id": 0, "metrics_train": {"acc": 0.8429247593218626, "auc": 0.764791831184677, "nll": 0.3856480539201541, "mse": 0.11902266453102528, "rmse": 0.34499661524575176, "f1": 0.911946154996818}, "metrics_test": {"acc": 0.8423308203936004, "auc": 0.7629807753263217, "nll": 0.387260825679172, "mse": 0.11959896102031037, "rmse": 0.34583082716887803, "f1": 0.911946154996818}}