{"time": "2021-07-01T10:24:31.926671", "features": ["hour", "i", "s", "scA", "scW", "tcA", "tcW"], "seed": 888, "split_id": 1, "metrics_train": {"acc": 0.8428311804227466, "auc": 0.7628966184470783, "nll": 0.3869115090129621, "mse": 0.11937519830175067, "rmse": 0.3455071609992341, "f1": 0.9121761608933953}, "metrics_test": {"acc": 0.8425229758966449, "auc": 0.7636581227591701, "nll": 0.3863405678786046, "mse": 0.11928220661829289, "rmse": 0.3453725620518991, "f1": 0.9121761608933953}}