{"time": "2021-07-01T14:55:52.047138", "features": ["i", "month", "s", "scA", "scW", "tcA", "tcW"], "seed": 888, "split_id": 3, "metrics_train": {"acc": 0.8423327064351541, "auc": 0.7620815731872984, "nll": 0.3877039277048825, "mse": 0.11967117935988068, "rmse": 0.3459352242254042, "f1": 0.9126813203968422}, "metrics_test": {"acc": 0.8435842048894722, "auc": 0.7633945731287197, "nll": 0.3855672878371661, "mse": 0.1188665290650143, "rmse": 0.34477025548184154, "f1": 0.9126813203968422}}