{"time": "2021-07-01T10:04:09.158049", "features": ["i", "s", "scA", "scW", "tcA", "tcA_TW", "tcW", "tcW_TW"], "seed": 888, "split_id": 2, "metrics_train": {"acc": 0.8439445827076197, "auc": 0.7672938560126316, "nll": 0.38397221648503976, "mse": 0.11835019178703167, "rmse": 0.34402062697901076, "f1": 0.9120676592402132}, "metrics_test": {"acc": 0.8427707442883879, "auc": 0.7658865397376509, "nll": 0.3863049157089443, "mse": 0.11918491455138534, "rmse": 0.34523168242701213, "f1": 0.9120676592402132}}