{"time": "2021-07-01T15:25:28.997081", "features": ["hour", "i", "s", "scA", "scW", "tcA", "tcW"], "seed": 888, "split_id": 3, "metrics_train": {"acc": 0.8425161876296103, "auc": 0.7627836105614595, "nll": 0.3872383174269341, "mse": 0.11951989888886934, "rmse": 0.3457165007471719, "f1": 0.9127958238620579}, "metrics_test": {"acc": 0.8438140982653571, "auc": 0.7642969923904167, "nll": 0.3850145413014474, "mse": 0.11868815929061734, "rmse": 0.34451147918555247, "f1": 0.9127958238620579}}