{"time": "2021-07-01T21:20:47.075584", "features": ["i", "post", "s", "scA", "scW", "tcA", "tcW"], "seed": 888, "split_id": 0, "metrics_train": {"acc": 0.8427209712212329, "auc": 0.7626497212545451, "nll": 0.3869676030853286, "mse": 0.11940327859732458, "rmse": 0.3455477949536425, "f1": 0.9119061431760122}, "metrics_test": {"acc": 0.8421445496180477, "auc": 0.7606243405004791, "nll": 0.388643685208902, "mse": 0.11999405543606306, "rmse": 0.34640158116853775, "f1": 0.9119061431760122}}