{"time": "2021-12-14T21:18:28.239623", "features": ["i", "rpfa_R", "s", "scA", "scW", "tcA", "tcW"], "seed": 888, "split_id": 2, "metrics_train": {"acc": 0.8474811756533156, "auc": 0.7791132029884361, "nll": 0.37598103423288076, "mse": 0.1154540862633284, "rmse": 0.33978535322071846, "f1": 0.9134373235920933}, "metrics_test": {"acc": 0.846222588137684, "auc": 0.7781531726578396, "nll": 0.3781082751149574, "mse": 0.1162343203117274, "rmse": 0.34093154783875224, "f1": 0.9134373235920933}}