{"time": "2021-07-01T20:38:43.218386", "features": ["i", "resp_time_cat", "s", "scA", "scW", "tcA", "tcW"], "seed": 888, "split_id": 0, "metrics_train": {"acc": 0.8440236167272194, "auc": 0.7769480242241968, "nll": 0.3795557103093268, "mse": 0.11721202176624892, "rmse": 0.3423624128993265, "f1": 0.9123195577033133}, "metrics_test": {"acc": 0.8433808514808138, "auc": 0.7746280779750405, "nll": 0.3815536155920426, "mse": 0.11790968507590117, "rmse": 0.3433797971283418, "f1": 0.9123195577033133}}