{"time": "2021-07-01T19:07:33.821980", "features": ["i", "n_gram", "s", "scA", "scW", "tcA", "tcW"], "seed": 888, "split_id": 4, "metrics_train": {"acc": 0.847148644070409, "auc": 0.7766566261597191, "nll": 0.37742111115669996, "mse": 0.11589850534039312, "rmse": 0.3404386954216473, "f1": 0.9144145031923071}, "metrics_test": {"acc": 0.8477048645352041, "auc": 0.7767918242640967, "nll": 0.37681618539607825, "mse": 0.1156257188447145, "rmse": 0.34003781972703345, "f1": 0.9144145031923071}}