{"time": "2021-07-01T12:48:45.784736", "features": ["hour", "i", "s", "scA", "scW", "tcA", "tcW"], "seed": 888, "split_id": 2, "metrics_train": {"acc": 0.8430361338439822, "auc": 0.7634453088426716, "nll": 0.3862663128889745, "mse": 0.11916547228616775, "rmse": 0.3452035229921151, "f1": 0.9115533778976371}, "metrics_test": {"acc": 0.8415517197749965, "auc": 0.7615494631409013, "nll": 0.38896512913982373, "mse": 0.12014842601309084, "rmse": 0.3466243298054694, "f1": 0.9115533778976371}}