{"time": "2021-07-01T14:10:35.072644", "features": ["i", "s", "scA", "scW", "smA", "smW", "tcA", "tcW"], "seed": 888, "split_id": 2, "metrics_train": {"acc": 0.8430022624704986, "auc": 0.7636398101466884, "nll": 0.3861363629072346, "mse": 0.1191323417904392, "rmse": 0.3451555327536257, "f1": 0.9114598720047891}, "metrics_test": {"acc": 0.8414520937114633, "auc": 0.7618649672352329, "nll": 0.3887903878810315, "mse": 0.12011403304814035, "rmse": 0.3465747149578866, "f1": 0.9114598720047891}}