{"time": "2021-07-01T10:55:50.747573", "features": ["i", "part_of_day", "s", "scA", "scW", "tcA", "tcW"], "seed": 888, "split_id": 1, "metrics_train": {"acc": 0.842805760587817, "auc": 0.762792783132503, "nll": 0.386980366081271, "mse": 0.11939867158660333, "rmse": 0.3455411286469432, "f1": 0.9121681142195935}, "metrics_test": {"acc": 0.8425061802222732, "auc": 0.7635531923826371, "nll": 0.38640952471666856, "mse": 0.1193055638502743, "rmse": 0.3454063749415669, "f1": 0.9121681142195935}}