{"time": "2021-07-01T11:42:00.448906", "features": ["i", "precA", "precW", "s", "scA", "scW", "tcA", "tcW"], "seed": 888, "split_id": 1, "metrics_train": {"acc": 0.8492770791072652, "auc": 0.7826259580877718, "nll": 0.37335609294487154, "mse": 0.11425716491016813, "rmse": 0.3380194741581735, "f1": 0.9151678747657379}, "metrics_test": {"acc": 0.8492285512402824, "auc": 0.782921197178537, "nll": 0.37296109362529617, "mse": 0.1141582861110312, "rmse": 0.33787318051457, "f1": 0.9151678747657379}}