{"time": "2021-07-01T14:14:17.228869", "features": ["i", "n_gram", "s", "scA", "scW", "tcA", "tcW"], "seed": 888, "split_id": 2, "metrics_train": {"acc": 0.8474779894893844, "auc": 0.7769500910610497, "nll": 0.37685316936983165, "mse": 0.1156852137877312, "rmse": 0.3401252913085576, "f1": 0.9136209108456701}, "metrics_test": {"acc": 0.846321815696963, "auc": 0.7757367981046647, "nll": 0.379079460981372, "mse": 0.1164905686639696, "rmse": 0.34130714710355775, "f1": 0.9136209108456701}}