{"time": "2021-07-01T11:48:33.457864", "features": ["i", "n_gram", "s", "scA", "scW", "tcA", "tcW"], "seed": 888, "split_id": 1, "metrics_train": {"acc": 0.8472903416598236, "auc": 0.776581790236882, "nll": 0.3773980979343465, "mse": 0.1158676804188373, "rmse": 0.34039342005808115, "f1": 0.9142056009376095}, "metrics_test": {"acc": 0.8472146327039903, "auc": 0.7771214370677744, "nll": 0.3768720421952311, "mse": 0.1157383424269969, "rmse": 0.3402033839146767, "f1": 0.9142056009376095}}