{"time": "2021-07-01T15:15:40.056731", "features": ["day", "i", "s", "scA", "scW", "tcA", "tcW"], "seed": 888, "split_id": 3, "metrics_train": {"acc": 0.8424234880714356, "auc": 0.7624295076021422, "nll": 0.3874643698395481, "mse": 0.1195900299380552, "rmse": 0.3458179144261546, "f1": 0.9127517810122633}, "metrics_test": {"acc": 0.8437214722772974, "auc": 0.7637313627469992, "nll": 0.3853310352823435, "mse": 0.11879005866556548, "rmse": 0.34465933712227426, "f1": 0.9127517810122633}}