{"time": "2021-07-01T10:48:20.104176", "features": ["i", "s", "scA", "scA_TW", "scW", "scW_TW", "tcA", "tcW"], "seed": 888, "split_id": 2, "metrics_train": {"acc": 0.8449884680472854, "auc": 0.7702935962459138, "nll": 0.381819885667403, "mse": 0.11755051200570718, "rmse": 0.34285640143609275, "f1": 0.9125307700748818}, "metrics_test": {"acc": 0.8438765935936058, "auc": 0.7689617395034689, "nll": 0.38406276832521874, "mse": 0.1183366590255066, "rmse": 0.34400095788457713, "f1": 0.9125307700748818}}