{"time": "2021-07-01T20:37:53.657543", "features": ["i", "month", "s", "scA", "scW", "tcA", "tcW"], "seed": 888, "split_id": 0, "metrics_train": {"acc": 0.8427342907049342, "auc": 0.7626917736173998, "nll": 0.3869386925775334, "mse": 0.11939251731414893, "rmse": 0.34553222326455885, "f1": 0.9119038606705542}, "metrics_test": {"acc": 0.8421406649303408, "auc": 0.7606539448033741, "nll": 0.38862235915697374, "mse": 0.11998789103228105, "rmse": 0.3463926832834104, "f1": 0.9119038606705542}}