{"time": "2021-07-01T13:33:20.336266", "features": ["i", "s", "scA", "scA_TW", "scW", "scW_TW", "tcA", "tcW"], "seed": 888, "split_id": 4, "metrics_train": {"acc": 0.8446444371775742, "auc": 0.769922481526002, "nll": 0.38243682015850444, "mse": 0.11778027746562846, "rmse": 0.3431913132141145, "f1": 0.9133814790939817}, "metrics_test": {"acc": 0.845394165236597, "auc": 0.770237116730597, "nll": 0.38160443604806205, "mse": 0.11740379226368097, "rmse": 0.34264236787601293, "f1": 0.9133814790939817}}