{"time": "2021-12-14T21:05:46.528183", "features": ["i", "ppe", "s", "scA", "scW", "tcA", "tcW"], "seed": 888, "split_id": 2, "metrics_train": {"acc": 0.8437167474775875, "auc": 0.7679980885274627, "nll": 0.3840135757114299, "mse": 0.11843749174801062, "rmse": 0.34414748545937485, "f1": 0.9118232224414775}, "metrics_test": {"acc": 0.8422909451664123, "auc": 0.7664315705667972, "nll": 0.3865315553627046, "mse": 0.11934577571127294, "rmse": 0.3454645795320744, "f1": 0.9118232224414775}}