{"time": "2021-07-01T12:47:07.462555", "features": ["i", "s", "scA", "scW", "tcA", "tcA_TW", "tcW", "tcW_TW"], "seed": 888, "split_id": 4, "metrics_train": {"acc": 0.8435823691504408, "auc": 0.7668854231728431, "nll": 0.3846232977214544, "mse": 0.1185945487930802, "rmse": 0.34437559262102213, "f1": 0.9129509338409454}, "metrics_test": {"acc": 0.8443699837347535, "auc": 0.7673532452959816, "nll": 0.3837189868167633, "mse": 0.11819324683115476, "rmse": 0.34379244731546205, "f1": 0.9129509338409454}}