{"time": "2021-07-01T14:49:48.248809", "features": ["i", "prev_resp_time_cat", "s", "scA", "scW", "tcA", "tcW"], "seed": 888, "split_id": 3, "metrics_train": {"acc": 0.8424178326607247, "auc": 0.7642653184724114, "nll": 0.38673458391826093, "mse": 0.11937641159786357, "rmse": 0.34550891681382634, "f1": 0.9127026645524394}, "metrics_test": {"acc": 0.8437151792165375, "auc": 0.7654238518529558, "nll": 0.38471821618633395, "mse": 0.11861198746454449, "rmse": 0.3444009109519667, "f1": 0.9127026645524394}}