{"time": "2021-07-01T11:54:52.059903", "features": ["i", "icA", "icW", "s", "scA", "scW", "tcA", "tcW"], "seed": 888, "split_id": 4, "metrics_train": {"acc": 0.8472386182208798, "auc": 0.7777602748266939, "nll": 0.3772745257515379, "mse": 0.1156529383720177, "rmse": 0.34007784163631966, "f1": 0.9146275039347707}, "metrics_test": {"acc": 0.8480728090213568, "auc": 0.7777366167670369, "nll": 0.3763844539975427, "mse": 0.11525820273382271, "rmse": 0.339496984867057, "f1": 0.9146275039347707}}