{"time": "2021-07-01T18:27:58.477431", "features": ["i", "icA_TW", "icW_TW", "s", "scA", "scA_TW", "scW", "scW_TW", "tcA", "tcA_TW", "tcW", "tcW_TW"], "seed": 888, "split_id": 0, "metrics_train": {"acc": 0.8485495772889188, "auc": 0.7845750370547309, "nll": 0.3730667316900187, "mse": 0.11423560609276216, "rmse": 0.3379875827493699, "f1": 0.9143250965050137}, "metrics_test": {"acc": 0.8477124725085506, "auc": 0.7827058488276306, "nll": 0.37492117254751, "mse": 0.11493657274311882, "rmse": 0.3390229678696103, "f1": 0.9143250965050137}}