{"time": "2021-07-01T17:47:43.448963", "features": ["i", "partcA", "partcW", "s", "scA", "scW", "tcA", "tcW"], "seed": 888, "split_id": 0, "metrics_train": {"acc": 0.8427890485823728, "auc": 0.7629100889571142, "nll": 0.3868014185300278, "mse": 0.11934148049750051, "rmse": 0.34545836289993115, "f1": 0.9119330056489139}, "metrics_test": {"acc": 0.8421981583084049, "auc": 0.7608930498630511, "nll": 0.3884786548778353, "mse": 0.11993533374852745, "rmse": 0.34631681124156743, "f1": 0.9119330056489139}}