{"time": "2021-12-14T21:00:41.033890", "features": ["i", "rpfa_F", "s", "scA", "scW", "tcA", "tcW"], "seed": 888, "split_id": 2, "metrics_train": {"acc": 0.845799420294629, "auc": 0.7727181307641479, "nll": 0.3799450272492676, "mse": 0.11684858375648752, "rmse": 0.3418312211552472, "f1": 0.912798966846274}, "metrics_test": {"acc": 0.8446473008210981, "auc": 0.7714239558562584, "nll": 0.382162666277046, "mse": 0.1176331966446827, "rmse": 0.34297696226522667, "f1": 0.912798966846274}}