{"time": "2021-12-14T21:20:08.904019", "features": ["i", "rpfa_F", "rpfa_R", "s", "scA", "scW", "tcA", "tcW"], "seed": 888, "split_id": 1, "metrics_train": {"acc": 0.8477799690616963, "auc": 0.7795101546728872, "nll": 0.37574318500832643, "mse": 0.11535254081967167, "rmse": 0.3396358944806507, "f1": 0.9142215323817476}, "metrics_test": {"acc": 0.8476122605298136, "auc": 0.7798781674948292, "nll": 0.3752788432427729, "mse": 0.11524733750654358, "rmse": 0.3394809825403237, "f1": 0.9142215323817476}}