{"time": "2021-07-01T20:47:30.810548", "features": ["i", "prev_resp_time_cat", "s", "scA", "scW", "tcA", "tcW"], "seed": 888, "split_id": 0, "metrics_train": {"acc": 0.8428217553145727, "auc": 0.7648328330065666, "nll": 0.385998836085759, "mse": 0.1191068794449223, "rmse": 0.34511864546112586, "f1": 0.9118910335001321}, "metrics_test": {"acc": 0.8421956332613953, "auc": 0.7628829988194022, "nll": 0.3876613111905691, "mse": 0.11969357188747658, "rmse": 0.3459675879146435, "f1": 0.9118910335001321}}