{"time": "2021-07-01T17:46:04.633354", "features": ["i", "part", "s", "scA", "scW", "tcA", "tcW"], "seed": 888, "split_id": 0, "metrics_train": {"acc": 0.8427217605239707, "auc": 0.7626496641407517, "nll": 0.3869671916279573, "mse": 0.11940314679980026, "rmse": 0.3455476042454936, "f1": 0.9119063813781669}, "metrics_test": {"acc": 0.8421439669148917, "auc": 0.7606214656607773, "nll": 0.3886450030733805, "mse": 0.11999451009733134, "rmse": 0.34640223743118537, "f1": 0.9119063813781669}}