{"time": "2021-07-01T13:03:19.305453", "features": ["i", "part_of_day", "s", "scA", "scW", "tcA", "tcW"], "seed": 888, "split_id": 2, "metrics_train": {"acc": 0.843016918824582, "auc": 0.76333646084093, "nll": 0.3863389443394276, "mse": 0.11919029397610688, "rmse": 0.3452394733747966, "f1": 0.9115318223569767}, "metrics_test": {"acc": 0.8415027037517382, "auc": 0.7614649978289376, "nll": 0.3890317955154022, "mse": 0.12017250473569029, "rmse": 0.3466590612340752, "f1": 0.9115318223569767}}