{"time": "2021-07-01T17:08:32.057329", "features": ["i", "prev_resp_time_cat", "s", "scA", "scW", "tcA", "tcW"], "seed": 888, "split_id": 4, "metrics_train": {"acc": 0.8425484763346387, "auc": 0.7643440681853856, "nll": 0.38650306093985526, "mse": 0.11930009623450033, "rmse": 0.345398460092833, "f1": 0.9124941323476784}, "metrics_test": {"acc": 0.8433162794927715, "auc": 0.7647733396671096, "nll": 0.38570610817855006, "mse": 0.11892923260935279, "rmse": 0.3448611787507443, "f1": 0.9124941323476784}}