{"time": "2021-07-01T21:55:21.634035", "features": ["i", "rt", "s", "scA", "scW", "tcA", "tcW"], "seed": 888, "split_id": 0, "metrics_train": {"acc": 0.8428468650079206, "auc": 0.7645591463426026, "nll": 0.38591563390377676, "mse": 0.1190842031634335, "rmse": 0.34508579101932535, "f1": 0.9119164735222076}, "metrics_test": {"acc": 0.8422601190773323, "auc": 0.7625689319277046, "nll": 0.38760647276405874, "mse": 0.11968885987119572, "rmse": 0.34596077793760915, "f1": 0.9119164735222076}}