{"time": "2021-07-01T12:57:06.791054", "features": ["i", "icA_TW", "icW_TW", "s", "scA", "scA_TW", "scW", "scW_TW", "tcA", "tcA_TW", "tcW", "tcW_TW"], "seed": 888, "split_id": 3, "metrics_train": {"acc": 0.8482043013676898, "auc": 0.7841073075867929, "nll": 0.3737347904650527, "mse": 0.11449034761032482, "rmse": 0.33836422330134847, "f1": 0.9150936873018621}, "metrics_test": {"acc": 0.8490737204535881, "auc": 0.7847906494582617, "nll": 0.3721789409055881, "mse": 0.11390919689437652, "rmse": 0.3375043657412101, "f1": 0.9150936873018621}}