{"time": "2021-07-01T12:01:29.372985", "features": ["i", "resp_time_cat", "s", "scA", "scW", "tcA", "tcW"], "seed": 888, "split_id": 2, "metrics_train": {"acc": 0.8441598203356472, "auc": 0.7768235239554969, "nll": 0.3794784375053028, "mse": 0.11717343540174945, "rmse": 0.34230605516372253, "f1": 0.9119433952748766}, "metrics_test": {"acc": 0.8427462362767588, "auc": 0.7751151172827984, "nll": 0.3819065909692444, "mse": 0.11809081725259903, "rmse": 0.34364344494344573, "f1": 0.9119433952748766}}