{"time": "2021-07-01T12:04:43.025097", "features": ["i", "prev_resp_time_cat", "s", "scA", "scW", "tcA", "tcW"], "seed": 888, "split_id": 2, "metrics_train": {"acc": 0.8429613815363662, "auc": 0.7648170099945378, "nll": 0.385813473967467, "mse": 0.11903460883027675, "rmse": 0.34501392555993554, "f1": 0.9114823261523453}, "metrics_test": {"acc": 0.8414921433890037, "auc": 0.7630876681540114, "nll": 0.3884564219486398, "mse": 0.12000074426815495, "rmse": 0.3464112357706588, "f1": 0.9114823261523453}}