{"time": "2021-07-01T13:06:01.321082", "features": ["i", "pre", "s", "scA", "scW", "tcA", "tcW"], "seed": 888, "split_id": 2, "metrics_train": {"acc": 0.8428496697271487, "auc": 0.7626598883902257, "nll": 0.38677533535435016, "mse": 0.11933253659450012, "rmse": 0.34544541767767034, "f1": 0.9114549017601536}, "metrics_test": {"acc": 0.8413690055744768, "auc": 0.7607854403771699, "nll": 0.38947925938780553, "mse": 0.12031097913726414, "rmse": 0.34685873080731894, "f1": 0.9114549017601536}}