{"time": "2021-07-01T17:36:08.898912", "features": ["i", "s", "scA", "scW", "tcA", "tcW", "week"], "seed": 888, "split_id": 4, "metrics_train": {"acc": 0.8424505502952556, "auc": 0.7622935621610333, "nll": 0.38739010297512777, "mse": 0.11957034040142743, "rmse": 0.3457894451851118, "f1": 0.9124820888499233}, "metrics_test": {"acc": 0.8432318721954635, "auc": 0.7626627761859177, "nll": 0.386648754639875, "mse": 0.11922273553435217, "rmse": 0.3452864543163432, "f1": 0.9124820888499233}}