{"time": "2021-12-14T21:36:51.032501", "features": ["i", "rpfa_F", "rpfa_R", "s", "scA", "scW", "tcA", "tcW"], "seed": 888, "split_id": 4, "metrics_train": {"acc": 0.847621241517617, "auc": 0.779501917253993, "nll": 0.3758161974702904, "mse": 0.11539962206473123, "rmse": 0.3397051987602357, "f1": 0.9145131408377706}, "metrics_test": {"acc": 0.848260446839551, "auc": 0.7799108745005875, "nll": 0.37500860027185967, "mse": 0.1150583172113484, "rmse": 0.33920247229545425, "f1": 0.9145131408377706}}