{"time": "2021-12-14T21:19:58.522405", "features": ["i", "rpfa_F", "rpfa_R", "s", "scA", "scW", "tcA", "tcW"], "seed": 888, "split_id": 0, "metrics_train": {"acc": 0.8479218842866401, "auc": 0.7798309632938495, "nll": 0.3753356081723824, "mse": 0.11521438360807948, "rmse": 0.33943244336403594, "f1": 0.9139177263319787}, "metrics_test": {"acc": 0.8471017996010037, "auc": 0.7785644800292569, "nll": 0.3768950479876542, "mse": 0.11579533019018486, "rmse": 0.340287129039852, "f1": 0.9139177263319787}}