{"time": "2021-07-01T14:23:33.512958", "features": ["i", "postcA", "postcW", "s", "scA", "scW", "tcA", "tcW"], "seed": 888, "split_id": 2, "metrics_train": {"acc": 0.8486758400737857, "auc": 0.7810899268167014, "nll": 0.3742442482127026, "mse": 0.11463842635647792, "rmse": 0.338582968202002, "f1": 0.9141744278924677}, "metrics_test": {"acc": 0.8474141158575403, "auc": 0.7794042149066648, "nll": 0.3768094495297131, "mse": 0.11554983253266438, "rmse": 0.3399262163068103, "f1": 0.9141744278924677}}