{"time": "2021-12-14T21:16:53.708461", "features": ["i", "rpfa_R", "s", "scA", "scW", "tcA", "tcW"], "seed": 888, "split_id": 1, "metrics_train": {"acc": 0.8472804397473801, "auc": 0.7787935264555871, "nll": 0.3765036005822809, "mse": 0.11562802185514882, "rmse": 0.34004120611353683, "f1": 0.914034134075764}, "metrics_test": {"acc": 0.8471443252298761, "auc": 0.7792355764754348, "nll": 0.3759880495313768, "mse": 0.11550759311506036, "rmse": 0.3398640803542798, "f1": 0.914034134075764}}