{"time": "2021-07-01T16:54:50.983144", "features": ["i", "n_gram", "s", "scA", "scW", "tcA", "tcW"], "seed": 888, "split_id": 3, "metrics_train": {"acc": 0.8470460240766079, "auc": 0.7764895068432277, "nll": 0.377667513924675, "mse": 0.11597868064118715, "rmse": 0.34055642798394975, "f1": 0.9146540454465588}, "metrics_test": {"acc": 0.8481165852436379, "auc": 0.7775091506088824, "nll": 0.3757726916621643, "mse": 0.11528271181508007, "rmse": 0.33953307911760244, "f1": 0.9146540454465588}}