{"time": "2021-07-01T17:46:50.825670", "features": ["i", "s", "scA", "scW", "sm", "tcA", "tcW"], "seed": 888, "split_id": 0, "metrics_train": {"acc": 0.8458551443989893, "auc": 0.8245098337742608, "nll": 0.3472445272358935, "mse": 0.11104520493252619, "rmse": 0.3332344594013743, "f1": 0.9128729017792022}, "metrics_test": {"acc": 0.8450063990518254, "auc": 0.8223389587968782, "nll": 0.3492138015885536, "mse": 0.11175044485146861, "rmse": 0.3342909583752881, "f1": 0.9128729017792022}}