{"time": "2021-07-01T12:55:44.157811", "features": ["i", "icA_TW", "icW_TW", "s", "scA", "scW", "tcA", "tcW"], "seed": 888, "split_id": 4, "metrics_train": {"acc": 0.8476732233099512, "auc": 0.7827145111849685, "nll": 0.37472354618725257, "mse": 0.11486749884751876, "rmse": 0.338921080559352, "f1": 0.9147842710101391}, "metrics_test": {"acc": 0.8485065357204351, "auc": 0.7833811602764926, "nll": 0.37356000408285417, "mse": 0.11438676756178916, "rmse": 0.3382111286782106, "f1": 0.9147842710101391}}