{"time": "2021-07-01T19:33:27.831818", "features": ["i", "precA", "precW", "s", "scA", "scW", "tcA", "tcW"], "seed": 888, "split_id": 4, "metrics_train": {"acc": 0.8491116807456005, "auc": 0.7826780672008272, "nll": 0.3734019329401629, "mse": 0.11429827812796345, "rmse": 0.33808028355401537, "f1": 0.9155502539033105}, "metrics_test": {"acc": 0.8499075779722316, "auc": 0.7819159253429644, "nll": 0.373095109348562, "mse": 0.1140565601496358, "rmse": 0.33772260828916356, "f1": 0.9155502539033105}}