{"time": "2021-07-01T12:05:39.389721", "features": ["i", "part", "s", "scA", "scW", "tcA", "tcW"], "seed": 888, "split_id": 4, "metrics_train": {"acc": 0.8424348919461011, "auc": 0.7621437373510587, "nll": 0.38747379335353627, "mse": 0.11959920319069926, "rmse": 0.3458311772971015, "f1": 0.9124697810074296}, "metrics_test": {"acc": 0.8432061141000409, "auc": 0.7625803568873828, "nll": 0.3867014283446628, "mse": 0.1192415302238374, "rmse": 0.3453136693266535, "f1": 0.9124697810074296}}