{"time": "2021-12-14T21:00:39.244842", "features": ["i", "ppe", "s", "scA", "scW", "tcA", "tcW"], "seed": 888, "split_id": 1, "metrics_train": {"acc": 0.843523772398089, "auc": 0.7675568031290811, "nll": 0.38460357794611433, "mse": 0.11862284332167487, "rmse": 0.3444166710855833, "f1": 0.912418854389375}, "metrics_test": {"acc": 0.843171562345348, "auc": 0.7680681209373855, "nll": 0.38415046710625306, "mse": 0.1185811908323864, "rmse": 0.344356197609955, "f1": 0.912418854389375}}