{"time": "2021-07-01T18:14:56.346567", "features": ["i", "part_of_day", "s", "scA", "scW", "tcA", "tcW"], "seed": 888, "split_id": 4, "metrics_train": {"acc": 0.8425864686927752, "auc": 0.762817411169282, "nll": 0.38703894796645005, "mse": 0.11945762122573597, "rmse": 0.34562641858766524, "f1": 0.9125681439919778}, "metrics_test": {"acc": 0.843412178863422, "auc": 0.7633527688407381, "nll": 0.38624001174657185, "mse": 0.1190917666483953, "rmse": 0.3450967496925975, "f1": 0.9125681439919778}}