{"time": "2021-12-14T21:11:10.316316", "features": ["i", "rpfa_R", "s", "scA", "scW", "tcA", "tcW"], "seed": 888, "split_id": 0, "metrics_train": {"acc": 0.8474178158256778, "auc": 0.77913452516673, "nll": 0.3760913344001006, "mse": 0.115488734795203, "rmse": 0.33983633530745794, "f1": 0.9137269136740283}, "metrics_test": {"acc": 0.8466406871701778, "auc": 0.7778189665612701, "nll": 0.37765061820815116, "mse": 0.11606647402128127, "rmse": 0.3406853005653183, "f1": 0.9137269136740283}}