{"time": "2021-07-01T09:59:51.617357", "features": ["i", "partcA", "partcW", "s", "scA", "scW", "tcA", "tcW"], "seed": 888, "split_id": 2, "metrics_train": {"acc": 0.8429269709659096, "auc": 0.7629218097822669, "nll": 0.3866007619789106, "mse": 0.11926828770265152, "rmse": 0.3453524108829292, "f1": 0.9115077113632953}, "metrics_test": {"acc": 0.8414736129411865, "auc": 0.761078057408827, "nll": 0.3892882625960589, "mse": 0.12023764713956732, "rmse": 0.3467530059560657, "f1": 0.9115077113632953}}