{"time": "2021-07-01T08:58:25.197082", "features": ["i", "icA_TW", "icW_TW", "s", "scA", "scW", "tcA", "tcW"], "seed": 888, "split_id": 1, "metrics_train": {"acc": 0.8477664709322956, "auc": 0.7826999340697067, "nll": 0.37463730864112194, "mse": 0.11481387868370403, "rmse": 0.33884196712288167, "f1": 0.9145219831388273}, "metrics_test": {"acc": 0.8479530564807282, "auc": 0.7835353788057962, "nll": 0.373883044654392, "mse": 0.11460960721860307, "rmse": 0.3385404070692346, "f1": 0.9145219831388273}}