{"time": "2021-07-01T17:48:46.319458", "features": ["i", "s", "scA", "scW", "tcA", "tcA_TW", "tcW", "tcW_TW"], "seed": 888, "split_id": 0, "metrics_train": {"acc": 0.8439201687371393, "auc": 0.7673353059864932, "nll": 0.38409089911538213, "mse": 0.11838855060587138, "rmse": 0.34407637321657436, "f1": 0.9123047390910057}, "metrics_test": {"acc": 0.8431081464037795, "auc": 0.7653759027992475, "nll": 0.38587752927491636, "mse": 0.11904052760208236, "rmse": 0.34502250303724014, "f1": 0.9123047390910057}}