{"time": "2021-07-01T12:11:44.181175", "features": ["i", "icA_TW", "icW_TW", "s", "scA", "scA_TW", "scW", "scW_TW", "tcA", "tcA_TW", "tcW", "tcW_TW"], "seed": 888, "split_id": 2, "metrics_train": {"acc": 0.8486375080707983, "auc": 0.7845709057434525, "nll": 0.3729482720948517, "mse": 0.11421115907276921, "rmse": 0.33795141525486944, "f1": 0.9141074660110662}, "metrics_test": {"acc": 0.847437029852153, "auc": 0.7830324448076412, "nll": 0.37535231209259995, "mse": 0.11502000060057135, "rmse": 0.33914598715091904, "f1": 0.9141074660110662}}