{"time": "2021-07-01T18:46:31.298030", "features": ["i", "rc", "s", "scA", "scW", "tcA", "tcW"], "seed": 888, "split_id": 4, "metrics_train": {"acc": 0.8430727610597767, "auc": 0.7659498254004563, "nll": 0.3851202062848685, "mse": 0.11881086336468931, "rmse": 0.3446895173408807, "f1": 0.912605566555332}, "metrics_test": {"acc": 0.8437044341768714, "auc": 0.766820009868351, "nll": 0.38409366034930026, "mse": 0.1183675209445618, "rmse": 0.344045812275868, "f1": 0.912605566555332}}