{"time": "2021-07-01T21:56:56.344566", "features": ["i", "rc", "s", "scA", "scW", "tcA", "tcW"], "seed": 888, "split_id": 0, "metrics_train": {"acc": 0.8432902558209103, "auc": 0.766464638865294, "nll": 0.3845995530749629, "mse": 0.11861066728912566, "rmse": 0.3443989943207234, "f1": 0.9121751325275997}, "metrics_test": {"acc": 0.8428070831064838, "auc": 0.7647705801479546, "nll": 0.3861431702137797, "mse": 0.11917241071023431, "rmse": 0.3452135726043145, "f1": 0.9121751325275997}}