{"time": "2021-07-01T11:38:19.278338", "features": ["i", "s", "scA", "scW", "sm", "tcA", "tcW"], "seed": 888, "split_id": 4, "metrics_train": {"acc": 0.8454674085942641, "auc": 0.823865181227856, "nll": 0.34788454248034295, "mse": 0.11128621742943097, "rmse": 0.3335958894072752, "f1": 0.9136566343958444}, "metrics_test": {"acc": 0.8464771940795216, "auc": 0.8249941699305655, "nll": 0.3466985642091321, "mse": 0.11077617172087592, "rmse": 0.33283054505389964, "f1": 0.9136566343958444}}