{"time": "2021-07-01T17:25:08.001839", "features": ["i", "postcA", "postcW", "s", "scA", "scW", "tcA", "tcW"], "seed": 888, "split_id": 3, "metrics_train": {"acc": 0.8482850999746293, "auc": 0.780689089877336, "nll": 0.3750326964951903, "mse": 0.1149216072968403, "rmse": 0.3390008957168702, "f1": 0.915208076944389}, "metrics_test": {"acc": 0.8492338001866679, "auc": 0.7813363230894729, "nll": 0.3735150196979619, "mse": 0.11434465708760422, "rmse": 0.33814886823351076, "f1": 0.915208076944389}}