{"time": "2021-07-01T12:27:56.880832", "features": ["day", "i", "s", "scA", "scW", "tcA", "tcW"], "seed": 888, "split_id": 2, "metrics_train": {"acc": 0.8429607933214867, "auc": 0.7630533636947724, "nll": 0.3865098185769741, "mse": 0.11924265833255751, "rmse": 0.345315302777849, "f1": 0.9114824754909595}, "metrics_test": {"acc": 0.8414379468104417, "auc": 0.7612037685766294, "nll": 0.38921053247981297, "mse": 0.12022465586420325, "rmse": 0.3467342726991424, "f1": 0.9114824754909595}}