{"time": "2021-12-14T21:32:01.654420", "features": ["i", "rpfa_F", "s", "scA", "scW", "tcA", "tcW"], "seed": 888, "split_id": 4, "metrics_train": {"acc": 0.8454854721443859, "auc": 0.7724165998086228, "nll": 0.3805017466549576, "mse": 0.11705495280274394, "rmse": 0.3421329460936844, "f1": 0.9136456159723069}, "metrics_test": {"acc": 0.8461312430440758, "auc": 0.7724029314485878, "nll": 0.37996756210793886, "mse": 0.11679063341689247, "rmse": 0.3417464460925563, "f1": 0.9136456159723069}}