{"time": "2021-07-01T18:04:15.308599", "features": ["hour", "i", "s", "scA", "scW", "tcA", "tcW"], "seed": 888, "split_id": 4, "metrics_train": {"acc": 0.8426132204178197, "auc": 0.762930059816505, "nll": 0.38696112270948674, "mse": 0.11943125077338455, "rmse": 0.3455882677021669, "f1": 0.9125724580120783}, "metrics_test": {"acc": 0.84341851931768, "auc": 0.7634244944008667, "nll": 0.38619467895212195, "mse": 0.11907848109310801, "rmse": 0.3450775001258529, "f1": 0.9125724580120783}}