{"time": "2021-07-01T18:09:26.295864", "features": ["i", "s", "scA", "scA_TW", "scW", "scW_TW", "tcA", "tcW"], "seed": 888, "split_id": 0, "metrics_train": {"acc": 0.8449750225148606, "auc": 0.7703337234886277, "nll": 0.38190245796202926, "mse": 0.11756672471260526, "rmse": 0.34288004420293294, "f1": 0.9127070352194394}, "metrics_test": {"acc": 0.8441084534883427, "auc": 0.7684023254265211, "nll": 0.38374225823199687, "mse": 0.11826062258046796, "rmse": 0.34389042234477535, "f1": 0.9127070352194394}}