{"time": "2021-07-01T10:55:40.779008", "features": ["i", "icA", "icW", "s", "scA", "scW", "tcA", "tcW"], "seed": 888, "split_id": 3, "metrics_train": {"acc": 0.8471973431962385, "auc": 0.7775656406072099, "nll": 0.37746271324453023, "mse": 0.11571164200946056, "rmse": 0.3401641398052719, "f1": 0.9146815319523173}, "metrics_test": {"acc": 0.8481360544003638, "auc": 0.7788371392042281, "nll": 0.3755488143103013, "mse": 0.11502142761749955, "rmse": 0.33914809098312726, "f1": 0.9146815319523173}}