{"time": "2021-07-01T17:06:38.223427", "features": ["i", "resp_time_cat", "s", "scA", "scW", "tcA", "tcW"], "seed": 888, "split_id": 4, "metrics_train": {"acc": 0.8437813627161846, "auc": 0.7762624042435842, "nll": 0.38019831752113725, "mse": 0.11744489248756812, "rmse": 0.3427023380246597, "f1": 0.91282256688203}, "metrics_test": {"acc": 0.8442334658290134, "auc": 0.7773767306435245, "nll": 0.37907411015334547, "mse": 0.11700657278663149, "rmse": 0.34206223525351565, "f1": 0.91282256688203}}