{"time": "2021-07-01T09:37:58.128284", "features": ["i", "prev_resp_time_cat", "s", "scA", "scW", "tcA", "tcW"], "seed": 888, "split_id": 1, "metrics_train": {"acc": 0.8427432455286584, "auc": 0.7643286664698875, "nll": 0.3864393485693015, "mse": 0.11923955158913144, "rmse": 0.34531080433304057, "f1": 0.9121148273605315}, "metrics_test": {"acc": 0.8424602850655598, "auc": 0.7649593386782153, "nll": 0.3859205956694727, "mse": 0.1191681114838325, "rmse": 0.3452073456400262, "f1": 0.9121148273605315}}