{"time": "2021-05-19T04:10:58.818660", "features": ["hour"], "seed": 888, "split_id": 4, "metrics_train": {"acc": 0.6617488421562829, "auc": 0.5065210002013965, "nll": 0.639796989406182, "mse": 0.22380511824931237, "rmse": 0.47308045642291374, "f1": 0.796917446758321}, "metrics_test": {"acc": 0.6623963123819266, "auc": 0.5067159021880873, "nll": 0.6393523790315649, "mse": 0.22359113273308664, "rmse": 0.4728542404727768, "f1": 0.796917446758321}}