{"time": "2021-05-19T00:58:55.075447", "features": ["i"], "seed": 888, "split_id": 1, "metrics_train": {"acc": 0.6946358143043195, "auc": 0.7047236689755934, "nll": 0.5780402987182307, "mse": 0.1975688045976972, "rmse": 0.44448712534526486, "f1": 0.7953004231212559}, "metrics_test": {"acc": 0.6931679120193387, "auc": 0.7015868029801662, "nll": 0.58039523161551, "mse": 0.19847284033036003, "rmse": 0.44550290720752883, "f1": 0.7953004231212559}}