{"time": "2021-05-19T03:35:19.974852", "features": ["rt"], "seed": 888, "split_id": 3, "metrics_train": {"acc": 0.6614673992999737, "auc": 0.5137498329973663, "nll": 0.6396727321187508, "mse": 0.22375704363679363, "rmse": 0.47302964350745885, "f1": 0.797743866165782}, "metrics_test": {"acc": 0.6635390277624358, "auc": 0.5166878634924185, "nll": 0.6380017913040392, "mse": 0.22296712496595492, "rmse": 0.47219394846392826, "f1": 0.797743866165782}}