{"time": "2021-05-19T04:17:12.054283", "features": ["rc"], "seed": 888, "split_id": 4, "metrics_train": {"acc": 0.6617488421562829, "auc": 0.5520297712214217, "nll": 0.635638310242819, "mse": 0.22189625643109362, "rmse": 0.4710586549794979, "f1": 0.796917446758321}, "metrics_test": {"acc": 0.6623963123819266, "auc": 0.5560189443201292, "nll": 0.6347073624079851, "mse": 0.22147348783809953, "rmse": 0.470609697985602, "f1": 0.796917446758321}}