{"time": "2021-05-19T00:43:41.298828", "features": ["icA", "icW", "scA", "scW", "tcA", "tcW"], "seed": 888, "split_id": 0, "metrics_train": {"acc": 0.6667620444947715, "auc": 0.6271564755903338, "nll": 0.6167609405257886, "mse": 0.21377226327751842, "rmse": 0.46235512679921525, "f1": 0.792593999053015}, "metrics_test": {"acc": 0.665634750627001, "auc": 0.6266121418921016, "nll": 0.6185485351197786, "mse": 0.21442883398237747, "rmse": 0.4630646110235347, "f1": 0.792593999053015}}