{"time": "2021-05-19T01:51:16.053154", "features": ["sm"], "seed": 888, "split_id": 2, "metrics_train": {"acc": 0.6630203415801069, "auc": 0.5438696394272555, "nll": 0.6339547525316155, "mse": 0.22117458812295368, "rmse": 0.4702920243029364, "f1": 0.7906623457058578}, "metrics_test": {"acc": 0.6624809855104528, "auc": 0.5463313910026433, "nll": 0.6339731522961589, "mse": 0.22120041603994817, "rmse": 0.4703194829474409, "f1": 0.7906623457058578}}