{"time": "2021-05-19T01:44:53.475755", "features": ["rt"], "seed": 888, "split_id": 1, "metrics_train": {"acc": 0.6619525801259574, "auc": 0.5141499054188914, "nll": 0.6392476542707237, "mse": 0.2235571225084192, "rmse": 0.47281827641115903, "f1": 0.7963258116225405}, "metrics_test": {"acc": 0.661579204166519, "auc": 0.5131862842279596, "nll": 0.6397086365939295, "mse": 0.22376710085026424, "rmse": 0.47304027402565235, "f1": 0.7963258116225405}}