{"time": "2021-05-19T02:25:50.489076", "features": ["weekend"], "seed": 888, "split_id": 2, "metrics_train": {"acc": 0.6619841708965457, "auc": 0.5000323077735406, "nll": 0.639710605865777, "mse": 0.22376112726574557, "rmse": 0.4730339599497541, "f1": 0.7962243632551406}, "metrics_test": {"acc": 0.6614391743366879, "auc": 0.4995821547797505, "nll": 0.640076993763583, "mse": 0.22393771979869095, "rmse": 0.4732205826025438, "f1": 0.7962243632551406}}