{"time": "2021-06-25T15:51:34.184847", "features": ["resp_time_cat"], "seed": 888, "split_id": 1, "metrics_train": {"acc": 0.6621390895086353, "auc": 0.5742468385573871, "nll": 0.6320577299994045, "mse": 0.22034979209701422, "rmse": 0.46941430751204655, "f1": 0.7957845400633283}, "metrics_test": {"acc": 0.6611402600657159, "auc": 0.5729506012891132, "nll": 0.6328653252324529, "mse": 0.2207331201932338, "rmse": 0.46982243474873975, "f1": 0.7957845400633283}}