{"time": "2021-05-19T01:43:18.054669", "features": ["vt"], "seed": 888, "split_id": 1, "metrics_train": {"acc": 0.6619525801259574, "auc": 0.5407945757200987, "nll": 0.6375046233900034, "mse": 0.22277975487921803, "rmse": 0.47199550302859666, "f1": 0.7963258116225405}, "metrics_test": {"acc": 0.661579204166519, "auc": 0.539427374856691, "nll": 0.6378920563228011, "mse": 0.2229621697283294, "rmse": 0.47218870139842334, "f1": 0.7963258116225405}}