{"time": "2021-05-19T02:19:34.551748", "features": ["month"], "seed": 888, "split_id": 2, "metrics_train": {"acc": 0.6619841708965457, "auc": 0.5084562871868576, "nll": 0.6396076848938675, "mse": 0.22371514989689328, "rmse": 0.47298535907244876, "f1": 0.7962243632551406}, "metrics_test": {"acc": 0.6614391743366879, "auc": 0.5051047708357228, "nll": 0.6400636911174554, "mse": 0.22393161946468473, "rmse": 0.47321413700848447, "f1": 0.7962243632551406}}