{"time": "2021-05-19T04:14:02.752800", "features": ["part_of_day"], "seed": 888, "split_id": 4, "metrics_train": {"acc": 0.6617488421562829, "auc": 0.5059238441616642, "nll": 0.639805704133071, "mse": 0.22380904403060872, "rmse": 0.4730846055734732, "f1": 0.796917446758321}, "metrics_test": {"acc": 0.6623963123819266, "auc": 0.5061620047848949, "nll": 0.6393657639880036, "mse": 0.22359717426111375, "rmse": 0.4728606287915222, "f1": 0.796917446758321}}