{"time": "2021-05-19T03:41:30.045693", "features": ["sm"], "seed": 888, "split_id": 4, "metrics_train": {"acc": 0.6628157229544935, "auc": 0.5445574494812464, "nll": 0.6340247816688558, "mse": 0.22121238035708785, "rmse": 0.47033220212642024, "f1": 0.7912896808283557}, "metrics_test": {"acc": 0.6633127366224134, "auc": 0.5435443058170376, "nll": 0.6336890516555714, "mse": 0.22104689588960266, "rmse": 0.4701562462518207, "f1": 0.7912896808283557}}