{"time": "2021-05-19T01:38:38.268890", "features": ["hour"], "seed": 888, "split_id": 1, "metrics_train": {"acc": 0.6619525801259574, "auc": 0.5066747436124854, "nll": 0.6396603643916995, "mse": 0.22373927826088086, "rmse": 0.47301086484443555, "f1": 0.7963258116225405}, "metrics_test": {"acc": 0.661579204166519, "auc": 0.5062318683714517, "nll": 0.6399025104612658, "mse": 0.2238561833330485, "rmse": 0.4731344241682785, "f1": 0.7963258116225405}}