{"time": "2021-05-19T02:30:40.986770", "features": ["vs"], "seed": 888, "split_id": 2, "metrics_train": {"acc": 0.6619841708965457, "auc": 0.5325984140537182, "nll": 0.6377619701470874, "mse": 0.22290440209932363, "rmse": 0.47212752736874347, "f1": 0.7962243632551406}, "metrics_test": {"acc": 0.6614391743366879, "auc": 0.5342951890114148, "nll": 0.6379827315050333, "mse": 0.2230160115818862, "rmse": 0.47224571102540064, "f1": 0.7962243632551406}}