{"time": "2021-06-22T17:45:36.949354", "features": ["ones"], "seed": 888, "split_id": 4, "metrics_train": {"acc": 0.6621876481822011, "auc": 0.5, "nll": 0.6395737487905592, "mse": 0.2236951667771277, "rmse": 0.4729642341415762, "f1": 0.7956329182246223}, "metrics_test": {"acc": 0.6606232686564022, "auc": 0.5, "nll": 0.640626667397564, "mse": 0.22420261276961773, "rmse": 0.473500383072303, "f1": 0.7956329182246223}}