{"time": "2021-05-19T03:00:02.942255", "features": ["tcA", "tcW"], "seed": 888, "split_id": 3, "metrics_train": {"acc": 0.6641430795486862, "auc": 0.5959195878080462, "nll": 0.6277614442935677, "mse": 0.21839936107143582, "rmse": 0.4673321742309594, "f1": 0.7942164301668637}, "metrics_test": {"acc": 0.6653910909176983, "auc": 0.5939996371022, "nll": 0.6270329383239667, "mse": 0.21805781896953372, "rmse": 0.46696661440571285, "f1": 0.7942164301668637}}