{"time": "2021-12-14T11:13:17.064351", "features": ["rpfa_R"], "seed": 888, "split_id": 0, "metrics_train": {"acc": 0.6620288882362381, "auc": 0.6033797059372197, "nll": 0.6240460594073725, "mse": 0.21705254731513826, "rmse": 0.4658889860418877, "f1": 0.7960974761092249}, "metrics_test": {"acc": 0.6612685702849441, "auc": 0.6010379181960357, "nll": 0.6252475899257225, "mse": 0.21758612014435544, "rmse": 0.46646127400284304, "f1": 0.7960974761092249}}