{"time": "2021-05-19T00:48:25.771133", "features": ["hour"], "seed": 888, "split_id": 0, "metrics_train": {"acc": 0.6622314849200438, "auc": 0.5063352566556683, "nll": 0.639478571636961, "mse": 0.2236514713624086, "rmse": 0.47291803873653265, "f1": 0.7955315552902879}, "metrics_test": {"acc": 0.6604835176749011, "auc": 0.507607456821566, "nll": 0.6406223897220472, "mse": 0.22420370675261472, "rmse": 0.4735015382790374, "f1": 0.7955315552902879}}