{"time": "2021-05-19T00:37:59.654674", "features": ["icA_TW", "icW_TW"], "seed": 888, "split_id": 0, "metrics_train": {"acc": 0.6622508009971305, "auc": 0.5323180457829717, "nll": 0.6332868886943772, "mse": 0.22118303505438328, "rmse": 0.4703010047346096, "f1": 0.7955639186745637}, "metrics_test": {"acc": 0.6606240460202343, "auc": 0.5319448127218629, "nll": 0.636366434136116, "mse": 0.222237973667471, "rmse": 0.47142122742561243, "f1": 0.7955639186745637}}