{"time": "2021-06-26T12:16:25.243151", "features": ["prev_lag_time_cat"], "seed": 888, "split_id": 3, "metrics_train": {"acc": 0.6611205039242137, "auc": 0.5204961599730488, "nll": 0.6396871335074362, "mse": 0.22376686065075355, "rmse": 0.473040020136514, "f1": 0.7986576663398155}, "metrics_test": {"acc": 0.6648043975163257, "auc": 0.5190097615962525, "nll": 0.6372611333553486, "mse": 0.22259683140061925, "rmse": 0.47180168651735366, "f1": 0.7986576663398155}}