{"time": "2021-05-19T05:05:03.389959", "features": ["scA_TW", "scW_TW"], "seed": 888, "split_id": 4, "metrics_train": {"acc": 0.6627206041801421, "auc": 0.6135217040155535, "nll": 0.6215713109326729, "mse": 0.2159635266297881, "rmse": 0.4647187607895641, "f1": 0.7931683391502486}, "metrics_test": {"acc": 0.6622574786763911, "auc": 0.6098241471806204, "nll": 0.6224013886441992, "mse": 0.21633454233254484, "rmse": 0.46511777253997166, "f1": 0.7931683391502486}}