{"time": "2021-05-19T02:34:06.059720", "features": ["rc"], "seed": 888, "split_id": 2, "metrics_train": {"acc": 0.6619841708965457, "auc": 0.5527577034150432, "nll": 0.6353780715576526, "mse": 0.2217760487916042, "rmse": 0.4709310446250111, "f1": 0.7962243632551406}, "metrics_test": {"acc": 0.6614391743366879, "auc": 0.5528287710285662, "nll": 0.6357639227430647, "mse": 0.2219594445909478, "rmse": 0.4711257205788576, "f1": 0.7962243632551406}}