{"time": "2021-05-19T04:14:47.573787", "features": ["vw"], "seed": 888, "split_id": 4, "metrics_train": {"acc": 0.6617488421562829, "auc": 0.5428729551771319, "nll": 0.6373574097030713, "mse": 0.22272321293276817, "rmse": 0.47193560252726025, "f1": 0.796917446758321}, "metrics_test": {"acc": 0.6623963123819266, "auc": 0.5425293868478261, "nll": 0.6371465069228783, "mse": 0.22260595986904833, "rmse": 0.4718113604705257, "f1": 0.796917446758321}}