{"time": "2021-05-19T04:19:09.606377", "features": ["smA", "smW"], "seed": 888, "split_id": 4, "metrics_train": {"acc": 0.6621615950195929, "auc": 0.5409354947217848, "nll": 0.6368228918683243, "mse": 0.2224839880462835, "rmse": 0.47168208366047093, "f1": 0.79627790916589}, "metrics_test": {"acc": 0.6620458790594016, "auc": 0.5373687223569137, "nll": 0.6372606042415064, "mse": 0.2226748044398105, "rmse": 0.4718843125595621, "f1": 0.79627790916589}}