{"time": "2021-06-26T12:17:26.089263", "features": ["prev_lag_time_cat"], "seed": 888, "split_id": 4, "metrics_train": {"acc": 0.6621876481822011, "auc": 0.5205529705330201, "nll": 0.6389677674294786, "mse": 0.22342064382488483, "rmse": 0.47267392970724, "f1": 0.7956329182246223}, "metrics_test": {"acc": 0.6606232686564022, "auc": 0.5190031212242379, "nll": 0.6400839289492235, "mse": 0.223955887445157, "rmse": 0.4732397779616132, "f1": 0.7956329182246223}}