{"time": "2021-05-19T01:49:32.921168", "features": ["i"], "seed": 888, "split_id": 2, "metrics_train": {"acc": 0.6944282992664061, "auc": 0.7044334268950945, "nll": 0.578245252745927, "mse": 0.19765365271431473, "rmse": 0.44458256006541097, "f1": 0.7953320130390515}, "metrics_test": {"acc": 0.6940260727829173, "auc": 0.7026886113275439, "nll": 0.5796274098067173, "mse": 0.1981515370044151, "rmse": 0.4451421537042017, "f1": 0.7953320130390515}}