{"time": "2021-06-25T16:17:29.460912", "features": ["prev_resp_time_cat"], "seed": 888, "split_id": 4, "metrics_train": {"acc": 0.6621876481822011, "auc": 0.5254052196787683, "nll": 0.6385089007109073, "mse": 0.22321251149952165, "rmse": 0.4724537136053876, "f1": 0.7956329182246223}, "metrics_test": {"acc": 0.6606232686564022, "auc": 0.5249082853413694, "nll": 0.6394476936923813, "mse": 0.22366131451146457, "rmse": 0.4729284454454654, "f1": 0.7956329182246223}}