{"time": "2021-12-14T11:22:27.137129", "features": ["rpfa_F", "rpfa_R"], "seed": 888, "split_id": 0, "metrics_train": {"acc": 0.6642082490730529, "auc": 0.6175553244862234, "nll": 0.6188594287431393, "mse": 0.21487521171569576, "rmse": 0.46354634257611804, "f1": 0.7949425350740542}, "metrics_test": {"acc": 0.6627429770682433, "auc": 0.6151012592557485, "nll": 0.6202620860114283, "mse": 0.21549617557382184, "rmse": 0.464215656321307, "f1": 0.7949425350740542}}