{"time": "2021-05-19T00:49:01.225184", "features": ["weekend"], "seed": 888, "split_id": 0, "metrics_train": {"acc": 0.6622314849200438, "auc": 0.5001427879701525, "nll": 0.6395441913269824, "mse": 0.22368092361276157, "rmse": 0.47294917656420715, "f1": 0.7955315552902879}, "metrics_test": {"acc": 0.6604835176749011, "auc": 0.4997152386646515, "nll": 0.6407213034633356, "mse": 0.22424820192558073, "rmse": 0.47354852119458757, "f1": 0.7955315552902879}}