{"time": "2021-05-19T04:09:25.812591", "features": ["day"], "seed": 888, "split_id": 4, "metrics_train": {"acc": 0.6617488421562829, "auc": 0.5025818917285227, "nll": 0.6398593019030058, "mse": 0.2238331220804458, "rmse": 0.4731100528211653, "f1": 0.796917446758321}, "metrics_test": {"acc": 0.6623963123819266, "auc": 0.5032972021374587, "nll": 0.639418630291501, "mse": 0.22362091792550398, "rmse": 0.47288573453372856, "f1": 0.796917446758321}}