{"time": "2021-05-19T01:38:15.018309", "features": ["day"], "seed": 888, "split_id": 1, "metrics_train": {"acc": 0.6619525801259574, "auc": 0.5028169046967664, "nll": 0.6397203510294608, "mse": 0.2237662195483151, "rmse": 0.47303934249522533, "f1": 0.7963258116225405}, "metrics_test": {"acc": 0.661579204166519, "auc": 0.5023710822704718, "nll": 0.6399756591997768, "mse": 0.22388912746828707, "rmse": 0.47316923766057223, "f1": 0.7963258116225405}}