{"time": "2021-05-19T01:06:12.891442", "features": ["tcA", "tcW"], "seed": 888, "split_id": 1, "metrics_train": {"acc": 0.6641768947874698, "auc": 0.5945990930988946, "nll": 0.6278003305788784, "mse": 0.21841727883973272, "rmse": 0.46735134410819096, "f1": 0.7934280114844257}, "metrics_test": {"acc": 0.6650821335673303, "auc": 0.5990274227132664, "nll": 0.6269068027048926, "mse": 0.21801283264984583, "rmse": 0.46691844325304377, "f1": 0.7934280114844257}}