{"time": "2021-06-25T15:58:22.094166", "features": ["resp_time_cat"], "seed": 888, "split_id": 2, "metrics_train": {"acc": 0.6617926376476295, "auc": 0.5743921934621423, "nll": 0.6322518733960177, "mse": 0.22044507531251376, "rmse": 0.4695157881397746, "f1": 0.7968578013365454}, "metrics_test": {"acc": 0.6625505823829977, "auc": 0.5716182065223993, "nll": 0.6322300262118714, "mse": 0.22040779279078573, "rmse": 0.4694760833000822, "f1": 0.7968578013365454}}