{"time": "2021-05-19T03:25:37.706392", "features": ["day"], "seed": 888, "split_id": 3, "metrics_train": {"acc": 0.6614673992999737, "auc": 0.5027040637437507, "nll": 0.6400466089262628, "mse": 0.22392346595135992, "rmse": 0.4732055218944089, "f1": 0.797743866165782}, "metrics_test": {"acc": 0.6635390277624358, "auc": 0.5028102127333319, "nll": 0.6386595234226602, "mse": 0.2232547304535905, "rmse": 0.4724983920116454, "f1": 0.797743866165782}}