{"time": "2021-05-19T00:32:03.338539", "features": ["bundle"], "seed": 888, "split_id": 0, "metrics_train": {"acc": 0.6877016491345083, "auc": 0.6835632974989387, "nll": 0.5900448286636791, "mse": 0.20234023875030677, "rmse": 0.4498224524746478, "f1": 0.7920404892148384}, "metrics_test": {"acc": 0.6851899916714124, "auc": 0.6807492958309699, "nll": 0.5927073349561198, "mse": 0.2034861429718405, "rmse": 0.45109438366248866, "f1": 0.7920404892148384}}