{"time": "2021-05-19T03:31:14.886291", "features": ["icA_TW", "icW_TW", "scA_TW", "scW_TW", "tcA_TW", "tcW_TW"], "seed": 888, "split_id": 2, "metrics_train": {"acc": 0.6681903665475263, "auc": 0.6416013932664232, "nll": 0.6108421471686243, "mse": 0.2114293207112985, "rmse": 0.45981444160802354, "f1": 0.7909694952706737}, "metrics_test": {"acc": 0.6674331398713861, "auc": 0.6402065610324551, "nll": 0.6117580181595406, "mse": 0.21185342016441644, "rmse": 0.4602753742754618, "f1": 0.7909694952706737}}