{"time": "2021-12-14T11:13:24.067763", "features": ["rpfa_F"], "seed": 888, "split_id": 1, "metrics_train": {"acc": 0.6629024257627023, "auc": 0.548089050687611, "nll": 0.6359945784628537, "mse": 0.22203248743980086, "rmse": 0.47120323368988126, "f1": 0.7941889333145778}, "metrics_test": {"acc": 0.6594822504719429, "auc": 0.5495568271194189, "nll": 0.6383304606403969, "mse": 0.22311825669569632, "rmse": 0.4723539527681507, "f1": 0.7941889333145778}}