{"time": "2021-05-19T03:03:37.415277", "features": ["scA_TW", "scW_TW"], "seed": 888, "split_id": 2, "metrics_train": {"acc": 0.6628168413918039, "auc": 0.6130607774093726, "nll": 0.6215932587866537, "mse": 0.2159675114561802, "rmse": 0.4647230481224061, "f1": 0.7929025231439463}, "metrics_test": {"acc": 0.6620741744167807, "auc": 0.6116239730242521, "nll": 0.6223144040509101, "mse": 0.21630262538739953, "rmse": 0.4650834606685122, "f1": 0.7929025231439463}}