{"time": "2021-05-19T03:42:43.998781", "features": ["s"], "seed": 888, "split_id": 4, "metrics_train": {"acc": 0.662770474446632, "auc": 0.5887055364422057, "nll": 0.6285486918001768, "mse": 0.2188453188147634, "rmse": 0.46780906234783803, "f1": 0.7956273586780404}, "metrics_test": {"acc": 0.6634004210680148, "auc": 0.5889673348856538, "nll": 0.6280778773978681, "mse": 0.21862434938156639, "rmse": 0.46757282789055055, "f1": 0.7956273586780404}}