{"time": "2021-05-19T03:30:21.879785", "features": ["part_of_day"], "seed": 888, "split_id": 3, "metrics_train": {"acc": 0.6614673992999737, "auc": 0.5062034723888242, "nll": 0.6399848205805777, "mse": 0.22389568109345595, "rmse": 0.47317616285423336, "f1": 0.797743866165782}, "metrics_test": {"acc": 0.6635390277624358, "auc": 0.504832023506114, "nll": 0.638643132908579, "mse": 0.22324749894986953, "rmse": 0.4724907395387443, "f1": 0.797743866165782}}