{"time": "2021-05-19T03:28:49.415082", "features": ["weekend"], "seed": 888, "split_id": 3, "metrics_train": {"acc": 0.6614673992999737, "auc": 0.500178099445381, "nll": 0.6400572836915583, "mse": 0.2239282451340558, "rmse": 0.47321057166345704, "f1": 0.797743866165782}, "metrics_test": {"acc": 0.6635390277624358, "auc": 0.49956148337525647, "nll": 0.6386701477364648, "mse": 0.22325947908148203, "rmse": 0.4725034170050858, "f1": 0.797743866165782}}