{"time": "2021-05-19T02:27:26.801719", "features": ["part_of_day"], "seed": 888, "split_id": 2, "metrics_train": {"acc": 0.6619841708965457, "auc": 0.50613924593833, "nll": 0.6396388944369497, "mse": 0.22372892200898792, "rmse": 0.4729999175570625, "f1": 0.7962243632551406}, "metrics_test": {"acc": 0.6614391743366879, "auc": 0.5052101178220718, "nll": 0.6400472901106207, "mse": 0.2239244324529716, "rmse": 0.47320654312147, "f1": 0.7962243632551406}}