{"time": "2021-05-19T01:04:12.378232", "features": ["part"], "seed": 888, "split_id": 1, "metrics_train": {"acc": 0.6619525801259574, "auc": 0.562383606384804, "nll": 0.633574436059102, "mse": 0.22104858248809242, "rmse": 0.47015803990583044, "f1": 0.7963258116225405}, "metrics_test": {"acc": 0.661579204166519, "auc": 0.5611908503740332, "nll": 0.6340346675251862, "mse": 0.22125763315120398, "rmse": 0.47038030693387234, "f1": 0.7963258116225405}}