{"time": "2021-06-26T12:17:09.570161", "features": ["lag_time_cat"], "seed": 888, "split_id": 0, "metrics_train": {"acc": 0.6623500744539059, "auc": 0.5179243337678765, "nll": 0.638978456115293, "mse": 0.22342251873486513, "rmse": 0.4726759130047406, "f1": 0.7951774230871468}, "metrics_test": {"acc": 0.6599954535419229, "auc": 0.518606145299623, "nll": 0.6405292804694217, "mse": 0.22417026949063237, "rmse": 0.47346622845841113, "f1": 0.7951774230871468}}