{"time": "2021-05-20T15:23:56.529577", "features": ["sm"], "seed": 888, "split_id": 0, "metrics_train": {"acc": 0.6632582433989561, "auc": 0.5447566543227964, "nll": 0.6335742523996707, "mse": 0.22100498554282674, "rmse": 0.4701116734807026, "f1": 0.7901537078865144}, "metrics_test": {"acc": 0.661562080090551, "auc": 0.5428389412030714, "nll": 0.6355457704595833, "mse": 0.22189556884661982, "rmse": 0.4710579251499966, "f1": 0.7901537078865144}}