{"time": "2021-06-25T15:53:21.087587", "features": ["prev_resp_time_cat"], "seed": 888, "split_id": 1, "metrics_train": {"acc": 0.6621293215680601, "auc": 0.5257953723546477, "nll": 0.6385204680142021, "mse": 0.2232184623087365, "rmse": 0.47246001133295557, "f1": 0.7957749654053756}, "metrics_test": {"acc": 0.6611220124011129, "auc": 0.523366199961289, "nll": 0.63937535270428, "mse": 0.2236242898977475, "rmse": 0.47288929983427147, "f1": 0.7957749654053756}}