{"time": "2021-05-19T03:32:47.401789", "features": ["vs"], "seed": 888, "split_id": 3, "metrics_train": {"acc": 0.6614673992999737, "auc": 0.5326125666603768, "nll": 0.638092937979399, "mse": 0.22306439470964468, "rmse": 0.4722969348933409, "f1": 0.797743866165782}, "metrics_test": {"acc": 0.6635390277624358, "auc": 0.5342211409476345, "nll": 0.6366267787337292, "mse": 0.2223597465110766, "rmse": 0.4715503647661367, "f1": 0.797743866165782}}