{"time": "2021-05-19T02:58:04.977529", "features": ["part"], "seed": 888, "split_id": 3, "metrics_train": {"acc": 0.6614673992999737, "auc": 0.5617779339404846, "nll": 0.6339965265331325, "mse": 0.2212458617904033, "rmse": 0.47036779416792907, "f1": 0.797743866165782}, "metrics_test": {"acc": 0.6635390277624358, "auc": 0.5635941738128791, "nll": 0.6323390839434777, "mse": 0.2204646828600679, "rmse": 0.4695366682806231, "f1": 0.797743866165782}}