{"time": "2021-12-14T11:20:40.982047", "features": ["rpfa_F", "rpfa_R"], "seed": 888, "split_id": 4, "metrics_train": {"acc": 0.6630291682161166, "auc": 0.616582106361901, "nll": 0.6199677785394194, "mse": 0.21536862404961518, "rmse": 0.46407825207567655, "f1": 0.7983462726452727}, "metrics_test": {"acc": 0.6673102549814262, "auc": 0.6192303476956447, "nll": 0.6159189569736163, "mse": 0.21355434425491662, "rmse": 0.4621194047591127, "f1": 0.7983462726452727}}