{"time": "2021-06-26T12:16:43.456773", "features": ["lag_time_cat"], "seed": 888, "split_id": 2, "metrics_train": {"acc": 0.6616750937552475, "auc": 0.5174263847993433, "nll": 0.6394492867913822, "mse": 0.22364875007920595, "rmse": 0.472915161608513, "f1": 0.7971319060417289}, "metrics_test": {"acc": 0.662692700925013, "auc": 0.5208251234892886, "nll": 0.6386527001117983, "mse": 0.22326913709810317, "rmse": 0.47251363694406023, "f1": 0.7971319060417289}}