{"time": "2021-05-19T03:22:26.779720", "features": ["month"], "seed": 888, "split_id": 3, "metrics_train": {"acc": 0.6614673992999737, "auc": 0.5072958215363302, "nll": 0.6399832923592469, "mse": 0.22389513652410267, "rmse": 0.4731755874134914, "f1": 0.797743866165782}, "metrics_test": {"acc": 0.6635390277624358, "auc": 0.5102563401413421, "nll": 0.6385358864576338, "mse": 0.22319955132458535, "rmse": 0.472439997591848, "f1": 0.797743866165782}}