{"time": "2021-05-19T03:31:58.646461", "features": ["vw"], "seed": 888, "split_id": 3, "metrics_train": {"acc": 0.6614673992999737, "auc": 0.5423274390487278, "nll": 0.6376356594536983, "mse": 0.22285216568740093, "rmse": 0.472072203891948, "f1": 0.797743866165782}, "metrics_test": {"acc": 0.6635390277624358, "auc": 0.5446417978082957, "nll": 0.636016978465449, "mse": 0.22208562271734048, "rmse": 0.47125961286465073, "f1": 0.797743866165782}}