{"time": "2021-05-19T00:32:50.101344", "features": ["icA", "icW"], "seed": 888, "split_id": 0, "metrics_train": {"acc": 0.6622314849200438, "auc": 0.5260233884723947, "nll": 0.6355505725842546, "mse": 0.22206381922119667, "rmse": 0.47123647908581595, "f1": 0.7955315552902879}, "metrics_test": {"acc": 0.6604835176749011, "auc": 0.5230583738254767, "nll": 0.6398825839656542, "mse": 0.22356977944888834, "rmse": 0.47283166079365746, "f1": 0.7955315552902879}}