{"time": "2021-05-19T02:07:36.794345", "features": ["tcA_TW", "tcW_TW"], "seed": 888, "split_id": 2, "metrics_train": {"acc": 0.6651217330658532, "auc": 0.6065258915618361, "nll": 0.6245742513779367, "mse": 0.21704666646964035, "rmse": 0.4658826745755205, "f1": 0.7914088542663121}, "metrics_test": {"acc": 0.6638875968254228, "auc": 0.6051943155104438, "nll": 0.6256801822208248, "mse": 0.21751302630520605, "rmse": 0.4663829181104364, "f1": 0.7914088542663121}}