{"time": "2021-05-19T04:18:06.393776", "features": ["rt"], "seed": 888, "split_id": 4, "metrics_train": {"acc": 0.6617488421562829, "auc": 0.513073070705122, "nll": 0.6394675206055032, "mse": 0.22365935339776238, "rmse": 0.4729263720683827, "f1": 0.796917446758321}, "metrics_test": {"acc": 0.6623963123819266, "auc": 0.5170941778972701, "nll": 0.6388308567303488, "mse": 0.22336144731603597, "rmse": 0.4726113068008805, "f1": 0.796917446758321}}