{"time": "2021-05-19T01:21:43.971115", "features": ["icA", "icW", "scA", "scW", "tcA", "tcW"], "seed": 888, "split_id": 1, "metrics_train": {"acc": 0.6664313237107727, "auc": 0.6259786377878876, "nll": 0.6172657887316928, "mse": 0.21400684185435773, "rmse": 0.4626087351686712, "f1": 0.7934395048079022}, "metrics_test": {"acc": 0.6675220081900878, "auc": 0.6295766488125641, "nll": 0.6160863460638096, "mse": 0.21348956853525494, "rmse": 0.46204931396470544, "f1": 0.7934395048079022}}