{"time": "2021-05-19T03:04:52.166776", "features": ["partcA", "partcW"], "seed": 888, "split_id": 3, "metrics_train": {"acc": 0.6651505348973162, "auc": 0.6103400614560245, "nll": 0.6227306265700779, "mse": 0.21630742384707274, "rmse": 0.4650886193480472, "f1": 0.7935030137892722}, "metrics_test": {"acc": 0.6658802807925605, "auc": 0.6097851076064523, "nll": 0.621931439941395, "mse": 0.21594989424047903, "rmse": 0.4647040932039216, "f1": 0.7935030137892722}}