{"time": "2021-05-19T00:36:19.020135", "features": ["tcA_TW", "tcW_TW"], "seed": 888, "split_id": 0, "metrics_train": {"acc": 0.6647351341178367, "auc": 0.6055679570373926, "nll": 0.6250401182289024, "mse": 0.21723128769088698, "rmse": 0.4660807737837799, "f1": 0.7920100902518188}, "metrics_test": {"acc": 0.6652211200256427, "auc": 0.6088529554526821, "nll": 0.6238353414280954, "mse": 0.2167948266113464, "rmse": 0.4656123136380162, "f1": 0.7920100902518188}}