{"time": "2021-06-22T17:45:28.469601", "features": ["ones"], "seed": 888, "split_id": 2, "metrics_train": {"acc": 0.6616750937552475, "auc": 0.5, "nll": 0.6399181407900393, "mse": 0.22386116405923248, "rmse": 0.4731396876813786, "f1": 0.7971319060417289}, "metrics_test": {"acc": 0.662692700925013, "auc": 0.5, "nll": 0.6392355626341911, "mse": 0.2235321206415315, "rmse": 0.47279183647936596, "f1": 0.7971319060417289}}