{"time": "2021-05-19T03:55:01.944693", "features": ["tcA_TW", "tcW_TW"], "seed": 888, "split_id": 4, "metrics_train": {"acc": 0.6651561218882985, "auc": 0.6071703917764653, "nll": 0.6244933580538488, "mse": 0.21700766150674541, "rmse": 0.46584081133660393, "f1": 0.7917251295235165}, "metrics_test": {"acc": 0.6637605971067178, "auc": 0.602424560629096, "nll": 0.6260203155218962, "mse": 0.21767685418207114, "rmse": 0.46655852171198325, "f1": 0.7917251295235165}}