{"time": "2021-05-19T02:41:32.756500", "features": ["n_gram"], "seed": 888, "split_id": 2, "metrics_train": {"acc": 0.6641431398667622, "auc": 0.5981721572980216, "nll": 0.6256732123345415, "mse": 0.21749159688610617, "rmse": 0.4663599434836853, "f1": 0.7948937829958962}, "metrics_test": {"acc": 0.6630597694958776, "auc": 0.5962567766382788, "nll": 0.6268465530481464, "mse": 0.21802292372686435, "rmse": 0.46692924916614975, "f1": 0.7948937829958962}}