{"time": "2021-06-26T12:16:18.265182", "features": ["prev_lag_time_cat"], "seed": 888, "split_id": 2, "metrics_train": {"acc": 0.6616750937552475, "auc": 0.5196498836649841, "nll": 0.6393454725721182, "mse": 0.22360140493259759, "rmse": 0.4728651022570788, "f1": 0.7971319060417289}, "metrics_test": {"acc": 0.662692700925013, "auc": 0.5226405415656715, "nll": 0.6385564074473421, "mse": 0.22322491271456166, "rmse": 0.4724668376876431, "f1": 0.7971319060417289}}