{"time": "2021-05-19T01:04:44.505267", "features": ["bundle"], "seed": 888, "split_id": 1, "metrics_train": {"acc": 0.687394463628484, "auc": 0.683499397262343, "nll": 0.590233895411091, "mse": 0.20243497152151174, "rmse": 0.44992774033339145, "f1": 0.7936636331438417}, "metrics_test": {"acc": 0.6864213777037724, "auc": 0.6811413494377652, "nll": 0.5918743434293666, "mse": 0.20308433225728337, "rmse": 0.45064879036482874, "f1": 0.7936636331438417}}