{"time": "2021-05-19T03:39:45.295456", "features": ["i"], "seed": 888, "split_id": 4, "metrics_train": {"acc": 0.6941185214218886, "auc": 0.7038181272665399, "nll": 0.5787774299012749, "mse": 0.19785680010282583, "rmse": 0.4448109712033032, "f1": 0.7964909712947548}, "metrics_test": {"acc": 0.6951979065338613, "auc": 0.7051903895056774, "nll": 0.5774791033421147, "mse": 0.19732797433028282, "rmse": 0.444216134702785, "f1": 0.7964909712947548}}