{"time": "2021-05-19T00:41:26.015768", "features": ["scA", "scW"], "seed": 888, "split_id": 0, "metrics_train": {"acc": 0.6618753776311861, "auc": 0.6032588336932492, "nll": 0.6245960059645808, "mse": 0.21726239432917077, "rmse": 0.4661141430263308, "f1": 0.7937519361167522}, "metrics_test": {"acc": 0.6610562369690893, "auc": 0.603632748118282, "nll": 0.6256608129817579, "mse": 0.2177013789068946, "rmse": 0.4665848035533247, "f1": 0.7937519361167522}}