{"time": "2021-05-19T01:55:17.718849", "features": ["bundle"], "seed": 888, "split_id": 2, "metrics_train": {"acc": 0.6872468709699028, "auc": 0.6831972451285291, "nll": 0.5904158468326656, "mse": 0.20250990802753252, "rmse": 0.4500110087848213, "f1": 0.7935234166832155}, "metrics_test": {"acc": 0.687009337009745, "auc": 0.6823154911719582, "nll": 0.5911791711690731, "mse": 0.2027961393332698, "rmse": 0.4503289234917848, "f1": 0.7935234166832155}}