{"time": "2021-05-19T03:53:44.677112", "features": ["scA", "scW"], "seed": 888, "split_id": 4, "metrics_train": {"acc": 0.6617252860961772, "auc": 0.6035133911618991, "nll": 0.6247137900965087, "mse": 0.21732361617065574, "rmse": 0.4661798109856922, "f1": 0.7942774111745596}, "metrics_test": {"acc": 0.6616214619859004, "auc": 0.6009763607747733, "nll": 0.6250848288997737, "mse": 0.2174934602566152, "rmse": 0.4663619412608786, "f1": 0.7942774111745596}}