{"time": "2021-12-14T11:13:10.994761", "features": ["rpfa_F"], "seed": 888, "split_id": 2, "metrics_train": {"acc": 0.663173887709954, "auc": 0.5472978831027839, "nll": 0.6357935609790387, "mse": 0.22193705264968136, "rmse": 0.4711019556844159, "f1": 0.7939794009663629}, "metrics_test": {"acc": 0.6588399433440826, "auc": 0.5453380875628931, "nll": 0.6390487985777296, "mse": 0.22347193228244325, "rmse": 0.472728180123042, "f1": 0.7939794009663629}}