{"time": "2021-05-19T02:39:24.398912", "features": ["user_avg_correct"], "seed": 888, "split_id": 2, "metrics_train": {"acc": 0.6651016444234116, "auc": 0.5993752946310725, "nll": 0.6252552278034753, "mse": 0.21733520698199948, "rmse": 0.46619224251589547, "f1": 0.7923399298513464}, "metrics_test": {"acc": 0.663893943803853, "auc": 0.5970694409596572, "nll": 0.6264798569316121, "mse": 0.217877204203769, "rmse": 0.46677318282413033, "f1": 0.7923399298513464}}