{"time": "2021-05-19T01:40:14.700630", "features": ["part_of_day"], "seed": 888, "split_id": 1, "metrics_train": {"acc": 0.6619525801259574, "auc": 0.5060109766352813, "nll": 0.639669868221614, "mse": 0.22374355167985388, "rmse": 0.4730153820753125, "f1": 0.7963258116225405}, "metrics_test": {"acc": 0.661579204166519, "auc": 0.505820932071161, "nll": 0.639911846052037, "mse": 0.22386042350047636, "rmse": 0.473138905080185, "f1": 0.7963258116225405}}