{"time": "2021-05-19T01:10:13.305316", "features": ["partcA", "partcW"], "seed": 888, "split_id": 1, "metrics_train": {"acc": 0.6651538014399586, "auc": 0.6095386039841614, "nll": 0.6227087266478267, "mse": 0.21629440004955272, "rmse": 0.46507461772230996, "f1": 0.7928576714248818}, "metrics_test": {"acc": 0.6657202005871973, "auc": 0.6125272316712882, "nll": 0.6220468570734603, "mse": 0.2160101141508242, "rmse": 0.46476888251132326, "f1": 0.7928576714248818}}