{"time": "2021-05-19T02:22:46.086893", "features": ["day"], "seed": 888, "split_id": 2, "metrics_train": {"acc": 0.6619841708965457, "auc": 0.5028569362379727, "nll": 0.6396990102914872, "mse": 0.22375593882609623, "rmse": 0.47302847570320355, "f1": 0.7962243632551406}, "metrics_test": {"acc": 0.6614391743366879, "auc": 0.5022127400124861, "nll": 0.6400701761443505, "mse": 0.22393466200678133, "rmse": 0.47321735176003565, "f1": 0.7962243632551406}}