{"time": "2021-12-14T11:16:49.323297", "features": ["rpfa_R"], "seed": 888, "split_id": 3, "metrics_train": {"acc": 0.6610623394230528, "auc": 0.6025368927163697, "nll": 0.6249106803407968, "mse": 0.21744628173528205, "rmse": 0.4663113570730205, "f1": 0.7988133460289203}, "metrics_test": {"acc": 0.6650243566948241, "auc": 0.6044117045944128, "nll": 0.6218671620092108, "mse": 0.21603655156924867, "rmse": 0.4647973231089532, "f1": 0.7988133460289203}}