{"time": "2021-05-19T03:44:30.815261", "features": ["part"], "seed": 888, "split_id": 4, "metrics_train": {"acc": 0.6617488421562829, "auc": 0.5621514899932257, "nll": 0.6337548619161552, "mse": 0.22113294339130166, "rmse": 0.4702477468221423, "f1": 0.796917446758321}, "metrics_test": {"acc": 0.6623963123819266, "auc": 0.5620860641198474, "nll": 0.6333167006802857, "mse": 0.2209217023855176, "rmse": 0.4700230870771324, "f1": 0.796917446758321}}