{"time": "2021-05-19T02:56:25.253563", "features": ["bundle"], "seed": 888, "split_id": 3, "metrics_train": {"acc": 0.6868708066834636, "auc": 0.6829662388511964, "nll": 0.5908330127793315, "mse": 0.20269340302367272, "rmse": 0.4502148409633702, "f1": 0.7948967538476881}, "metrics_test": {"acc": 0.6885332315300475, "auc": 0.6832334640320843, "nll": 0.5894880122910197, "mse": 0.20205258542487933, "rmse": 0.44950259779547364, "f1": 0.7948967538476881}}