{"time": "2021-05-19T01:56:23.031083", "features": ["tcA", "tcW"], "seed": 888, "split_id": 2, "metrics_train": {"acc": 0.6646219814107619, "auc": 0.5959313514591206, "nll": 0.6274002060804881, "mse": 0.2182354552905349, "rmse": 0.4671567780633552, "f1": 0.7926848269018237}, "metrics_test": {"acc": 0.6633952526414764, "auc": 0.5939234723787342, "nll": 0.6284945489745646, "mse": 0.21872931081681343, "rmse": 0.46768505515658015, "f1": 0.7926848269018237}}