{"time": "2021-05-19T03:50:23.364292", "features": ["partcA", "partcW"], "seed": 888, "split_id": 4, "metrics_train": {"acc": 0.6655412187443323, "auc": 0.6110243560092917, "nll": 0.6223212125918237, "mse": 0.21612659118970068, "rmse": 0.4648941720324107, "f1": 0.7924734222877443}, "metrics_test": {"acc": 0.6643354173612158, "auc": 0.6068684839240476, "nll": 0.6236011339383241, "mse": 0.2166990903257768, "rmse": 0.4655094954195637, "f1": 0.7924734222877443}}