{"time": "2021-05-19T01:46:33.791341", "features": ["user_avg_correct"], "seed": 888, "split_id": 1, "metrics_train": {"acc": 0.6646536788372703, "auc": 0.5980093328686199, "nll": 0.6257354856404094, "mse": 0.21754758528595772, "rmse": 0.4664199666458949, "f1": 0.7933473532224595}, "metrics_test": {"acc": 0.6658750342814678, "auc": 0.6024316638818357, "nll": 0.6245742391744299, "mse": 0.21702587387976954, "rmse": 0.46586035877692955, "f1": 0.7933473532224595}}