{"time": "2021-05-19T02:00:08.581130", "features": ["partcA", "partcW"], "seed": 888, "split_id": 2, "metrics_train": {"acc": 0.6655220123353226, "auc": 0.6105306278658121, "nll": 0.6223856203456901, "mse": 0.2161529602760742, "rmse": 0.4649225314781745, "f1": 0.7921945673416261}, "metrics_test": {"acc": 0.6643542508585799, "auc": 0.6089388492647966, "nll": 0.6233248126957531, "mse": 0.21657861294978, "rmse": 0.46538007364924855, "f1": 0.7921945673416261}}