{"time": "2021-05-19T00:31:14.742445", "features": ["tcA", "tcW"], "seed": 888, "split_id": 0, "metrics_train": {"acc": 0.6643079256269401, "auc": 0.59476857947554, "nll": 0.6277288031211897, "mse": 0.21838750948687155, "rmse": 0.4673194940154664, "f1": 0.7932252621578257}, "metrics_test": {"acc": 0.6645273165596893, "auc": 0.598066638557941, "nll": 0.6272027064493061, "mse": 0.21815578013330966, "rmse": 0.46707149359954486, "f1": 0.7932252621578257}}