{"time": "2021-12-14T11:12:11.869571", "features": ["ppe"], "seed": 888, "split_id": 1, "metrics_train": {"acc": 0.6628316179838342, "auc": 0.5905806182517804, "nll": 0.6277275124817454, "mse": 0.21848126609716553, "rmse": 0.46741979643267734, "f1": 0.7938610570337385}, "metrics_test": {"acc": 0.6582482079576398, "auc": 0.5894378572199754, "nll": 0.6309509818651925, "mse": 0.2200118979917015, "rmse": 0.4690542591126335, "f1": 0.7938610570337385}}