{"time": "2021-05-19T01:52:51.921915", "features": ["s"], "seed": 888, "split_id": 2, "metrics_train": {"acc": 0.662986810723392, "auc": 0.5887924071998468, "nll": 0.628374817035959, "mse": 0.21876355674172113, "rmse": 0.4677216658887218, "f1": 0.7949237881412797}, "metrics_test": {"acc": 0.6624803810363165, "auc": 0.5885672787243152, "nll": 0.6287831185426739, "mse": 0.2189540219855621, "rmse": 0.4679252311914395, "f1": 0.7949237881412797}}