{"time": "2021-05-19T00:46:51.347040", "features": ["week"], "seed": 888, "split_id": 0, "metrics_train": {"acc": 0.6622314849200438, "auc": 0.5098942185165453, "nll": 0.6394059043698334, "mse": 0.22361919388676763, "rmse": 0.47288391163875265, "f1": 0.7955315552902879}, "metrics_test": {"acc": 0.6604835176749011, "auc": 0.5045492750246446, "nll": 0.6407230722332117, "mse": 0.2242488597397379, "rmse": 0.4735492157524262, "f1": 0.7955315552902879}}