{"time": "2021-12-14T11:15:49.521218", "features": ["rpfa_F"], "seed": 888, "split_id": 3, "metrics_train": {"acc": 0.6616367729757022, "auc": 0.5469865992264363, "nll": 0.6369566677016851, "mse": 0.2224909618733683, "rmse": 0.4716894761104686, "f1": 0.7984600717066114}, "metrics_test": {"acc": 0.6651122544284305, "auc": 0.5473275560704945, "nll": 0.6343827971071851, "mse": 0.22128502910663217, "rmse": 0.4704094271022129, "f1": 0.7984600717066114}}