{"time": "2021-06-25T16:07:27.307853", "features": ["prev_resp_time_cat"], "seed": 888, "split_id": 3, "metrics_train": {"acc": 0.6612071411362372, "auc": 0.5255219337482724, "nll": 0.6391587887634256, "mse": 0.22352505257147132, "rmse": 0.4727843615978339, "f1": 0.7984072984544286}, "metrics_test": {"acc": 0.6647357957945685, "auc": 0.5244277201421087, "nll": 0.6368731019314251, "mse": 0.22242244435248468, "rmse": 0.4716168406158591, "f1": 0.7984072984544286}}