{"time": "2021-05-19T02:21:09.623501", "features": ["week"], "seed": 888, "split_id": 2, "metrics_train": {"acc": 0.6619841708965457, "auc": 0.509671486845831, "nll": 0.6395757607374855, "mse": 0.22370092635142316, "rmse": 0.4729703229077097, "f1": 0.7962243632551406}, "metrics_test": {"acc": 0.6614391743366879, "auc": 0.505609239937213, "nll": 0.6400617724188932, "mse": 0.2239308036265219, "rmse": 0.47321327498974697, "f1": 0.7962243632551406}}