{"time": "2021-05-19T03:36:55.971591", "features": ["user_avg_correct"], "seed": 888, "split_id": 3, "metrics_train": {"acc": 0.664714846269058, "auc": 0.5992578517046557, "nll": 0.6256273052928013, "mse": 0.21749834918695302, "rmse": 0.46636718279372213, "f1": 0.794150138110322}, "metrics_test": {"acc": 0.6656293130341789, "auc": 0.5975297436744762, "nll": 0.6249704969626442, "mse": 0.2172135277795881, "rmse": 0.4660617209979684, "f1": 0.794150138110322}}