{"time": "2021-05-19T01:18:02.893253", "features": ["tcA_TW", "tcW_TW"], "seed": 888, "split_id": 1, "metrics_train": {"acc": 0.6645649923362968, "auc": 0.6054664925088953, "nll": 0.6249347274554172, "mse": 0.21720970351108487, "rmse": 0.4660576182309274, "f1": 0.7924564290237507}, "metrics_test": {"acc": 0.665596684861333, "auc": 0.6092463376341818, "nll": 0.6242523540366299, "mse": 0.21687532023148717, "rmse": 0.465698744073341, "f1": 0.7924564290237507}}