{"time": "2021-05-19T03:15:01.144795", "features": ["icA_TW", "icW_TW"], "seed": 888, "split_id": 3, "metrics_train": {"acc": 0.661613623565622, "auc": 0.5306643931716168, "nll": 0.6340118790993086, "mse": 0.22149917458194596, "rmse": 0.4706369881149865, "f1": 0.7977186311787072}, "metrics_test": {"acc": 0.6635490421953579, "auc": 0.5294741137153269, "nll": 0.6328193673315912, "mse": 0.22093573004698316, "rmse": 0.4700380091513698, "f1": 0.7977186311787072}}