{"time": "2021-05-19T03:24:02.830116", "features": ["week"], "seed": 888, "split_id": 3, "metrics_train": {"acc": 0.6614673992999737, "auc": 0.5085930519206231, "nll": 0.6399497267900947, "mse": 0.22388018628065842, "rmse": 0.4731597893742223, "f1": 0.797743866165782}, "metrics_test": {"acc": 0.6635390277624358, "auc": 0.5101002571962517, "nll": 0.6385368259080371, "mse": 0.22320003887859197, "rmse": 0.47244051358725786, "f1": 0.797743866165782}}