{"time": "2021-05-19T03:45:06.360874", "features": ["bundle"], "seed": 888, "split_id": 4, "metrics_train": {"acc": 0.687064450498617, "auc": 0.68301698840284, "nll": 0.5906518159671964, "mse": 0.2026063221832691, "rmse": 0.45011812025652675, "f1": 0.7944937619168495}, "metrics_test": {"acc": 0.6876987552157783, "auc": 0.683057196586521, "nll": 0.5902125730945545, "mse": 0.20240247962986155, "rmse": 0.44989163098446444, "f1": 0.7944937619168495}}