{"time": "2021-05-19T02:35:37.177071", "features": ["rt"], "seed": 888, "split_id": 2, "metrics_train": {"acc": 0.6619841708965457, "auc": 0.5159261248695933, "nll": 0.6392440367006249, "mse": 0.2235538468328323, "rmse": 0.47281481240844425, "f1": 0.7962243632551406}, "metrics_test": {"acc": 0.6614391743366879, "auc": 0.5142443985310046, "nll": 0.639738440939296, "mse": 0.22378726047184797, "rmse": 0.4730615821136271, "f1": 0.7962243632551406}}