{"time": "2021-05-19T01:45:43.549797", "features": ["smA", "smW"], "seed": 888, "split_id": 1, "metrics_train": {"acc": 0.6623332243949913, "auc": 0.5399754368000793, "nll": 0.6368449061504304, "mse": 0.2224832808720473, "rmse": 0.47168133402971046, "f1": 0.7958678104609486}, "metrics_test": {"acc": 0.66150105559115, "auc": 0.539593806219667, "nll": 0.6371645391005719, "mse": 0.2226666610844069, "rmse": 0.47187568393000173, "f1": 0.7958678104609486}}