{"time": "2021-05-19T02:45:06.587188", "features": ["i"], "seed": 888, "split_id": 3, "metrics_train": {"acc": 0.6941041331631561, "auc": 0.7041482108504563, "nll": 0.5786992808134709, "mse": 0.19784430268575806, "rmse": 0.44479692297244827, "f1": 0.7965886696488321}, "metrics_test": {"acc": 0.695319982374598, "auc": 0.7038301936913027, "nll": 0.5777900771299166, "mse": 0.197378344353367, "rmse": 0.4442728264854458, "f1": 0.7965886696488321}}