{"time": "2021-05-19T03:38:18.630636", "features": ["n_gram"], "seed": 888, "split_id": 3, "metrics_train": {"acc": 0.6637143291126246, "auc": 0.5979250603238214, "nll": 0.6260792088556202, "mse": 0.21767623986368145, "rmse": 0.4665578633606784, "f1": 0.7964245723559612}, "metrics_test": {"acc": 0.6648287653357384, "auc": 0.597251889824102, "nll": 0.6251954573763836, "mse": 0.21727212425044515, "rmse": 0.46612458018264297, "f1": 0.7964245723559612}}