{"time": "2021-12-14T11:14:11.002551", "features": ["rpfa_F"], "seed": 888, "split_id": 0, "metrics_train": {"acc": 0.6626002190487263, "auc": 0.5479157877819328, "nll": 0.6362348272504464, "mse": 0.22214516935630882, "rmse": 0.47132278679935347, "f1": 0.795787305874286}, "metrics_test": {"acc": 0.661368637671713, "auc": 0.5459621357352824, "nll": 0.6371929794692118, "mse": 0.22260958512119575, "rmse": 0.47181520229979423, "f1": 0.795787305874286}}