{"time": "2021-06-22T17:45:32.489965", "features": ["ones"], "seed": 888, "split_id": 3, "metrics_train": {"acc": 0.6611205039242137, "auc": 0.5, "nll": 0.6402894550892041, "mse": 0.22404018321520847, "rmse": 0.4733288320134412, "f1": 0.7986576663398155}, "metrics_test": {"acc": 0.6648043975163257, "auc": 0.5, "nll": 0.6378275405365886, "mse": 0.22285308181874755, "rmse": 0.47207317422063666, "f1": 0.7986576663398155}}