{"time": "2021-05-19T02:37:47.730201", "features": ["smA", "smW"], "seed": 888, "split_id": 2, "metrics_train": {"acc": 0.6623533837152503, "auc": 0.5407482369313775, "nll": 0.6367396941742225, "mse": 0.2224440073916239, "rmse": 0.4716397008221678, "f1": 0.7957222449098653}, "metrics_test": {"acc": 0.6613469920309152, "auc": 0.5393198930232915, "nll": 0.6375936000938859, "mse": 0.22283404039817423, "rmse": 0.4720530059200706, "f1": 0.7957222449098653}}