{"time": "2021-05-19T00:55:38.400613", "features": ["user_avg_correct"], "seed": 888, "split_id": 0, "metrics_train": {"acc": 0.6648353221752549, "auc": 0.5980956249130708, "nll": 0.6256706691645325, "mse": 0.21751914691952037, "rmse": 0.46638947985511037, "f1": 0.7930974445421426}, "metrics_test": {"acc": 0.6653044942850334, "auc": 0.6021160068927064, "nll": 0.6248253004200427, "mse": 0.21713198485133792, "rmse": 0.4659742319606717, "f1": 0.7930974445421426}}