{"time": "2021-05-19T03:46:22.703833", "features": ["tcA", "tcW"], "seed": 888, "split_id": 4, "metrics_train": {"acc": 0.6645359862426645, "auc": 0.596366290359446, "nll": 0.6273860763194553, "mse": 0.21822603600894783, "rmse": 0.4671466964551369, "f1": 0.7928497383315032}, "metrics_test": {"acc": 0.6633106054032495, "auc": 0.592220313425985, "nll": 0.6285684773511179, "mse": 0.2187663524803475, "rmse": 0.4677246545568744, "f1": 0.7928497383315032}}