{"time": "2021-05-19T02:52:12.904522", "features": ["sm"], "seed": 888, "split_id": 3, "metrics_train": {"acc": 0.6624945501619359, "auc": 0.5444939924638293, "nll": 0.634242006382378, "mse": 0.2213161344852195, "rmse": 0.4704424879676787, "f1": 0.7922439953958451}, "metrics_test": {"acc": 0.664617551841381, "auc": 0.5437897627429119, "nll": 0.6328074829217634, "mse": 0.22062590772002216, "rmse": 0.46970832196164264, "f1": 0.7922439953958451}}