{"time": "2021-12-14T11:21:39.892628", "features": ["rpfa_F", "rpfa_R"], "seed": 888, "split_id": 1, "metrics_train": {"acc": 0.6643165689084534, "auc": 0.6170058175830745, "nll": 0.6187247037316407, "mse": 0.21480398745530596, "rmse": 0.46346951081522714, "f1": 0.793739150587066}, "metrics_test": {"acc": 0.6616414440886744, "auc": 0.6180218002836152, "nll": 0.620995799169737, "mse": 0.21584459227741373, "rmse": 0.4645907793719261, "f1": 0.793739150587066}}