{"time": "2021-05-19T04:21:07.817555", "features": ["n_gram"], "seed": 888, "split_id": 4, "metrics_train": {"acc": 0.6640853647763997, "auc": 0.5987414980953419, "nll": 0.6256511449869305, "mse": 0.21748333114806578, "rmse": 0.4663510814269286, "f1": 0.7952940923875492}, "metrics_test": {"acc": 0.6632755925169851, "auc": 0.5939068291523, "nll": 0.6269445013524426, "mse": 0.21806045131651292, "rmse": 0.4669694329573542, "f1": 0.7952940923875492}}