{"time": "2021-05-19T00:52:29.816980", "features": ["vt"], "seed": 888, "split_id": 0, "metrics_train": {"acc": 0.6622314849200438, "auc": 0.5412759609450146, "nll": 0.6372577086645986, "mse": 0.2226630045928689, "rmse": 0.4718718094915916, "f1": 0.7955315552902879}, "metrics_test": {"acc": 0.6604835176749011, "auc": 0.5374607591059913, "nll": 0.6388756481612451, "mse": 0.22342342353631808, "rmse": 0.47267687010929366, "f1": 0.7955315552902879}}