{"time": "2021-05-19T00:53:59.385773", "features": ["rt"], "seed": 888, "split_id": 0, "metrics_train": {"acc": 0.6622314849200438, "auc": 0.5163998518886813, "nll": 0.6390585258833267, "mse": 0.22346560668586604, "rmse": 0.47272148955369697, "f1": 0.7955315552902879}, "metrics_test": {"acc": 0.6604835176749011, "auc": 0.5125395427908934, "nll": 0.640458116870032, "mse": 0.22412779464116253, "rmse": 0.4734213711284721, "f1": 0.7955315552902879}}