{"time": "2021-05-19T03:47:55.181215", "features": ["icA", "icW"], "seed": 888, "split_id": 4, "metrics_train": {"acc": 0.6617488421562829, "auc": 0.5255019519916749, "nll": 0.6364451293765612, "mse": 0.22244089069612932, "rmse": 0.47163639670420826, "f1": 0.796917446758321}, "metrics_test": {"acc": 0.6623963123819266, "auc": 0.5251222861110222, "nll": 0.6357327845203818, "mse": 0.22215924072221338, "rmse": 0.4713377140885433, "f1": 0.796917446758321}}