{"time": "2021-05-19T00:55:25.436384", "features": ["smA", "smW"], "seed": 888, "split_id": 0, "metrics_train": {"acc": 0.6622078095726419, "auc": 0.5395356381728208, "nll": 0.6369513108957714, "mse": 0.22253843832066345, "rmse": 0.4717397993816755, "f1": 0.795438087183365}, "metrics_test": {"acc": 0.6609572484491062, "auc": 0.5449830037502401, "nll": 0.6372651343370738, "mse": 0.22268842255832616, "rmse": 0.4718987418486366, "f1": 0.795438087183365}}