{"time": "2021-05-19T01:02:28.379083", "features": ["s"], "seed": 888, "split_id": 1, "metrics_train": {"acc": 0.6628664726856494, "auc": 0.5890029953804379, "nll": 0.6283421645209103, "mse": 0.21875220316412744, "rmse": 0.46770952862233567, "f1": 0.7957277309864399}, "metrics_test": {"acc": 0.6625117186276642, "auc": 0.5878354537635277, "nll": 0.6288986649532343, "mse": 0.21899401240022429, "rmse": 0.46796796086935727, "f1": 0.7957277309864399}}