{"time": "2021-05-19T04:12:30.950062", "features": ["weekend"], "seed": 888, "split_id": 4, "metrics_train": {"acc": 0.6617488421562829, "auc": 0.4999998524988579, "nll": 0.6398686605786328, "mse": 0.22383731206121585, "rmse": 0.4731144809252998, "f1": 0.796917446758321}, "metrics_test": {"acc": 0.6623963123819266, "auc": 0.49970852077972117, "nll": 0.6394341457845297, "mse": 0.2236278572970179, "rmse": 0.47289307173717177, "f1": 0.796917446758321}}