{"time": "2021-05-19T02:32:25.947613", "features": ["vt"], "seed": 888, "split_id": 2, "metrics_train": {"acc": 0.6619841708965457, "auc": 0.5403558555414296, "nll": 0.6375442979605208, "mse": 0.22279656827667813, "rmse": 0.47201331366464455, "f1": 0.7962243632551406}, "metrics_test": {"acc": 0.6614391743366879, "auc": 0.5411468261979109, "nll": 0.6377458573407132, "mse": 0.22290125804999264, "rmse": 0.4721241976958951, "f1": 0.7962243632551406}}