{"time": "2021-12-14T11:12:12.045127", "features": ["ppe"], "seed": 888, "split_id": 2, "metrics_train": {"acc": 0.6626995704148864, "auc": 0.5904941906895266, "nll": 0.6278129246008364, "mse": 0.21852678194689293, "rmse": 0.4674684823032382, "f1": 0.7942259309197712}, "metrics_test": {"acc": 0.658750169478915, "auc": 0.589912974037385, "nll": 0.6306196112205077, "mse": 0.219832842533587, "rmse": 0.4688633516639864, "f1": 0.7942259309197712}}