{"time": "2021-06-25T15:44:41.246038", "features": ["resp_time_cat"], "seed": 888, "split_id": 0, "metrics_train": {"acc": 0.662441164470785, "auc": 0.5742586270718345, "nll": 0.6318402941635672, "mse": 0.22024853489896698, "rmse": 0.46930644029138036, "f1": 0.7949623301483687}, "metrics_test": {"acc": 0.6599630213475249, "auc": 0.5729348198739492, "nll": 0.633709053978536, "mse": 0.22112567328437716, "rmse": 0.4702400166769914, "f1": 0.7949623301483687}}