{"time": "2021-05-19T00:32:14.316908", "features": ["i"], "seed": 888, "split_id": 0, "metrics_train": {"acc": 0.6948283796614786, "auc": 0.7046049310145285, "nll": 0.5779692579095937, "mse": 0.19752192048740488, "rmse": 0.4444343826566582, "f1": 0.7939220792753734}, "metrics_test": {"acc": 0.6923707838918574, "auc": 0.7019067026100102, "nll": 0.5807779558445939, "mse": 0.19869111916735765, "rmse": 0.4457478201487447, "f1": 0.7939220792753734}}