{"time": "2021-05-19T01:00:36.641358", "features": ["sm"], "seed": 888, "split_id": 1, "metrics_train": {"acc": 0.662981885593962, "auc": 0.5441242694284437, "nll": 0.6339606878449932, "mse": 0.22117634326260813, "rmse": 0.4702938903096745, "f1": 0.7910110990471922}, "metrics_test": {"acc": 0.662647527387856, "auc": 0.5452774606124641, "nll": 0.6339559303087543, "mse": 0.22119486247272702, "rmse": 0.4703135788734225, "f1": 0.7910110990471922}}