{"time": "2021-05-19T03:51:57.141988", "features": ["scA_TW", "scW_TW"], "seed": 888, "split_id": 3, "metrics_train": {"acc": 0.662412634731486, "auc": 0.6128639656635748, "nll": 0.6219666504788983, "mse": 0.21613720814058193, "rmse": 0.46490559056714076, "f1": 0.7943189262631037}, "metrics_test": {"acc": 0.6637648077046798, "auc": 0.6125845148450175, "nll": 0.6208106380464158, "mse": 0.21561581479414701, "rmse": 0.4643445001226428, "f1": 0.7943189262631037}}