{"time": "2021-12-14T11:25:03.557770", "features": ["rpfa_F", "rpfa_R"], "seed": 888, "split_id": 2, "metrics_train": {"acc": 0.66482128136319, "auc": 0.6177291369147134, "nll": 0.6184144558876572, "mse": 0.21466992630553508, "rmse": 0.46332486044408955, "f1": 0.7931225097410833}, "metrics_test": {"acc": 0.6602265191382816, "auc": 0.614657225649644, "nll": 0.62212712045251, "mse": 0.21635225728810376, "rmse": 0.46513681566621207, "f1": 0.7931225097410833}}