{"time": "2021-12-14T11:15:46.113948", "features": ["ppe"], "seed": 888, "split_id": 4, "metrics_train": {"acc": 0.6608999265451536, "auc": 0.5900199836399884, "nll": 0.6291127589317033, "mse": 0.21913488303759576, "rmse": 0.46811844979406203, "f1": 0.7994206676855828}, "metrics_test": {"acc": 0.6659224080416184, "auc": 0.5917099241907452, "nll": 0.6254391178353311, "mse": 0.21741264473275285, "rmse": 0.4662752885718402, "f1": 0.7994206676855828}}