{"time": "2021-05-19T04:15:35.242962", "features": ["vs"], "seed": 888, "split_id": 4, "metrics_train": {"acc": 0.6617488421562829, "auc": 0.5329735558791646, "nll": 0.6378533133619936, "mse": 0.22295166152032947, "rmse": 0.47217757413957034, "f1": 0.796917446758321}, "metrics_test": {"acc": 0.6623963123819266, "auc": 0.5327205487648071, "nll": 0.6375997969670535, "mse": 0.2228168223566245, "rmse": 0.47203476816504153, "f1": 0.796917446758321}}