{"time": "2021-05-19T00:53:12.667255", "features": ["rc"], "seed": 888, "split_id": 0, "metrics_train": {"acc": 0.6622314849200438, "auc": 0.5537475350663499, "nll": 0.6350645444540773, "mse": 0.22163095628683913, "rmse": 0.4707769708543942, "f1": 0.7955315552902879}, "metrics_test": {"acc": 0.6604835176749011, "auc": 0.5480117454976434, "nll": 0.6370048183692361, "mse": 0.22252933471824782, "rmse": 0.4717301503171573, "f1": 0.7955315552902879}}