{"time": "2021-05-19T00:34:39.921490", "features": ["partcA", "partcW"], "seed": 888, "split_id": 0, "metrics_train": {"acc": 0.6650428384742283, "auc": 0.6094790659190719, "nll": 0.6227017281193972, "mse": 0.216302671041752, "rmse": 0.4650835097504017, "f1": 0.7928956074190618}, "metrics_test": {"acc": 0.6660245179244346, "auc": 0.6124535968419071, "nll": 0.622083891494686, "mse": 0.21600626777619572, "rmse": 0.4647647445495363, "f1": 0.7928956074190618}}