{"time": "2021-05-19T03:13:16.499034", "features": ["scA", "scW"], "seed": 888, "split_id": 3, "metrics_train": {"acc": 0.6614442719926518, "auc": 0.6031708173776588, "nll": 0.6250093213134778, "mse": 0.21745387170751468, "rmse": 0.46631949531143846, "f1": 0.7951952109150086}, "metrics_test": {"acc": 0.6628064568208, "auc": 0.6026533082383783, "nll": 0.623873017118943, "mse": 0.21693887321682348, "rmse": 0.4657669730850648, "f1": 0.7951952109150086}}