{"time": "2021-05-19T04:06:18.049003", "features": ["month"], "seed": 888, "split_id": 4, "metrics_train": {"acc": 0.6617488421562829, "auc": 0.5076941605347307, "nll": 0.6397848367918257, "mse": 0.22379983379408006, "rmse": 0.4730748712350721, "f1": 0.796917446758321}, "metrics_test": {"acc": 0.6623963123819266, "auc": 0.508575988765117, "nll": 0.6393412386186829, "mse": 0.22358635531187282, "rmse": 0.4728491887609334, "f1": 0.796917446758321}}