{"time": "2021-05-19T01:41:27.912303", "features": ["vw"], "seed": 888, "split_id": 1, "metrics_train": {"acc": 0.6619525801259574, "auc": 0.5429597523957442, "nll": 0.6372613896742474, "mse": 0.22267365975125364, "rmse": 0.4718830996669129, "f1": 0.7963258116225405}, "metrics_test": {"acc": 0.661579204166519, "auc": 0.5419296849595734, "nll": 0.6375276102440255, "mse": 0.2228048265392946, "rmse": 0.4720220614963824, "f1": 0.7963258116225405}}