{"time": "2021-05-19T01:14:15.952606", "features": ["scA", "scW"], "seed": 888, "split_id": 1, "metrics_train": {"acc": 0.6618365649324089, "auc": 0.6026246694704687, "nll": 0.6248756250188959, "mse": 0.21738223923468972, "rmse": 0.46624268276798697, "f1": 0.794213651488657}, "metrics_test": {"acc": 0.6615434958287101, "auc": 0.6053050191835757, "nll": 0.6244367286568411, "mse": 0.21720425126471937, "rmse": 0.4660517688677078, "f1": 0.794213651488657}}