{"time": "2021-05-19T02:12:06.770156", "features": ["scA_TW", "scW_TW"], "seed": 888, "split_id": 1, "metrics_train": {"acc": 0.6628160312971499, "auc": 0.6124922060062136, "nll": 0.6217671360142006, "mse": 0.21603721287990704, "rmse": 0.46479803450521073, "f1": 0.7934458601636564}, "metrics_test": {"acc": 0.6626162094194498, "auc": 0.6139437877648735, "nll": 0.6216528154482578, "mse": 0.2159889550917293, "rmse": 0.4647461189636007, "f1": 0.7934458601636564}}