{"time": "2021-05-19T01:47:50.174612", "features": ["n_gram"], "seed": 888, "split_id": 1, "metrics_train": {"acc": 0.6639253654158632, "auc": 0.5972612337176947, "nll": 0.6259591929331336, "mse": 0.21762055830467697, "rmse": 0.46649818681820937, "f1": 0.7954696389278425}, "metrics_test": {"acc": 0.6639517597917677, "auc": 0.5998495420099595, "nll": 0.6257052269340281, "mse": 0.21750809331006, "rmse": 0.4663776295128873, "f1": 0.7954696389278425}}