{"time": "2021-06-25T16:14:14.718144", "features": ["resp_time_cat"], "seed": 888, "split_id": 4, "metrics_train": {"acc": 0.6621876481822011, "auc": 0.5737925732425999, "nll": 0.6320639888356002, "mse": 0.2203533370029653, "rmse": 0.4694180833787353, "f1": 0.7956329182246223}, "metrics_test": {"acc": 0.6606232686564022, "auc": 0.5747634564775584, "nll": 0.6328620827962327, "mse": 0.22072940371429706, "rmse": 0.4698184795368282, "f1": 0.7956329182246223}}