{"time": "2021-05-20T15:27:07.139238", "features": ["at"], "seed": 888, "split_id": 0, "metrics_train": {"acc": 0.6622314849200438, "auc": 0.5171939332822045, "nll": 0.6389575381875398, "mse": 0.22341989505498436, "rmse": 0.4726731376490358, "f1": 0.7955315552902879}, "metrics_test": {"acc": 0.6604835176749011, "auc": 0.5178928915269356, "nll": 0.6400870503957974, "mse": 0.22396535719201718, "rmse": 0.47324978308713167, "f1": 0.7955315552902879}}