{"time": "2021-06-25T15:46:37.978497", "features": ["prev_resp_time_cat"], "seed": 888, "split_id": 0, "metrics_train": {"acc": 0.6624241460067262, "auc": 0.5255849871493419, "nll": 0.6383341034227057, "mse": 0.22312835760939428, "rmse": 0.47236464474957723, "f1": 0.7949703340491915}, "metrics_test": {"acc": 0.6599737328979683, "auc": 0.5241991737801843, "nll": 0.6401018631288191, "mse": 0.22397552011949604, "rmse": 0.47326052034740446, "f1": 0.7949703340491915}}