{"time": "2021-05-19T01:54:28.503119", "features": ["part"], "seed": 888, "split_id": 2, "metrics_train": {"acc": 0.6619841708965457, "auc": 0.5622236434206113, "nll": 0.6335775802729521, "mse": 0.22104822082618678, "rmse": 0.4701576552882945, "f1": 0.7962243632551406}, "metrics_test": {"acc": 0.6614391743366879, "auc": 0.5617771107156639, "nll": 0.6340364669816422, "mse": 0.22126574172054597, "rmse": 0.4703889260181897, "f1": 0.7962243632551406}}