{"time": "2021-05-19T00:31:03.147689", "features": ["part"], "seed": 888, "split_id": 0, "metrics_train": {"acc": 0.6622314849200438, "auc": 0.5621689702805432, "nll": 0.6334327237276892, "mse": 0.22097819166761584, "rmse": 0.47008317526541604, "f1": 0.7955315552902879}, "metrics_test": {"acc": 0.6604835176749011, "auc": 0.5619994073910062, "nll": 0.6345963170109683, "mse": 0.22153621615903638, "rmse": 0.4706763390686177, "f1": 0.7955315552902879}}