{"time": "2021-05-19T04:16:35.472495", "features": ["vt"], "seed": 888, "split_id": 4, "metrics_train": {"acc": 0.6617488421562829, "auc": 0.5403281157381011, "nll": 0.6376858140611457, "mse": 0.22286568757201414, "rmse": 0.4720865255141415, "f1": 0.796917446758321}, "metrics_test": {"acc": 0.6623963123819266, "auc": 0.5412422515636734, "nll": 0.6371662904132704, "mse": 0.22261703478808803, "rmse": 0.4718230969209626, "f1": 0.796917446758321}}