{"time": "2021-12-14T11:17:32.343207", "features": ["rpfa_R"], "seed": 888, "split_id": 4, "metrics_train": {"acc": 0.6608473619739458, "auc": 0.6024475546275563, "nll": 0.6250891632836101, "mse": 0.2175259602944088, "rmse": 0.4663967841810327, "f1": 0.7994155639018569}, "metrics_test": {"acc": 0.6658613041843571, "auc": 0.6047251554103714, "nll": 0.6211680754048889, "mse": 0.21572187173034302, "rmse": 0.46445868678531893, "f1": 0.7994155639018569}}