{"time": "2021-05-19T01:07:46.642358", "features": ["icA", "icW"], "seed": 888, "split_id": 1, "metrics_train": {"acc": 0.6619525801259574, "auc": 0.5251279008810821, "nll": 0.636361047417429, "mse": 0.2223971736858696, "rmse": 0.471590048332097, "f1": 0.7963258116225405}, "metrics_test": {"acc": 0.661579204166519, "auc": 0.5265773602127704, "nll": 0.6360708205117466, "mse": 0.22232482776062562, "rmse": 0.47151333783958393, "f1": 0.7963258116225405}}