{"time": "2021-12-14T11:25:59.553136", "features": ["rpfa_F", "rpfa_R"], "seed": 888, "split_id": 3, "metrics_train": {"acc": 0.6631903597700185, "auc": 0.6169915399315582, "nll": 0.6196618994350572, "mse": 0.215241508946838, "rmse": 0.46394127747683545, "f1": 0.7979350717452784}, "metrics_test": {"acc": 0.6667939534508738, "auc": 0.6174482993671883, "nll": 0.6171137543918264, "mse": 0.21405719077166804, "rmse": 0.4626631504363278, "f1": 0.7979350717452784}}