{"time": "2021-05-19T03:27:15.427571", "features": ["hour"], "seed": 888, "split_id": 3, "metrics_train": {"acc": 0.6614673992999737, "auc": 0.506956855945111, "nll": 0.6399727571039324, "mse": 0.2238902372158056, "rmse": 0.47317041033416873, "f1": 0.797743866165782}, "metrics_test": {"acc": 0.6635390277624358, "auc": 0.504894257284582, "nll": 0.638643758633847, "mse": 0.22324781826834983, "rmse": 0.4724910774483999, "f1": 0.797743866165782}}