{"time": "2021-05-19T03:07:42.368948", "features": ["tcA_TW", "tcW_TW"], "seed": 888, "split_id": 3, "metrics_train": {"acc": 0.6646756790550451, "auc": 0.6065045247781788, "nll": 0.6249171055644979, "mse": 0.21719976501724753, "rmse": 0.4660469558072958, "f1": 0.7929369802151821}, "metrics_test": {"acc": 0.6657686046920956, "auc": 0.6051857618380819, "nll": 0.6242945924008944, "mse": 0.21688735177217563, "rmse": 0.46571166162355826, "f1": 0.7929369802151821}}