{"time": "2021-05-19T01:41:52.775134", "features": ["vs"], "seed": 888, "split_id": 1, "metrics_train": {"acc": 0.6619525801259574, "auc": 0.5330580226293702, "nll": 0.6377467873124912, "mse": 0.22289788541563366, "rmse": 0.4721206259163368, "f1": 0.7963258116225405}, "metrics_test": {"acc": 0.661579204166519, "auc": 0.5323702173716297, "nll": 0.6380233659590383, "mse": 0.2230314798002277, "rmse": 0.4722620880403462, "f1": 0.7963258116225405}}