{"time": "2021-05-19T02:24:20.720338", "features": ["hour"], "seed": 888, "split_id": 2, "metrics_train": {"acc": 0.6619841708965457, "auc": 0.5068448082982807, "nll": 0.6396272205362079, "mse": 0.22372366267529065, "rmse": 0.47299435797405726, "f1": 0.7962243632551406}, "metrics_test": {"acc": 0.6614391743366879, "auc": 0.5054426634013993, "nll": 0.6400451286063904, "mse": 0.22392345005036016, "rmse": 0.4732055050930411, "f1": 0.7962243632551406}}