{"time": "2021-05-19T02:29:02.672907", "features": ["vw"], "seed": 888, "split_id": 2, "metrics_train": {"acc": 0.6619841708965457, "auc": 0.5422473523443119, "nll": 0.6373151812456683, "mse": 0.22269677192191853, "rmse": 0.4719075883283914, "f1": 0.7962243632551406}, "metrics_test": {"acc": 0.6614391743366879, "auc": 0.5443872040770836, "nll": 0.6373272275162798, "mse": 0.22272216406406262, "rmse": 0.4719344912846089, "f1": 0.7962243632551406}}