{"time": "2021-05-19T04:00:08.081232", "features": ["icA", "icW", "scA", "scW", "tcA", "tcW"], "seed": 888, "split_id": 4, "metrics_train": {"acc": 0.6669170864701967, "auc": 0.6272676525481904, "nll": 0.6168557755127878, "mse": 0.21382238018067107, "rmse": 0.4624093210356719, "f1": 0.7928062397701185}, "metrics_test": {"acc": 0.6657006154656485, "auc": 0.6239978907148611, "nll": 0.6177390355284149, "mse": 0.2142574315055125, "rmse": 0.4628794999840806, "f1": 0.7928062397701185}}