{"time": "2021-06-25T16:00:16.570954", "features": ["prev_resp_time_cat"], "seed": 888, "split_id": 2, "metrics_train": {"acc": 0.6617901748232177, "auc": 0.524594250966536, "nll": 0.638863081682793, "mse": 0.22338053106731914, "rmse": 0.47263149605937094, "f1": 0.7968307581510348}, "metrics_test": {"acc": 0.6625027044946429, "auc": 0.5276656552763916, "nll": 0.6380795565309443, "mse": 0.22301079268022073, "rmse": 0.47224018537204215, "f1": 0.7968307581510348}}