{"time": "2021-06-26T12:16:05.144114", "features": ["prev_lag_time_cat"], "seed": 888, "split_id": 0, "metrics_train": {"acc": 0.6623500744539059, "auc": 0.5200214211752865, "nll": 0.6388804510983757, "mse": 0.2233778037205516, "rmse": 0.4726286107722972, "f1": 0.7951774230871468}, "metrics_test": {"acc": 0.6599954535419229, "auc": 0.5210890422281493, "nll": 0.6404192715949807, "mse": 0.22412057650890882, "rmse": 0.47341374769741196, "f1": 0.7951774230871468}}