{"time": "2021-05-19T01:28:59.913785", "features": ["icA_TW", "icW_TW", "scA_TW", "scW_TW", "tcA_TW", "tcW_TW"], "seed": 888, "split_id": 0, "metrics_train": {"acc": 0.6679287505827706, "auc": 0.6409931820205862, "nll": 0.6111281255592121, "mse": 0.21154486355448412, "rmse": 0.45994006517641417, "f1": 0.7914012402755165}, "metrics_test": {"acc": 0.6680779404967043, "auc": 0.6427495117616528, "nll": 0.6108950936410851, "mse": 0.21143141940232624, "rmse": 0.4598167237088341, "f1": 0.7914012402755165}}