{"time": "2021-05-19T02:13:24.097641", "features": ["icA_TW", "icW_TW"], "seed": 888, "split_id": 2, "metrics_train": {"acc": 0.6621237458880826, "auc": 0.530176778256403, "nll": 0.6338099857155278, "mse": 0.2213886583503845, "rmse": 0.4705195621335892, "f1": 0.7961991899024013}, "metrics_test": {"acc": 0.6614748383107245, "auc": 0.5313782405459707, "nll": 0.6336379202453724, "mse": 0.22139033071501482, "rmse": 0.47052133927699263, "f1": 0.7961991899024013}}