{"time": "2021-05-19T01:37:00.942033", "features": ["scA_TW", "scW_TW"], "seed": 888, "split_id": 0, "metrics_train": {"acc": 0.6627746650332932, "auc": 0.6128558920013983, "nll": 0.6215332899531326, "mse": 0.2159409953641622, "rmse": 0.4646945183280756, "f1": 0.7929102484516882}, "metrics_test": {"acc": 0.6619094237365633, "auc": 0.6129191918139881, "nll": 0.6228118424132917, "mse": 0.2164471109205193, "rmse": 0.46523876764573185, "f1": 0.7929102484516882}}