{"time": "2021-05-19T01:35:09.632611", "features": ["month"], "seed": 888, "split_id": 1, "metrics_train": {"acc": 0.6619525801259574, "auc": 0.5076172721152346, "nll": 0.6396501365788198, "mse": 0.22373481957253197, "rmse": 0.4730061517280002, "f1": 0.7963258116225405}, "metrics_test": {"acc": 0.661579204166519, "auc": 0.5080313014630525, "nll": 0.6399026579414331, "mse": 0.22385658609932724, "rmse": 0.47313484980428916, "f1": 0.7963258116225405}}