{"time": "2021-05-19T03:56:43.230610", "features": ["icA_TW", "icW_TW"], "seed": 888, "split_id": 4, "metrics_train": {"acc": 0.6618930857521841, "auc": 0.5308999249242421, "nll": 0.6338033176036029, "mse": 0.22139973464332594, "rmse": 0.4705313322652658, "f1": 0.7968981768958688}, "metrics_test": {"acc": 0.6624124487555964, "auc": 0.5285381872901492, "nll": 0.6336714561740326, "mse": 0.22134684688596803, "rmse": 0.4704751288707704, "f1": 0.7968981768958688}}