{"time": "2021-05-19T01:36:44.065206", "features": ["week"], "seed": 888, "split_id": 1, "metrics_train": {"acc": 0.6619525801259574, "auc": 0.5089364724482358, "nll": 0.639619045375759, "mse": 0.2237209585810675, "rmse": 0.47299149948077024, "f1": 0.7963258116225405}, "metrics_test": {"acc": 0.661579204166519, "auc": 0.5066365348358262, "nll": 0.6399037286651493, "mse": 0.2238571769129249, "rmse": 0.473135474164562, "f1": 0.7963258116225405}}