{"time": "2021-05-20T15:31:07.613135", "features": ["s"], "seed": 888, "split_id": 0, "metrics_train": {"acc": 0.6632397540800328, "auc": 0.5888801965353201, "nll": 0.6282021016651609, "mse": 0.21868017485932928, "rmse": 0.46763252117376236, "f1": 0.7942267671973781}, "metrics_test": {"acc": 0.6615016853090135, "auc": 0.588243440752632, "nll": 0.6294548680571175, "mse": 0.21927755881768485, "rmse": 0.4682708178155936, "f1": 0.7942267671973781}}