{"time": "2021-06-22T17:45:33.365487", "features": ["ones"], "seed": 888, "split_id": 0, "metrics_train": {"acc": 0.6623500744539059, "auc": 0.5, "nll": 0.6394643674495807, "mse": 0.22364245332481208, "rmse": 0.47290850417899244, "f1": 0.7951774230871468}, "metrics_test": {"acc": 0.6599954535419229, "auc": 0.5, "nll": 0.6410508744754326, "mse": 0.22440699896505095, "rmse": 0.4737161586488801, "f1": 0.7951774230871468}}