{"time": "2021-05-19T04:13:08.455307", "features": ["icA_TW", "icW_TW", "scA_TW", "scW_TW", "tcA_TW", "tcW_TW"], "seed": 888, "split_id": 3, "metrics_train": {"acc": 0.6678818698920358, "auc": 0.6416392856749382, "nll": 0.6110946328132897, "mse": 0.21154963275898933, "rmse": 0.4599452497406505, "f1": 0.7923207200066634}, "metrics_test": {"acc": 0.6685811430048882, "auc": 0.6401630595182447, "nll": 0.6107468579937089, "mse": 0.21135925315612142, "rmse": 0.4597382441739227, "f1": 0.7923207200066634}}