{"time": "2021-12-14T11:12:14.197848", "features": ["ppe"], "seed": 888, "split_id": 0, "metrics_train": {"acc": 0.6620767542734626, "auc": 0.5906898857610724, "nll": 0.6281746063887677, "mse": 0.2186985723528345, "rmse": 0.46765219164763305, "f1": 0.7960909275073894}, "metrics_test": {"acc": 0.6613142203616876, "auc": 0.5890915241213938, "nll": 0.6291009077185775, "mse": 0.2191117422646654, "rmse": 0.46809373234926505, "f1": 0.7960909275073894}}