{"time": "2021-05-19T03:42:59.469721", "features": ["at"], "seed": 888, "split_id": 4, "metrics_train": {"acc": 0.6617488421562829, "auc": 0.5173455738850167, "nll": 0.639268416173488, "mse": 0.22357009519760465, "rmse": 0.4728319946847978, "f1": 0.796917446758321}, "metrics_test": {"acc": 0.6623963123819266, "auc": 0.517270656103811, "nll": 0.6388534889035099, "mse": 0.22336940320006346, "rmse": 0.4726197236680495, "f1": 0.796917446758321}}