{"time": "2021-05-19T02:04:47.476161", "features": ["scA", "scW"], "seed": 888, "split_id": 2, "metrics_train": {"acc": 0.6618405632407267, "auc": 0.6033828374934906, "nll": 0.6246437579441368, "mse": 0.2172872097560923, "rmse": 0.46614076174058444, "f1": 0.7938898307718593}, "metrics_test": {"acc": 0.6612638768371858, "auc": 0.601779586468595, "nll": 0.6253503419069091, "mse": 0.21761147716762783, "rmse": 0.46648845341297335, "f1": 0.7938898307718593}}