{"time": "2021-05-19T02:53:45.462084", "features": ["at"], "seed": 888, "split_id": 3, "metrics_train": {"acc": 0.6614673992999737, "auc": 0.5169510392503927, "nll": 0.6394884320449101, "mse": 0.22367480571488732, "rmse": 0.47294270870253124, "f1": 0.797743866165782}, "metrics_test": {"acc": 0.6635390277624358, "auc": 0.5189399452575509, "nll": 0.6379642535956498, "mse": 0.2229460223219938, "rmse": 0.4721716026213285, "f1": 0.797743866165782}}