{"time": "2021-05-19T00:57:36.777310", "features": ["n_gram"], "seed": 888, "split_id": 0, "metrics_train": {"acc": 0.6638175828763052, "auc": 0.5971165526569016, "nll": 0.6260405717052828, "mse": 0.21765877684103563, "rmse": 0.466539148240569, "f1": 0.79539731054199}, "metrics_test": {"acc": 0.6643758876928103, "auc": 0.6004296529755978, "nll": 0.6256111652072561, "mse": 0.21745304711025204, "rmse": 0.4663186111557762, "f1": 0.79539731054199}}