{"time": "2021-05-19T03:01:03.758360", "features": ["icA_TW", "icW_TW", "scA_TW", "scW_TW", "tcA_TW", "tcW_TW"], "seed": 888, "split_id": 1, "metrics_train": {"acc": 0.6678853908413345, "auc": 0.6407504318413192, "nll": 0.6111914793153456, "mse": 0.21158689515575413, "rmse": 0.4599857553835272, "f1": 0.7916594680195156}, "metrics_test": {"acc": 0.6685736480076943, "auc": 0.643738076775699, "nll": 0.6103799416437019, "mse": 0.2112105980296831, "rmse": 0.4595765420794267, "f1": 0.7916594680195156}}