{"time": "2021-05-19T02:50:29.399335", "features": ["s"], "seed": 888, "split_id": 3, "metrics_train": {"acc": 0.662514618696354, "auc": 0.58847285111517, "nll": 0.6287906190021674, "mse": 0.2189576297240275, "rmse": 0.46792908621288704, "f1": 0.7963403820389221}, "metrics_test": {"acc": 0.6643990551230804, "auc": 0.5899714807542439, "nll": 0.6270978168775707, "mse": 0.2181697016434954, "rmse": 0.46708639633743926, "f1": 0.7963403820389221}}