{"time": "2021-06-26T12:14:39.678843", "features": ["prev_lag_time_cat"], "seed": 888, "split_id": 1, "metrics_train": {"acc": 0.662043125084817, "auc": 0.5206921565830325, "nll": 0.639051271311329, "mse": 0.22346120004615128, "rmse": 0.47271682860476977, "f1": 0.7960476463261899}, "metrics_test": {"acc": 0.6611953071872685, "auc": 0.5184182035441222, "nll": 0.6397497758629979, "mse": 0.22379280516265568, "rmse": 0.47306744250968663, "f1": 0.7960476463261899}}