{"time": "2021-05-19T01:52:48.892688", "features": ["at"], "seed": 888, "split_id": 2, "metrics_train": {"acc": 0.6619841708965457, "auc": 0.5177198169247811, "nll": 0.6390891065440157, "mse": 0.22348451482007856, "rmse": 0.472741488363438, "f1": 0.7962243632551406}, "metrics_test": {"acc": 0.6614391743366879, "auc": 0.5157696449299539, "nll": 0.6395832880428182, "mse": 0.22371769532142044, "rmse": 0.4729880498716859, "f1": 0.7962243632551406}}