{"time": "2021-05-19T00:45:12.611270", "features": ["month"], "seed": 888, "split_id": 0, "metrics_train": {"acc": 0.6622314849200438, "auc": 0.5087486502199651, "nll": 0.6394368725606551, "mse": 0.2236329885821724, "rmse": 0.47289849712403653, "f1": 0.7955315552902879}, "metrics_test": {"acc": 0.6604835176749011, "auc": 0.504339805822279, "nll": 0.6407334417858486, "mse": 0.22425340872923782, "rmse": 0.4735540188080319, "f1": 0.7955315552902879}}