{"time": "2021-05-19T00:51:38.054290", "features": ["vs"], "seed": 888, "split_id": 0, "metrics_train": {"acc": 0.6622314849200438, "auc": 0.5336586710824436, "nll": 0.6375524795292471, "mse": 0.2228034001582087, "rmse": 0.47202055056767256, "f1": 0.7955315552902879}, "metrics_test": {"acc": 0.6604835176749011, "auc": 0.5296609559615959, "nll": 0.6388028908741982, "mse": 0.22340868760755464, "rmse": 0.47266128211178315, "f1": 0.7955315552902879}}