{"time": "2021-12-14T11:12:18.676782", "features": ["rpfa_R"], "seed": 888, "split_id": 1, "metrics_train": {"acc": 0.662779294761976, "auc": 0.6030019180677012, "nll": 0.6237055380843661, "mse": 0.21688440770986234, "rmse": 0.46570850079192494, "f1": 0.7938653764613464}, "metrics_test": {"acc": 0.6581948982958272, "auc": 0.6024790150534781, "nll": 0.6266526647821141, "mse": 0.21827451600383863, "rmse": 0.46719858304990464, "f1": 0.7938653764613464}}