{"time": "2021-05-19T01:23:33.704487", "features": ["icA_TW", "icW_TW"], "seed": 888, "split_id": 1, "metrics_train": {"acc": 0.6620875673044341, "auc": 0.5303040800401184, "nll": 0.6337819663571957, "mse": 0.22138121067776517, "rmse": 0.47051164775993076, "f1": 0.7963077649521336}, "metrics_test": {"acc": 0.661621059021492, "auc": 0.5308600861916295, "nll": 0.6337478551105795, "mse": 0.22141022332867427, "rmse": 0.47054247770915886, "f1": 0.7963077649521336}}