{"time": "2021-12-14T11:15:30.467208", "features": ["rpfa_R"], "seed": 888, "split_id": 2, "metrics_train": {"acc": 0.6626464718653915, "auc": 0.6033018138004138, "nll": 0.6236631625766104, "mse": 0.2168742726697676, "rmse": 0.46569761935162135, "f1": 0.7942293405617333}, "metrics_test": {"acc": 0.6586945219803008, "auc": 0.601392850262799, "nll": 0.6268549818574943, "mse": 0.2183292930121515, "rmse": 0.46725720220468675, "f1": 0.7942293405617333}}