{"time": "2021-05-19T02:11:36.300642", "features": ["icA", "icW", "scA", "scW", "tcA", "tcW"], "seed": 888, "split_id": 2, "metrics_train": {"acc": 0.6667656411925007, "auc": 0.6269909301655551, "nll": 0.6168638908446964, "mse": 0.21382985357001755, "rmse": 0.4624174018892645, "f1": 0.7927571666835223}, "metrics_test": {"acc": 0.6661709978749711, "auc": 0.6254750908420053, "nll": 0.6176644217641627, "mse": 0.2141922631762597, "rmse": 0.4628091001441736, "f1": 0.7927571666835223}}