{"time": "2021-12-14T11:14:51.350499", "features": ["ppe"], "seed": 888, "split_id": 3, "metrics_train": {"acc": 0.6611211474255553, "auc": 0.590163829832616, "nll": 0.6289486978921363, "mse": 0.21905744077587114, "rmse": 0.46803572596103293, "f1": 0.7988070481925814}, "metrics_test": {"acc": 0.6650741266035879, "auc": 0.5911833458000574, "nll": 0.626085574577244, "mse": 0.21771713658037714, "rmse": 0.46660168943155056, "f1": 0.7988070481925814}}