{"time": "2021-06-25T16:05:02.658651", "features": ["resp_time_cat"], "seed": 888, "split_id": 3, "metrics_train": {"acc": 0.6612123393689586, "auc": 0.5736086668142348, "nll": 0.6327932867014084, "mse": 0.22069642956639704, "rmse": 0.4697833857922149, "f1": 0.7984268026322233}, "metrics_test": {"acc": 0.6647714103054382, "auc": 0.5754907285794163, "nll": 0.6299870721457849, "mse": 0.2193761662815562, "rmse": 0.46837609490830784, "f1": 0.7984268026322233}}