{"time": "2021-05-19T01:39:48.169264", "features": ["weekend"], "seed": 888, "split_id": 1, "metrics_train": {"acc": 0.6619525801259574, "auc": 0.5000062586804525, "nll": 0.6397318397324822, "mse": 0.22377136174889245, "rmse": 0.4730447777419094, "f1": 0.7963258116225405}, "metrics_test": {"acc": 0.661579204166519, "auc": 0.4996979739242843, "nll": 0.6399827605017738, "mse": 0.22389230428158674, "rmse": 0.47317259460115263, "f1": 0.7963258116225405}}