{"time": "2021-05-19T04:19:43.385810", "features": ["user_avg_correct"], "seed": 888, "split_id": 4, "metrics_train": {"acc": 0.665149711061814, "auc": 0.5998426099677374, "nll": 0.62520041618354, "mse": 0.2173085025925877, "rmse": 0.4661636006731839, "f1": 0.7926738230237229}, "metrics_test": {"acc": 0.6636339417964047, "auc": 0.5951247289829025, "nll": 0.6267144560397879, "mse": 0.21799330757016677, "rmse": 0.4668975343372106, "f1": 0.7926738230237229}}