{"time": "2021-05-19T00:50:42.528027", "features": ["vw"], "seed": 888, "split_id": 0, "metrics_train": {"acc": 0.6622314849200438, "auc": 0.5417546346642905, "nll": 0.636998381947792, "mse": 0.2225512411973128, "rmse": 0.4717533690365261, "f1": 0.7955315552902879}, "metrics_test": {"acc": 0.6604835176749011, "auc": 0.5382704867110217, "nll": 0.6385779739239577, "mse": 0.22328851747420492, "rmse": 0.4725341442416674, "f1": 0.7955315552902879}}