{"time": "2021-05-19T03:02:37.703967", "features": ["icA", "icW"], "seed": 888, "split_id": 3, "metrics_train": {"acc": 0.6614673992999737, "auc": 0.5254777747961813, "nll": 0.6366369852320366, "mse": 0.22253174398241612, "rmse": 0.47173270395682354, "f1": 0.797743866165782}, "metrics_test": {"acc": 0.6635390277624358, "auc": 0.5252327895148292, "nll": 0.634948892546941, "mse": 0.2217832918587033, "rmse": 0.47093873471896885, "f1": 0.797743866165782}}