{"time": "2021-05-19T01:43:36.409270", "features": ["rc"], "seed": 888, "split_id": 1, "metrics_train": {"acc": 0.6619525801259574, "auc": 0.55313569584581, "nll": 0.6353625095799511, "mse": 0.2217694030085831, "rmse": 0.4709239885677763, "f1": 0.7963258116225405}, "metrics_test": {"acc": 0.661579204166519, "auc": 0.5514290942259388, "nll": 0.6358132142910002, "mse": 0.22197792892156873, "rmse": 0.4711453373658374, "f1": 0.7963258116225405}}