{"time": "2021-05-19T01:02:04.889106", "features": ["at"], "seed": 888, "split_id": 1, "metrics_train": {"acc": 0.6619525801259574, "auc": 0.5174662242015928, "nll": 0.639126516305629, "mse": 0.2235019339203383, "rmse": 0.4727599114987842, "f1": 0.7963258116225405}, "metrics_test": {"acc": 0.661579204166519, "auc": 0.5168249970615278, "nll": 0.6394213225690828, "mse": 0.2236422074219208, "rmse": 0.47290824418899785, "f1": 0.7963258116225405}}