{"time": "2021-12-14T11:17:42.822098", "features": ["rpfa_F"], "seed": 888, "split_id": 4, "metrics_train": {"acc": 0.6613863370973482, "auc": 0.5472474069290132, "nll": 0.637078348394549, "mse": 0.2225537136316995, "rmse": 0.47175598950272957, "f1": 0.7991625199729702}, "metrics_test": {"acc": 0.6660703436960408, "auc": 0.5477124569645002, "nll": 0.6338950170404416, "mse": 0.22101436897167498, "rmse": 0.4701216533746079, "f1": 0.7991625199729702}}