{"time": "2021-05-19T01:57:54.367170", "features": ["icA", "icW"], "seed": 888, "split_id": 2, "metrics_train": {"acc": 0.6619841708965457, "auc": 0.5249982594137763, "nll": 0.6363342505036323, "mse": 0.22238789899853617, "rmse": 0.4715802148081874, "f1": 0.7962243632551406}, "metrics_test": {"acc": 0.6614391743366879, "auc": 0.5271505930215953, "nll": 0.6361719078965178, "mse": 0.22236326012213223, "rmse": 0.471554090346094, "f1": 0.7962243632551406}}