{"time": "2021-05-19T03:33:46.471104", "features": ["vt"], "seed": 888, "split_id": 3, "metrics_train": {"acc": 0.6614673992999737, "auc": 0.5398766126597196, "nll": 0.6379167257080877, "mse": 0.22297496458143648, "rmse": 0.47220224965732266, "f1": 0.797743866165782}, "metrics_test": {"acc": 0.6635390277624358, "auc": 0.5430961301387547, "nll": 0.6362323775709359, "mse": 0.2221754136769361, "rmse": 0.47135487021663, "f1": 0.797743866165782}}