{"time": "2021-06-26T12:16:56.665903", "features": ["lag_time_cat"], "seed": 888, "split_id": 3, "metrics_train": {"acc": 0.6611205039242137, "auc": 0.5184264675992388, "nll": 0.6397805895126896, "mse": 0.22380948573313555, "rmse": 0.4730850724057308, "f1": 0.7986576663398155}, "metrics_test": {"acc": 0.6648043975163257, "auc": 0.5164732974238857, "nll": 0.6373923756073413, "mse": 0.2226564685710686, "rmse": 0.4718648838079272, "f1": 0.7986576663398155}}