{"time": "2021-05-19T03:34:18.706729", "features": ["rc"], "seed": 888, "split_id": 3, "metrics_train": {"acc": 0.6614673992999737, "auc": 0.5521235095911704, "nll": 0.63581806331626, "mse": 0.22198443268768658, "rmse": 0.4711522393958099, "f1": 0.797743866165782}, "metrics_test": {"acc": 0.6635390277624358, "auc": 0.5557762960207341, "nll": 0.6339839733413335, "mse": 0.22111892862124896, "rmse": 0.4702328451110672, "f1": 0.797743866165782}}