{"time": "2021-05-19T00:47:25.448153", "features": ["day"], "seed": 888, "split_id": 0, "metrics_train": {"acc": 0.6622314849200438, "auc": 0.5027920847730042, "nll": 0.6395331740751207, "mse": 0.22367599519337217, "rmse": 0.4729439662300093, "f1": 0.7955315552902879}, "metrics_test": {"acc": 0.6604835176749011, "auc": 0.5024292533708223, "nll": 0.6407120697301718, "mse": 0.22424405849320897, "rmse": 0.47354414629811337, "f1": 0.7955315552902879}}