{"time": "2021-05-19T03:36:17.543484", "features": ["smA", "smW"], "seed": 888, "split_id": 3, "metrics_train": {"acc": 0.6618609365455322, "auc": 0.5407245408251629, "nll": 0.6370605458016049, "mse": 0.22259598231134115, "rmse": 0.47180078667944286, "f1": 0.7972316059839918}, "metrics_test": {"acc": 0.6633290281387357, "auc": 0.5386216166424699, "nll": 0.6362816491546448, "mse": 0.22221450747463178, "rmse": 0.4713963379945073, "f1": 0.7972316059839918}}