{"time": "2021-06-26T12:15:38.192614", "features": ["lag_time_cat"], "seed": 888, "split_id": 4, "metrics_train": {"acc": 0.6621876481822011, "auc": 0.518297691553158, "nll": 0.6390744747985896, "mse": 0.22346916501073422, "rmse": 0.4727252531975991, "f1": 0.7956329182246223}, "metrics_test": {"acc": 0.6606232686564022, "auc": 0.5170536356514522, "nll": 0.640159784310762, "mse": 0.22399082562155023, "rmse": 0.4732766903424996, "f1": 0.7956329182246223}}