{"time": "2021-06-22T17:45:32.650356", "features": ["ones"], "seed": 888, "split_id": 1, "metrics_train": {"acc": 0.662043125084817, "auc": 0.5, "nll": 0.6396709745928136, "mse": 0.2237420256127469, "rmse": 0.4730137689462611, "f1": 0.7960476463261899}, "metrics_test": {"acc": 0.6611953071872685, "auc": 0.5, "nll": 0.6402410577633533, "mse": 0.2240167916930486, "rmse": 0.47330412177906145, "f1": 0.7960476463261899}}