{"time": "2021-05-19T04:59:07.499970", "features": ["icA_TW", "icW_TW", "scA_TW", "scW_TW", "tcA_TW", "tcW_TW"], "seed": 888, "split_id": 4, "metrics_train": {"acc": 0.6683547515815919, "auc": 0.6422136141117567, "nll": 0.6106616652184697, "mse": 0.2113605664803982, "rmse": 0.45973967251086584, "f1": 0.7910551250370361}, "metrics_test": {"acc": 0.6667747499242656, "auc": 0.6376665987237878, "nll": 0.6125038515367563, "mse": 0.21214687128803833, "rmse": 0.4605940417417906, "f1": 0.7910551250370361}}