{"time": "2021-05-19T03:16:26.501843", "features": ["icA", "icW", "scA", "scW", "tcA", "tcW"], "seed": 888, "split_id": 3, "metrics_train": {"acc": 0.6664916203051193, "auc": 0.6268409379047161, "nll": 0.6172128982272094, "mse": 0.21398366828665594, "rmse": 0.46258368787350895, "f1": 0.7940281061252411}, "metrics_test": {"acc": 0.6673903358901495, "auc": 0.6259991017958639, "nll": 0.6162571027922663, "mse": 0.21357843940854632, "rmse": 0.4621454742919661, "f1": 0.7940281061252411}}