{"time": "2021-05-19T00:49:58.446305", "features": ["part_of_day"], "seed": 888, "split_id": 0, "metrics_train": {"acc": 0.6622314849200438, "auc": 0.5056491459141531, "nll": 0.6394907096918814, "mse": 0.22365693877674264, "rmse": 0.4729238192106025, "f1": 0.7955315552902879}, "metrics_test": {"acc": 0.6604835176749011, "auc": 0.5072284181827523, "nll": 0.6406217300169512, "mse": 0.22420342793333714, "rmse": 0.4735012438561668, "f1": 0.7955315552902879}}