{"time": "2021-05-19T04:07:53.946336", "features": ["week"], "seed": 888, "split_id": 4, "metrics_train": {"acc": 0.6617488421562829, "auc": 0.5089503374612511, "nll": 0.6397535462249899, "mse": 0.22378589962365925, "rmse": 0.47306014376996425, "f1": 0.796917446758321}, "metrics_test": {"acc": 0.6623963123819266, "auc": 0.5085494252755295, "nll": 0.6393325074438875, "mse": 0.22358247069904916, "rmse": 0.4728450810773537, "f1": 0.796917446758321}}