{"time": "2021-06-26T12:16:53.640432", "features": ["lag_time_cat"], "seed": 888, "split_id": 1, "metrics_train": {"acc": 0.662043125084817, "auc": 0.5185904360798193, "nll": 0.6391546796363309, "mse": 0.22350836243635605, "rmse": 0.4727667103724162, "f1": 0.7960476463261899}, "metrics_test": {"acc": 0.6611953071872685, "auc": 0.5161908690569165, "nll": 0.639844696363306, "mse": 0.22383635773228827, "rmse": 0.473113472363965, "f1": 0.7960476463261899}}