{"time": "2021-06-04T02:49:07.165813", "features": ["hour", "i", "icA_TW", "icW_TW", "n_gram", "postcA", "postcW", "precA", "precW", "rc", "s", "scA_TW", "scW_TW", "sm", "tcA_TW", "tcW_TW", "user_avg_correct"], "seed": 888, "split_id": 1, "metrics_train": {"acc": 0.8584607334243094, "auc": 0.853069671574325, "nll": 0.3239003203879135, "mse": 0.10217890779762133, "rmse": 0.3196543567630845, "f1": 0.9191302320252127}, "metrics_test": {"acc": 0.8582991918937045, "auc": 0.852920883218065, "nll": 0.32384184249978026, "mse": 0.10220527782196082, "rmse": 0.31969560181829343, "f1": 0.9191302320252127}}