{"time": "2021-12-26T05:55:56.932970", "features": ["i", "icA_TW", "icW_TW", "n_gram", "ppe", "rpfa_F", "rpfa_R", "s", "scA_TW", "scW_TW", "tcA_TW", "tcW_TW", "user_avg_correct"], "seed": 888, "split_id": 0, "metrics_train": {"acc": 0.8507394977350958, "auc": 0.7917074381035942, "nll": 0.3677670694832816, "mse": 0.1124736143851723, "rmse": 0.33537086096614344, "f1": 0.9152135143412994}, "metrics_test": {"acc": 0.8498228291054011, "auc": 0.7901810361233127, "nll": 0.36953364439252434, "mse": 0.11314315590253153, "rmse": 0.3363675904461242, "f1": 0.9152135143412994}}