{"time": "2021-12-27T03:05:13.195203", "features": ["hour", "i", "icA_TW", "icW_TW", "lag_time_cat", "n_gram", "postcA", "postcW", "ppe", "precA", "precW", "prev_resp_time_cat", "rc", "rpfa_F", "rpfa_R", "rt", "s", "scA_TW", "scW_TW", "sm", "tcA_TW", "tcW_TW", "user_avg_correct"], "seed": 888, "split_id": 0, "metrics_train": {"acc": 0.8639553361206244, "auc": 0.8610704656394308, "nll": 0.31547218230470797, "mse": 0.09888004501984388, "rmse": 0.31445197569715455, "f1": 0.921338149783381}, "metrics_test": {"acc": 0.8626259828502691, "auc": 0.8592798202207327, "nll": 0.3177433137639251, "mse": 0.09970958909038423, "rmse": 0.31576825218882315, "f1": 0.921338149783381}}