{"time": "2021-06-28T17:39:41.561132", "features": ["hour", "i", "icA_TW", "icW_TW", "lag_time_cat", "n_gram", "postcA", "postcW", "precA", "precW", "prev_resp_time_cat", "rc", "s", "scA_TW", "scW_TW", "sm", "tcA_TW", "tcW_TW", "user_avg_correct"], "seed": 888, "split_id": 0, "metrics_train": {"acc": 0.8631684999538258, "auc": 0.8590875412682679, "nll": 0.3172989606470584, "mse": 0.09948686494471896, "rmse": 0.31541538476225117, "f1": 0.9209332145166702}, "metrics_test": {"acc": 0.8617847537273093, "auc": 0.8571627785734615, "nll": 0.31967466882598855, "mse": 0.10035023759316045, "rmse": 0.316781056240995, "f1": 0.9209332145166702}}