{"time": "2021-06-02T00:07:03.024557", "features": ["s", "scA", "scW"], "seed": 888, "split_id": 3, "metrics_train": {"acc": 0.8382143871779741, "auc": 0.7018699755157196, "nll": 0.41396730096344436, "mse": 0.12722470545744613, "rmse": 0.35668572365241386, "f1": 0.9110300876740735}, "metrics_test": {"acc": 0.8397155457873268, "auc": 0.7030895608249979, "nll": 0.4115493708585802, "mse": 0.12624794163733447, "rmse": 0.3553138635591559, "f1": 0.9110300876740735}}