{"time": "2021-06-29T06:16:23.261881", "features": ["hour", "i", "icA_TW", "icW_TW", "lag_time_cat", "n_gram", "postcA", "postcW", "precA", "precW", "prev_resp_time_cat", "rc", "s", "scA_TW", "scW_TW", "sm", "tcA_TW", "tcW_TW", "user_avg_correct"], "seed": 888, "split_id": 4, "metrics_train": {"acc": 0.8626892365489627, "auc": 0.8586102648341808, "nll": 0.31802291199198957, "mse": 0.09978139365640619, "rmse": 0.31588192993016584, "f1": 0.9216570148995233}, "metrics_test": {"acc": 0.8630489619784754, "auc": 0.8586951582643095, "nll": 0.3175548748920421, "mse": 0.09958317864456163, "rmse": 0.31556802538369066, "f1": 0.9216570148995233}}