{"time": "2021-06-04T04:49:31.112909", "features": ["hour", "i", "icA_TW", "icW_TW", "n_gram", "postcA", "postcW", "precA", "precW", "rc", "s", "scA_TW", "scW_TW", "sm", "tcA_TW", "tcW_TW", "user_avg_correct"], "seed": 888, "split_id": 4, "metrics_train": {"acc": 0.8583850557893727, "auc": 0.852981529833934, "nll": 0.3240076708335394, "mse": 0.1022296474468323, "rmse": 0.3197337133410118, "f1": 0.9193957213370628}, "metrics_test": {"acc": 0.8588361264025035, "auc": 0.8531763915558634, "nll": 0.3234475073711181, "mse": 0.10200046790206396, "rmse": 0.3193751209816819, "f1": 0.9193957213370628}}