{"time": "2021-12-14T08:55:58.629208", "features": ["ppe", "s"], "seed": 888, "split_id": 2, "metrics_train": {"acc": 0.8309519944111744, "auc": 0.6483539325384416, "nll": 0.4347419594146979, "mse": 0.13470374245819283, "rmse": 0.3670200845433296, "f1": 0.9065741527388625}, "metrics_test": {"acc": 0.8299911113626116, "auc": 0.6473922096184577, "nll": 0.4364166784064315, "mse": 0.1353239405553102, "rmse": 0.36786402454617684, "f1": 0.9065741527388625}}