{"time": "2021-12-26T05:52:44.135275", "features": ["i", "icA_TW", "icW_TW", "n_gram", "ppe", "rpfa_F", "rpfa_R", "s", "scA_TW", "scW_TW", "tcA_TW", "tcW_TW", "user_avg_correct"], "seed": 888, "split_id": 3, "metrics_train": {"acc": 0.8503463742350503, "auc": 0.7912968491141404, "nll": 0.3684392250564183, "mse": 0.11272944854036514, "rmse": 0.3357520640895081, "f1": 0.9160571827332781}, "metrics_test": {"acc": 0.8512973341414672, "auc": 0.7919234022757194, "nll": 0.36687619420854306, "mse": 0.11215467240449484, "rmse": 0.33489501698964536, "f1": 0.9160571827332781}}