{"time": "2021-06-02T09:13:56.007013", "features": ["i", "icA", "icW", "s", "scA", "scW", "tcA", "tcW"], "seed": 888, "split_id": 1, "metrics_train": {"acc": 0.847365369583463, "auc": 0.7775759738293824, "nll": 0.37726541462892504, "mse": 0.11562419122149167, "rmse": 0.34003557346473573, "f1": 0.9143504131730995}, "metrics_test": {"acc": 0.8475058228259464, "auc": 0.7787777807225837, "nll": 0.37635022143186264, "mse": 0.11537529557323786, "rmse": 0.3396693915754522, "f1": 0.9143504131730995}}