{"time": "2021-12-14T08:57:29.125448", "features": ["rpfa_F", "rpfa_R", "s"], "seed": 888, "split_id": 1, "metrics_train": {"acc": 0.8435383050556554, "auc": 0.7413317282510377, "nll": 0.3945533239099488, "mse": 0.12055642980017175, "rmse": 0.3472123698835797, "f1": 0.9120888992302887}, "metrics_test": {"acc": 0.8432760470638232, "auc": 0.7412310411445069, "nll": 0.3943477252556544, "mse": 0.12054291044304896, "rmse": 0.347192900911077, "f1": 0.9120888992302887}}