{"time": "2021-06-04T06:11:25.338883", "features": ["i", "icA_TW", "icW_TW", "n_gram", "s", "scA_TW", "scW_TW", "tcA_TW", "tcW_TW", "user_avg_correct"], "seed": 888, "split_id": 1, "metrics_train": {"acc": 0.8497957225610248, "auc": 0.7888331338129994, "nll": 0.3699755697610657, "mse": 0.11323961081305713, "rmse": 0.3365109371373494, "f1": 0.9153298974157507}, "metrics_test": {"acc": 0.8498189387243021, "auc": 0.7894120532289328, "nll": 0.36939133712945726, "mse": 0.11309577451336168, "rmse": 0.33629715210414984, "f1": 0.9153298974157507}}