{"time": "2021-12-14T08:56:16.911755", "features": ["ppe", "s"], "seed": 888, "split_id": 1, "metrics_train": {"acc": 0.8308654335517879, "auc": 0.6479643588738974, "nll": 0.4352958927794406, "mse": 0.1349048899914812, "rmse": 0.3672940102853315, "f1": 0.9073331600988852}, "metrics_test": {"acc": 0.8313167457170054, "auc": 0.6489460706028563, "nll": 0.43419365437650204, "mse": 0.1345132802918284, "rmse": 0.36676052171932083, "f1": 0.9073331600988852}}