{"time": "2021-12-14T08:58:31.840567", "features": ["rpfa_F", "rpfa_R", "s"], "seed": 888, "split_id": 2, "metrics_train": {"acc": 0.8437033165711699, "auc": 0.7414739888163352, "nll": 0.394166515016046, "mse": 0.12042676945024627, "rmse": 0.3470256034505902, "f1": 0.9116318206994556}, "metrics_test": {"acc": 0.8426422266664302, "auc": 0.740599889138929, "nll": 0.39591469546192876, "mse": 0.12107114431912479, "rmse": 0.3479527903597337, "f1": 0.9116318206994556}}