{"time": "2021-12-14T08:55:59.737333", "features": ["ppe", "s"], "seed": 888, "split_id": 4, "metrics_train": {"acc": 0.8308133535579647, "auc": 0.6484481278602736, "nll": 0.4350475555325402, "mse": 0.13482572416517252, "rmse": 0.3671862254567463, "f1": 0.9071306410845901}, "metrics_test": {"acc": 0.8309177193306778, "auc": 0.6471136242054909, "nll": 0.43519651425117956, "mse": 0.13483299308009247, "rmse": 0.367196123454609, "f1": 0.9071306410845901}}