{"time": "2021-06-28T15:08:25.535290", "features": ["hour", "i", "icA_TW", "icW_TW", "lag_time_cat", "n_gram", "postcA", "postcW", "precA", "precW", "prev_resp_time_cat", "rc", "s", "scA_TW", "scW_TW", "sm", "tcA_TW", "tcW_TW", "user_avg_correct"], "seed": 888, "split_id": 1, "metrics_train": {"acc": 0.8627214130433015, "auc": 0.8587059536408236, "nll": 0.31791889945857343, "mse": 0.09973463600746235, "rmse": 0.3158079099824169, "f1": 0.9214814705640652}, "metrics_test": {"acc": 0.8626617706624878, "auc": 0.8585159200764766, "nll": 0.31785620180750357, "mse": 0.09974836077462022, "rmse": 0.3158296388476234, "f1": 0.9214814705640652}}