{"time": "2021-12-28T16:52:24.765487", "features": ["hour", "i", "icA_TW", "icW_TW", "lag_time_cat", "n_gram", "postcA", "postcW", "ppe", "precA", "precW", "prev_resp_time_cat", "rc", "rpfa_F", "rpfa_R", "rt", "s", "scA_TW", "scW_TW", "sm", "tcA_TW", "tcW_TW", "user_avg_correct"], "seed": 888, "split_id": 4, "metrics_train": {"acc": 0.8635210433977774, "auc": 0.8606020988887277, "nll": 0.3161592052051166, "mse": 0.09914563358749365, "rmse": 0.3148739963659966, "f1": 0.9220864929612986}, "metrics_test": {"acc": 0.8639288981459521, "auc": 0.8607804278269687, "nll": 0.3155516123665841, "mse": 0.09890238938067443, "rmse": 0.3144875027416422, "f1": 0.9220864929612986}}