{"time": "2021-12-27T05:10:47.390403", "features": ["hour", "i", "icA_TW", "icW_TW", "lag_time_cat", "n_gram", "postcA", "postcW", "ppe", "precA", "precW", "prev_resp_time_cat", "rc", "rpfa_F", "rpfa_R", "rt", "s", "scA_TW", "scW_TW", "sm", "tcA_TW", "tcW_TW", "user_avg_correct"], "seed": 888, "split_id": 1, "metrics_train": {"acc": 0.8639306286793179, "auc": 0.8608654300484504, "nll": 0.31573760731606126, "mse": 0.09893363093193938, "rmse": 0.3145371693964632, "f1": 0.9220324360201146}, "metrics_test": {"acc": 0.8638175474175088, "auc": 0.8606502574036229, "nll": 0.31571450580259, "mse": 0.09896773319087311, "rmse": 0.3145913749467285, "f1": 0.9220324360201146}}