{"time": "2021-07-04T17:58:15.454602", "features": ["i", "s", "scA", "scW", "tcA", "tcW"], "seed": 888, "split_id": 2, "metrics_train": {"acc": 0.8428476109750701, "auc": 0.7626495210785914, "nll": 0.3867814547420963, "mse": 0.11933507601102276, "rmse": 0.3454490932265169, "f1": 0.9114571394792981}, "metrics_test": {"acc": 0.8413711973478745, "auc": 0.7607870929203072, "nll": 0.38947576598117256, "mse": 0.12030967732157542, "rmse": 0.3468568542231441, "f1": 0.9114571394792981}}