{"time": "2021-06-01T23:57:08.793446", "features": ["s", "scA", "scW"], "seed": 888, "split_id": 0, "metrics_train": {"acc": 0.8387042589197129, "auc": 0.7021349183564658, "nll": 0.4132462426477078, "mse": 0.12693436228380592, "rmse": 0.3562784897854569, "f1": 0.9101120518427647}, "metrics_test": {"acc": 0.8380679583382782, "auc": 0.7016142005582546, "nll": 0.4144176846006126, "mse": 0.1274026046044744, "rmse": 0.356935014539726, "f1": 0.9101120518427647}}