{"time": "2021-12-14T08:57:35.656538", "features": ["rpfa_F", "rpfa_R", "s"], "seed": 888, "split_id": 0, "metrics_train": {"acc": 0.8436625600560721, "auc": 0.7413565512643481, "nll": 0.39427721542047184, "mse": 0.12045622340700822, "rmse": 0.34706803858466745, "f1": 0.911786714599498}, "metrics_test": {"acc": 0.8428321393421941, "auc": 0.7411110385755573, "nll": 0.3954346679219069, "mse": 0.12093800810001802, "rmse": 0.3477614241114417, "f1": 0.911786714599498}}