{"time": "2021-07-04T18:00:30.773677", "features": ["i", "s", "scA", "scW", "tcA", "tcW"], "seed": 888, "split_id": 3, "metrics_train": {"acc": 0.8423252314575188, "auc": 0.7620354787354575, "nll": 0.38773188790513746, "mse": 0.11968123252281507, "rmse": 0.3459497543326416, "f1": 0.9126913960077803}, "metrics_test": {"acc": 0.8436046573369419, "auc": 0.7633352083450594, "nll": 0.38559502249551186, "mse": 0.11887602266541299, "rmse": 0.34478402321658264, "f1": 0.9126913960077803}}