{"time": "2021-06-02T00:51:00.806086", "features": ["i", "s", "scA_TW", "scW_TW"], "seed": 888, "split_id": 4, "metrics_train": {"acc": 0.844245321074204, "auc": 0.7674171614416647, "nll": 0.3836693107722535, "mse": 0.11822422166211992, "rmse": 0.34383749310120315, "f1": 0.9131822649777988}, "metrics_test": {"acc": 0.844981837570639, "auc": 0.7678212915197891, "nll": 0.3828261598827322, "mse": 0.11784880517116515, "rmse": 0.3432911376239782, "f1": 0.9131822649777988}}