{"time": "2021-06-28T17:16:44.553381", "features": ["hour", "i", "icA_TW", "icW_TW", "lag_time_cat", "n_gram", "postcA", "postcW", "precA", "precW", "prev_resp_time_cat", "rc", "s", "scA_TW", "scW_TW", "sm", "tcA_TW", "tcW_TW", "user_avg_correct"], "seed": 888, "split_id": 2, "metrics_train": {"acc": 0.8630772520247827, "auc": 0.8588647877025393, "nll": 0.31742299421194503, "mse": 0.09954436663605903, "rmse": 0.31550652391996437, "f1": 0.9211209427009288}, "metrics_test": {"acc": 0.8622322972953317, "auc": 0.8581104804553805, "nll": 0.3191715258943984, "mse": 0.10011875999157976, "rmse": 0.3164154863333648, "f1": 0.9211209427009288}}