{"time": "2021-06-02T00:50:32.171943", "features": ["i", "s", "scA_TW", "scW_TW"], "seed": 888, "split_id": 2, "metrics_train": {"acc": 0.8445644631549062, "auc": 0.767818074428781, "nll": 0.3830500013608254, "mse": 0.117993668573865, "rmse": 0.3435020648756933, "f1": 0.9123552241167552}, "metrics_test": {"acc": 0.8434952250224009, "auc": 0.7664347419295806, "nll": 0.38525512973385856, "mse": 0.11877037365654027, "rmse": 0.3446307787423234, "f1": 0.9123552241167552}}