{"time": "2021-06-04T03:57:39.989374", "features": ["hour", "i", "icA_TW", "icW_TW", "n_gram", "postcA", "postcW", "precA", "precW", "rc", "s", "scA_TW", "scW_TW", "sm", "tcA_TW", "tcW_TW", "user_avg_correct"], "seed": 888, "split_id": 2, "metrics_train": {"acc": 0.8586193185060048, "auc": 0.8532503118670102, "nll": 0.32348370931321346, "mse": 0.10204847002135477, "rmse": 0.31945026220267025, "f1": 0.9186904083191202}, "metrics_test": {"acc": 0.8577158493311206, "auc": 0.8523267446443016, "nll": 0.32538728573062786, "mse": 0.10269932173024472, "rmse": 0.32046734893003487, "f1": 0.9186904083191202}}