{"time": "2021-06-01T23:53:31.835292", "features": ["i"], "seed": 888, "split_id": 2, "metrics_train": {"acc": 0.8321479823151235, "auc": 0.7210581490922799, "nll": 0.4102598396366396, "mse": 0.1279975014685548, "rmse": 0.35776738457907925, "f1": 0.9067467536609992}, "metrics_test": {"acc": 0.8310664750923882, "auc": 0.7196341935863226, "nll": 0.4123385167189566, "mse": 0.12878320750797645, "rmse": 0.35886377291108174, "f1": 0.9067467536609992}}