{"time": "2021-12-27T10:17:02.134706", "features": ["hour", "i", "icA_TW", "icW_TW", "lag_time_cat", "n_gram", "postcA", "postcW", "ppe", "precA", "precW", "prev_resp_time_cat", "rc", "rpfa_F", "rpfa_R", "rt", "s", "scA_TW", "scW_TW", "sm", "tcA_TW", "tcW_TW", "user_avg_correct"], "seed": 888, "split_id": 3, "metrics_train": {"acc": 0.863348507701858, "auc": 0.8606484187504946, "nll": 0.3162502966882978, "mse": 0.09919687113523479, "rmse": 0.31495534784352336, "f1": 0.9221087433045949}, "metrics_test": {"acc": 0.8639141343324616, "auc": 0.8604243095545568, "nll": 0.31573990673337066, "mse": 0.09899840317730449, "rmse": 0.3146401169229768, "f1": 0.9221087433045949}}