{"time": "2021-06-04T07:35:14.338006", "features": ["i", "icA_TW", "icW_TW", "n_gram", "s", "scA_TW", "scW_TW", "tcA_TW", "tcW_TW", "user_avg_correct"], "seed": 888, "split_id": 3, "metrics_train": {"acc": 0.8496237111011631, "auc": 0.7888290854504455, "nll": 0.37016186011616564, "mse": 0.11332333140646002, "rmse": 0.3366353092093282, "f1": 0.9157185339440144}, "metrics_test": {"acc": 0.8505097182557366, "auc": 0.7894089991472418, "nll": 0.36864801057491875, "mse": 0.11276305445817893, "rmse": 0.33580210609550815, "f1": 0.9157185339440144}}