{"time": "2021-06-04T03:59:10.158105", "features": ["hour", "i", "icA_TW", "icW_TW", "n_gram", "postcA", "postcW", "precA", "precW", "rc", "s", "scA_TW", "scW_TW", "sm", "tcA_TW", "tcW_TW", "user_avg_correct"], "seed": 888, "split_id": 0, "metrics_train": {"acc": 0.8587013917775177, "auc": 0.8534418385282294, "nll": 0.3234036845636933, "mse": 0.10200964575189107, "rmse": 0.3193894891067818, "f1": 0.9186293909926054}, "metrics_test": {"acc": 0.8574702253254834, "auc": 0.8515249962305877, "nll": 0.325675198601301, "mse": 0.10282551514629187, "rmse": 0.3206641781463777, "f1": 0.9186293909926054}}