{"time": "2021-06-04T02:59:31.818346", "features": ["hour", "i", "icA_TW", "icW_TW", "n_gram", "postcA", "postcW", "precA", "precW", "rc", "s", "scA_TW", "scW_TW", "sm", "tcA_TW", "tcW_TW", "user_avg_correct"], "seed": 888, "split_id": 3, "metrics_train": {"acc": 0.8583217819520501, "auc": 0.8531008998775244, "nll": 0.3239957002922318, "mse": 0.10223023842018168, "rmse": 0.31973463750457454, "f1": 0.9194662306470561}, "metrics_test": {"acc": 0.8588916818716192, "auc": 0.8529499439148214, "nll": 0.3233200783433715, "mse": 0.10196275335453862, "rmse": 0.31931607124374217, "f1": 0.9194662306470561}}