{"time": "2021-06-02T00:42:30.850501", "features": ["i", "s", "scA_TW", "scW_TW"], "seed": 888, "split_id": 0, "metrics_train": {"acc": 0.8445412513289885, "auc": 0.7678864445932098, "nll": 0.38310585009265025, "mse": 0.11800152070058605, "rmse": 0.34351349420450145, "f1": 0.912473596199527}, "metrics_test": {"acc": 0.8436279176189817, "auc": 0.7658410902982054, "nll": 0.38500053666171813, "mse": 0.11870229712845794, "rmse": 0.34453199724910594, "f1": 0.912473596199527}}