{"time": "2021-06-29T08:17:18.100060", "features": ["hour", "i", "icA_TW", "icW_TW", "lag_time_cat", "n_gram", "postcA", "postcW", "precA", "precW", "prev_resp_time_cat", "rc", "s", "scA_TW", "scW_TW", "sm", "tcA_TW", "tcW_TW", "user_avg_correct"], "seed": 888, "split_id": 3, "metrics_train": {"acc": 0.8627215931301808, "auc": 0.858771849107476, "nll": 0.31792148566708184, "mse": 0.09973058499489355, "rmse": 0.3158014961884974, "f1": 0.9217723968319356}, "metrics_test": {"acc": 0.8632028218084448, "auc": 0.8584840274228249, "nll": 0.31742345872323724, "mse": 0.09953965609292678, "rmse": 0.3154990587829491, "f1": 0.9217723968319356}}