{"time": "2021-06-02T00:18:20.457708", "features": ["i", "icA", "icW", "s", "scA", "scW", "tcA", "tcW"], "seed": 888, "split_id": 2, "metrics_train": {"acc": 0.8476637673555251, "auc": 0.7781879606757937, "nll": 0.3765559140506167, "mse": 0.11538871008719027, "rmse": 0.3396891374289002, "f1": 0.9136401926294012}, "metrics_test": {"acc": 0.8463471207171004, "auc": 0.7763658060164329, "nll": 0.3792142002844156, "mse": 0.11630280498737446, "rmse": 0.3410319706235391, "f1": 0.9136401926294012}}