{"time": "2021-06-04T04:35:55.319359", "features": ["i", "icA_TW", "icW_TW", "n_gram", "s", "scA_TW", "scW_TW", "tcA_TW", "tcW_TW", "user_avg_correct"], "seed": 888, "split_id": 0, "metrics_train": {"acc": 0.8499787085586463, "auc": 0.7892323786516691, "nll": 0.36950876732678223, "mse": 0.11307286151672216, "rmse": 0.3362630837851847, "f1": 0.9149372428426371}, "metrics_test": {"acc": 0.8491472819131466, "auc": 0.7876184021557286, "nll": 0.37129258778391333, "mse": 0.1137523445927884, "rmse": 0.33727191491849484, "f1": 0.9149372428426371}}