{"time": "2021-12-26T06:03:12.777436", "features": ["i", "icA_TW", "icW_TW", "n_gram", "ppe", "rpfa_F", "rpfa_R", "s", "scA_TW", "scW_TW", "tcA_TW", "tcW_TW", "user_avg_correct"], "seed": 888, "split_id": 4, "metrics_train": {"acc": 0.8503808905703262, "auc": 0.7913260928804159, "nll": 0.36832561391064905, "mse": 0.11269449907552694, "rmse": 0.33570001351731715, "f1": 0.9159435060224502}, "metrics_test": {"acc": 0.8511584307137945, "auc": 0.7917244768108482, "nll": 0.36732013314894546, "mse": 0.11227655228268997, "rmse": 0.33507693487121726, "f1": 0.9159435060224502}}