{"time": "2021-06-02T00:07:33.822322", "features": ["i", "icA", "icW", "s", "scA", "scW", "tcA", "tcW"], "seed": 888, "split_id": 0, "metrics_train": {"acc": 0.8475624062209685, "auc": 0.7782142054723061, "nll": 0.3766957464586694, "mse": 0.11543188755628303, "rmse": 0.33975268587059476, "f1": 0.9139218897450826}, "metrics_test": {"acc": 0.8467828667402556, "auc": 0.7760226688238964, "nll": 0.37861309701673007, "mse": 0.11610978084645181, "rmse": 0.3407488530376174, "f1": 0.9139218897450826}}