{"time": "2021-06-02T00:21:01.278287", "features": ["i", "icA", "icW", "s", "scA", "scW", "tcA", "tcW"], "seed": 888, "split_id": 3, "metrics_train": {"acc": 0.8471845570502834, "auc": 0.7775704116895293, "nll": 0.37746591338694674, "mse": 0.11571314364610487, "rmse": 0.3401663470217253, "f1": 0.9146798471052041}, "metrics_test": {"acc": 0.8481309412884963, "auc": 0.778838492270099, "nll": 0.37555310833949385, "mse": 0.11502324636555779, "rmse": 0.3391507723204501, "f1": 0.9146798471052041}}