{"time": "2021-12-26T06:04:00.704428", "features": ["i", "icA_TW", "icW_TW", "n_gram", "ppe", "rpfa_F", "rpfa_R", "s", "scA_TW", "scW_TW", "tcA_TW", "tcW_TW", "user_avg_correct"], "seed": 888, "split_id": 1, "metrics_train": {"acc": 0.8505456076914509, "auc": 0.7913310868153788, "nll": 0.3682223442855271, "mse": 0.11263531734329309, "rmse": 0.3356118551888373, "f1": 0.9155790059541844}, "metrics_test": {"acc": 0.8504614709182898, "auc": 0.7918274591656119, "nll": 0.36771328666857134, "mse": 0.1125210113689803, "rmse": 0.3354415170621852, "f1": 0.9155790059541844}}