{"time": "2021-06-01T23:57:05.482243", "features": ["s", "scA", "scW"], "seed": 888, "split_id": 1, "metrics_train": {"acc": 0.8385741955472036, "auc": 0.7019631674989821, "nll": 0.4134873445035523, "mse": 0.12701358192876974, "rmse": 0.35638964902023984, "f1": 0.9103172802354164}, "metrics_test": {"acc": 0.8382848022973358, "auc": 0.7023133916014688, "nll": 0.4134700682407938, "mse": 0.12708553956688481, "rmse": 0.35649058832861885, "f1": 0.9103172802354164}}