{"time": "2021-06-02T00:27:54.209279", "features": ["i", "icA", "icW", "s", "scA", "scW", "tcA", "tcW"], "seed": 888, "split_id": 4, "metrics_train": {"acc": 0.8472384709636777, "auc": 0.7777654795855804, "nll": 0.37727111022338944, "mse": 0.11565074169807643, "rmse": 0.3400746119575474, "f1": 0.9146298272145853}, "metrics_test": {"acc": 0.8480745922741169, "auc": 0.7777381269224525, "nll": 0.3763821411160409, "mse": 0.11525601171136772, "rmse": 0.3394937579858689, "f1": 0.9146298272145853}}