{"time": "2021-06-04T06:23:39.306827", "features": ["i", "icA_TW", "icW_TW", "n_gram", "s", "scA_TW", "scW_TW", "tcA_TW", "tcW_TW", "user_avg_correct"], "seed": 888, "split_id": 2, "metrics_train": {"acc": 0.8500431455614188, "auc": 0.7892251707268679, "nll": 0.36940641136065167, "mse": 0.11305262412943655, "rmse": 0.33623299084033464, "f1": 0.9147000469753518}, "metrics_test": {"acc": 0.848835381279904, "auc": 0.7878641463449113, "nll": 0.3717102938655512, "mse": 0.1138428737929013, "rmse": 0.3374060962592426, "f1": 0.9147000469753518}}