{"time": "2021-12-14T08:56:06.151194", "features": ["ppe", "s"], "seed": 888, "split_id": 3, "metrics_train": {"acc": 0.8306959366464172, "auc": 0.6478448116873982, "nll": 0.43538304254870513, "mse": 0.13494626921823313, "rmse": 0.36735033580797655, "f1": 0.9075841813557075}, "metrics_test": {"acc": 0.8317115591333354, "auc": 0.6491124932750747, "nll": 0.43383391226171897, "mse": 0.13434509520587462, "rmse": 0.3665311653950788, "f1": 0.9075841813557075}}