{"time": "2021-06-04T07:23:43.619314", "features": ["i", "icA_TW", "icW_TW", "n_gram", "s", "scA_TW", "scW_TW", "tcA_TW", "tcW_TW", "user_avg_correct"], "seed": 888, "split_id": 4, "metrics_train": {"acc": 0.849658937594263, "auc": 0.7888399414778742, "nll": 0.3700664806295398, "mse": 0.11329649093460385, "rmse": 0.33659544104845485, "f1": 0.9155962703987712}, "metrics_test": {"acc": 0.8503549762758034, "auc": 0.7892075632704952, "nll": 0.3690856186781668, "mse": 0.11287584807788716, "rmse": 0.3359700106823333, "f1": 0.9155962703987712}}