{"time": "2021-06-02T00:15:40.199680", "features": ["s", "scA", "scW"], "seed": 888, "split_id": 4, "metrics_train": {"acc": 0.8384062294116025, "auc": 0.7019588499322307, "nll": 0.4136602060818088, "mse": 0.12710711906847935, "rmse": 0.35652085362357044, "f1": 0.9106149933046751}, "metrics_test": {"acc": 0.8389584060256507, "auc": 0.7021767503286557, "nll": 0.4127968867931092, "mse": 0.12674568820885365, "rmse": 0.35601360677487265, "f1": 0.9106149933046751}}