{"time": "2021-12-14T08:56:18.402614", "features": ["ppe", "s"], "seed": 888, "split_id": 0, "metrics_train": {"acc": 0.8311510263698152, "auc": 0.6481770548211666, "nll": 0.4348633788050888, "mse": 0.1347357864041594, "rmse": 0.36706373616057386, "f1": 0.9068880718869667}, "metrics_test": {"acc": 0.8305477856406015, "auc": 0.6477741014250614, "nll": 0.43589788535612745, "mse": 0.1351758058152487, "rmse": 0.36766262499096736, "f1": 0.9068880718869667}}