{"time": "2021-12-28T08:50:09.328500", "features": ["hour", "i", "icA_TW", "icW_TW", "lag_time_cat", "n_gram", "postcA", "postcW", "ppe", "precA", "precW", "prev_resp_time_cat", "rc", "rpfa_F", "rpfa_R", "rt", "s", "scA_TW", "scW_TW", "sm", "tcA_TW", "tcW_TW", "user_avg_correct"], "seed": 888, "split_id": 2, "metrics_train": {"acc": 0.8639273205616197, "auc": 0.8609219221700757, "nll": 0.31549102169689197, "mse": 0.09888564019420984, "rmse": 0.31446087227858704, "f1": 0.9215411491866939}, "metrics_test": {"acc": 0.8631119954363293, "auc": 0.860153610482989, "nll": 0.31723005977464136, "mse": 0.09945843689435069, "rmse": 0.315370317078749, "f1": 0.9215411491866939}}