{"time": "2021-12-14T08:59:15.815817", "features": ["rpfa_F", "rpfa_R", "s"], "seed": 888, "split_id": 4, "metrics_train": {"acc": 0.843363005005076, "auc": 0.7412304145065932, "nll": 0.3946747631856502, "mse": 0.120622734320046, "rmse": 0.3473078379766947, "f1": 0.912479204588148}, "metrics_test": {"acc": 0.8440814930660198, "auc": 0.7416161698678257, "nll": 0.3938589478001239, "mse": 0.12027494909047733, "rmse": 0.3468067892796756, "f1": 0.912479204588148}}