{"time": "2021-06-02T01:00:31.071143", "features": ["i", "s", "scA_TW", "scW_TW"], "seed": 888, "split_id": 3, "metrics_train": {"acc": 0.8441572402854675, "auc": 0.767324083426951, "nll": 0.3838435376405457, "mse": 0.11827814741976851, "rmse": 0.3439159016674985, "f1": 0.9133378255252331}, "metrics_test": {"acc": 0.8451592400027846, "auc": 0.768326636278537, "nll": 0.38204219147358115, "mse": 0.11760077969913765, "rmse": 0.34292970081218926, "f1": 0.9133378255252331}}