{"time": "2021-06-02T00:41:23.931487", "features": ["i", "s", "scA_TW", "scW_TW"], "seed": 888, "split_id": 1, "metrics_train": {"acc": 0.8443819874064423, "auc": 0.7674502946232864, "nll": 0.3835708797727713, "mse": 0.11815789537230413, "rmse": 0.3437410295153957, "f1": 0.9128860058466384}, "metrics_test": {"acc": 0.8442728508079306, "auc": 0.7678393945738051, "nll": 0.38314870767323167, "mse": 0.11808935571046651, "rmse": 0.34364131839821954, "f1": 0.9128860058466384}}