{"time": "2021-07-04T17:59:19.844825", "features": ["i", "s", "scA", "scW", "tcA", "tcW"], "seed": 888, "split_id": 4, "metrics_train": {"acc": 0.8424352846319734, "auc": 0.7621562836521057, "nll": 0.38747177678378525, "mse": 0.11959874181144765, "rmse": 0.34583051023795985, "f1": 0.9124647339402129}, "metrics_test": {"acc": 0.8431989810890007, "auc": 0.7625891185800187, "nll": 0.3867022189693428, "mse": 0.11924178728495251, "rmse": 0.34531404154038176, "f1": 0.9124647339402129}}