{"time": "2021-06-02T00:03:15.605359", "features": ["i"], "seed": 888, "split_id": 3, "metrics_train": {"acc": 0.8317631864137954, "auc": 0.7206436508858547, "nll": 0.41094802845203887, "mse": 0.12825502924368806, "rmse": 0.35812711324847785, "f1": 0.9076757244179585}, "metrics_test": {"acc": 0.8326384089883787, "auc": 0.7213371881780701, "nll": 0.4095489531162414, "mse": 0.1277420864650501, "rmse": 0.35741024952433875, "f1": 0.9076757244179585}}