{"time": "2021-07-04T17:59:45.623217", "features": ["i", "s", "scA", "scW", "tcA", "tcW"], "seed": 888, "split_id": 0, "metrics_train": {"acc": 0.8427190472958094, "auc": 0.762648119857316, "nll": 0.3869693339219315, "mse": 0.11940406067554629, "rmse": 0.345548926601641, "f1": 0.9119021330406349}, "metrics_test": {"acc": 0.8421379456489458, "auc": 0.7606173580039761, "nll": 0.3886481970860728, "mse": 0.11999575774266615, "rmse": 0.34640403828862354, "f1": 0.9119021330406349}}