{"time": "2021-06-02T00:11:10.305920", "features": ["i"], "seed": 888, "split_id": 4, "metrics_train": {"acc": 0.8320089347816505, "auc": 0.7207949703116325, "nll": 0.41067629302343434, "mse": 0.12817220221258963, "rmse": 0.35801145542089796, "f1": 0.9071489958410827}, "metrics_test": {"acc": 0.8316993784571575, "auc": 0.7206193187112823, "nll": 0.410697422322181, "mse": 0.12809733418784214, "rmse": 0.35790687921279485, "f1": 0.9071489958410827}}