{"time": "2021-07-04T17:59:11.161872", "features": ["i", "s", "scA", "scW", "tcA", "tcW"], "seed": 888, "split_id": 1, "metrics_train": {"acc": 0.8426406794505118, "auc": 0.7621065372933212, "nll": 0.38742314539010436, "mse": 0.11954162008704704, "rmse": 0.34574791407475913, "f1": 0.9121106041085827}, "metrics_test": {"acc": 0.8423739631112307, "auc": 0.7628884369315804, "nll": 0.3868514567948878, "mse": 0.11945295319502214, "rmse": 0.34561966552125206, "f1": 0.9121106041085827}}