{"time": "2021-06-01T23:55:10.278498", "features": ["i"], "seed": 888, "split_id": 0, "metrics_train": {"acc": 0.8320827489204312, "auc": 0.721322540274181, "nll": 0.4102858971407883, "mse": 0.1280173332190594, "rmse": 0.35779509949000055, "f1": 0.9069521036856503}, "metrics_test": {"acc": 0.8313868781853225, "auc": 0.718635862954101, "nll": 0.4121733789188022, "mse": 0.1286842133508253, "rmse": 0.358725819186221, "f1": 0.9069521036856503}}