{"time": "2021-06-02T00:02:54.982871", "features": ["s", "scA", "scW"], "seed": 888, "split_id": 2, "metrics_train": {"acc": 0.8387533413056056, "auc": 0.7023500708418774, "nll": 0.41302004575979345, "mse": 0.12686024545539423, "rmse": 0.35617445929683705, "f1": 0.9098224551446762}, "metrics_test": {"acc": 0.8375975613133664, "auc": 0.7005533424918562, "nll": 0.41536392113167164, "mse": 0.12772813454116155, "rmse": 0.35739073091108775, "f1": 0.9098224551446762}}