{"time": "2021-06-01T23:53:46.494494", "features": ["i"], "seed": 888, "split_id": 1, "metrics_train": {"acc": 0.8318573490097521, "auc": 0.7204359500160035, "nll": 0.4109558319375216, "mse": 0.1282368253067107, "rmse": 0.3581016968777315, "f1": 0.9074310645054705}, "metrics_test": {"acc": 0.832245585569469, "auc": 0.7221274982312311, "nll": 0.40952502226259646, "mse": 0.127815971373354, "rmse": 0.35751359606783345, "f1": 0.9074310645054705}}