{"time": "2021-12-14T08:57:39.896352", "features": ["rpfa_F", "rpfa_R", "s"], "seed": 888, "split_id": 3, "metrics_train": {"acc": 0.8432285234917647, "auc": 0.7411652939757133, "nll": 0.3948764052037614, "mse": 0.12070300808655107, "rmse": 0.34742338448433646, "f1": 0.9128190946278261}, "metrics_test": {"acc": 0.8446380959086058, "auc": 0.741889668064259, "nll": 0.39305617334984305, "mse": 0.11995699161225905, "rmse": 0.34634807869000667, "f1": 0.9128190946278261}}