{"time": "2021-12-26T06:30:02.685252", "features": ["i", "icA_TW", "icW_TW", "n_gram", "ppe", "rpfa_F", "rpfa_R", "s", "scA_TW", "scW_TW", "tcA_TW", "tcW_TW", "user_avg_correct"], "seed": 888, "split_id": 2, "metrics_train": {"acc": 0.8507533169927239, "auc": 0.7917045189299445, "nll": 0.36766252414736167, "mse": 0.1124525383344981, "rmse": 0.3353394374875972, "f1": 0.9150221166151253}, "metrics_test": {"acc": 0.8496172466265121, "auc": 0.7903487105931688, "nll": 0.3699634499871219, "mse": 0.11323271861705818, "rmse": 0.3365006963099158, "f1": 0.9150221166151253}}