{"time": "2021-07-01T23:38:01.732517", "features": ["i", "s", "scA", "scA_TW", "scW", "scW_TW", "tcA", "tcW"], "seed": 888, "split_id": 1, "metrics_train": {"acc": 0.7374459889880819, "auc": 0.7950799785030181, "nll": 0.5267676700731816, "mse": 0.17560970379659674, "rmse": 0.419058115058755, "f1": 0.8094094610476067}, "metrics_test": {"acc": 0.736209753043898, "auc": 0.7924716357363846, "nll": 0.5288926194045479, "mse": 0.1764217819525435, "rmse": 0.4200259300954448, "f1": 0.8094094610476067}}