{"time": "2021-12-14T17:42:13.679785", "features": ["i", "ppe", "s", "scA", "scW", "tcA", "tcW"], "seed": 888, "split_id": 0, "metrics_train": {"acc": 0.735591620151316, "auc": 0.7922809338187888, "nll": 0.5286068364613485, "mse": 0.176487715337855, "rmse": 0.42010441004333077, "f1": 0.8065785593259146}, "metrics_test": {"acc": 0.7331768684689438, "auc": 0.7894095822955183, "nll": 0.5321946209030102, "mse": 0.17791749524313424, "rmse": 0.42180267334754323, "f1": 0.8065785593259146}}