{"time": "2021-07-02T02:09:54.059990", "features": ["i", "pre", "s", "scA", "scW", "tcA", "tcW"], "seed": 888, "split_id": 2, "metrics_train": {"acc": 0.7350964758484064, "auc": 0.7917229229098143, "nll": 0.5292921025062395, "mse": 0.17676803713413716, "rmse": 0.42043791115233314, "f1": 0.8084199012462238}, "metrics_test": {"acc": 0.7350164028964438, "auc": 0.7908915472817385, "nll": 0.5302450142691848, "mse": 0.177052380868318, "rmse": 0.4207759271492584, "f1": 0.8084199012462238}}