{"time": "2021-07-02T08:05:02.300857", "features": ["i", "icA_TW", "icW_TW", "s", "scA", "scW", "tcA", "tcW"], "seed": 888, "split_id": 4, "metrics_train": {"acc": 0.7352751035219866, "auc": 0.7916994281048272, "nll": 0.5291946796500885, "mse": 0.1767197263835115, "rmse": 0.4203804543309685, "f1": 0.8074424309199295}, "metrics_test": {"acc": 0.7345800352637254, "auc": 0.7909262221875876, "nll": 0.5305454221608683, "mse": 0.17719893849259194, "rmse": 0.42095004275162146, "f1": 0.8074424309199295}}