{"time": "2021-07-01T19:32:50.584448", "features": ["i", "s", "scA", "scW", "tcA", "tcW", "user_avg_correct"], "seed": 888, "split_id": 0, "metrics_train": {"acc": 0.7361529220037947, "auc": 0.7933232634265088, "nll": 0.5259080922856849, "mse": 0.17579168571488984, "rmse": 0.4192751909127105, "f1": 0.8058552256650888}, "metrics_test": {"acc": 0.7337436493003807, "auc": 0.7905391881160856, "nll": 0.5294108783129039, "mse": 0.17718206046736523, "rmse": 0.42092999473471265, "f1": 0.8058552256650888}}