{"time": "2021-07-01T23:54:30.459048", "features": ["age", "i", "s", "scA", "scW", "tcA", "tcW"], "seed": 888, "split_id": 2, "metrics_train": {"acc": 0.7352242300603897, "auc": 0.7918886812841173, "nll": 0.5291273248477658, "mse": 0.17669966637200668, "rmse": 0.4203565943006089, "f1": 0.8085306897433089}, "metrics_test": {"acc": 0.7352019817294483, "auc": 0.7910694021012951, "nll": 0.5300851151144266, "mse": 0.17698215351095314, "rmse": 0.4206924690447324, "f1": 0.8085306897433089}}