{"time": "2021-07-01T19:45:04.359139", "features": ["i", "s", "scA", "scW", "sm", "tcA", "tcW"], "seed": 888, "split_id": 1, "metrics_train": {"acc": 0.736249370395738, "auc": 0.7930050595022904, "nll": 0.5280864264704334, "mse": 0.17625530992667965, "rmse": 0.4198277145766816, "f1": 0.8083852452388979}, "metrics_test": {"acc": 0.734869004909959, "auc": 0.7903775330643698, "nll": 0.5302360234972516, "mse": 0.1770797108304572, "rmse": 0.42080840156828764, "f1": 0.8083852452388979}}