{"time": "2021-12-14T18:54:34.638979", "features": ["i", "rpfa_R", "s", "scA", "scW", "tcA", "tcW"], "seed": 888, "split_id": 4, "metrics_train": {"acc": 0.7366222422256177, "auc": 0.7930824510515493, "nll": 0.5264617915419856, "mse": 0.1758737946733617, "rmse": 0.419373097221748, "f1": 0.8074117015503328}, "metrics_test": {"acc": 0.7359625421542734, "auc": 0.7923344474500946, "nll": 0.5278031589393257, "mse": 0.17635355179371817, "rmse": 0.41994470087586316, "f1": 0.8074117015503328}}