{"time": "2021-07-02T07:21:59.714263", "features": ["i", "s", "scA", "scW", "ss", "tcA", "tcW"], "seed": 888, "split_id": 4, "metrics_train": {"acc": 0.7353193164641302, "auc": 0.7917794821521147, "nll": 0.5291151715053996, "mse": 0.17669033074243684, "rmse": 0.42034548973723607, "f1": 0.8074534840879787}, "metrics_test": {"acc": 0.7346071728035617, "auc": 0.791017171766799, "nll": 0.5304508768022521, "mse": 0.17716477460363173, "rmse": 0.4209094612902301, "f1": 0.8074534840879787}}