{"time": "2021-07-02T05:29:10.183521", "features": ["i", "s", "scA", "scW", "tcA", "tcW", "weekend"], "seed": 888, "split_id": 3, "metrics_train": {"acc": 0.7351678473631112, "auc": 0.792037583274991, "nll": 0.5292668391642671, "mse": 0.17675313428014322, "rmse": 0.4204201877647447, "f1": 0.8089701214219663}, "metrics_test": {"acc": 0.7347466319075161, "auc": 0.7899091438722827, "nll": 0.5298697161629685, "mse": 0.177002944736509, "rmse": 0.4207171790365934, "f1": 0.8089701214219663}}