{"time": "2021-07-02T04:59:01.269814", "features": ["hour", "i", "s", "scA", "scW", "tcA", "tcW"], "seed": 888, "split_id": 3, "metrics_train": {"acc": 0.7352065866030512, "auc": 0.7920091776043017, "nll": 0.5293044213540982, "mse": 0.1767582734779457, "rmse": 0.42042629969822976, "f1": 0.8090318494577773}, "metrics_test": {"acc": 0.7348332603852518, "auc": 0.789889908495969, "nll": 0.5298933418074936, "mse": 0.177001061136881, "rmse": 0.420714940472621, "f1": 0.8090318494577773}}