{"time": "2021-07-01T20:06:32.957563", "features": ["i", "precA", "precW", "s", "scA", "scW", "tcA", "tcW"], "seed": 888, "split_id": 0, "metrics_train": {"acc": 0.7365032317999669, "auc": 0.793466511071145, "nll": 0.5277368438956679, "mse": 0.17607588038906932, "rmse": 0.419613965912801, "f1": 0.8073487292472786}, "metrics_test": {"acc": 0.7342376557762876, "auc": 0.790657394081599, "nll": 0.53127959155196, "mse": 0.17748127240148603, "rmse": 0.421285262502127, "f1": 0.8073487292472786}}