{"time": "2021-07-01T16:57:37.078820", "features": ["gender", "i", "s", "scA", "scW", "tcA", "tcW"], "seed": 888, "split_id": 0, "metrics_train": {"acc": 0.7355304639463387, "auc": 0.7921402597289469, "nll": 0.5287363686593193, "mse": 0.1765320676024374, "rmse": 0.4201571939196536, "f1": 0.806565362503931}, "metrics_test": {"acc": 0.7331255726558445, "auc": 0.7893020357459828, "nll": 0.5322880341688647, "mse": 0.17794773063639371, "rmse": 0.4218385125096969, "f1": 0.806565362503931}}