{"time": "2021-07-02T06:13:55.469425", "features": ["i", "n_gram", "s", "scA", "scW", "tcA", "tcW"], "seed": 888, "split_id": 3, "metrics_train": {"acc": 0.7441223439369247, "auc": 0.8026726939193902, "nll": 0.5148359932074754, "mse": 0.1716477801776126, "rmse": 0.4143039707480639, "f1": 0.8116651220403326}, "metrics_test": {"acc": 0.7437893316650827, "auc": 0.8009757562716276, "nll": 0.5154032793441131, "mse": 0.17184746031673317, "rmse": 0.41454488335611284, "f1": 0.8116651220403326}}