{"time": "2021-07-01T17:47:55.001722", "features": ["i", "s", "scA", "scW", "tcA", "tcW", "week"], "seed": 888, "split_id": 0, "metrics_train": {"acc": 0.7355801572993017, "auc": 0.7922088578665395, "nll": 0.5286669990872848, "mse": 0.17650893593573333, "rmse": 0.42012966562209497, "f1": 0.8065819742992367}, "metrics_test": {"acc": 0.7331566533701854, "auc": 0.7893700446923083, "nll": 0.5322244408009423, "mse": 0.17792693158333367, "rmse": 0.4218138589275294, "f1": 0.8065819742992367}}