{"time": "2021-07-02T11:12:51.581423", "features": ["i", "icA_TW", "icW_TW", "s", "scA", "scA_TW", "scW", "scW_TW", "tcA", "tcA_TW", "tcW", "tcW_TW"], "seed": 888, "split_id": 4, "metrics_train": {"acc": 0.7409363153249374, "auc": 0.7996092455767481, "nll": 0.5228774009098252, "mse": 0.17393680235721679, "rmse": 0.41705731303648996, "f1": 0.8112603602281169}, "metrics_test": {"acc": 0.7402424839693778, "auc": 0.7984773033583831, "nll": 0.5245328935161747, "mse": 0.17453590225567306, "rmse": 0.41777494211078897, "f1": 0.8112603602281169}}