{"time": "2021-07-02T01:10:24.388868", "features": ["i", "icA_TW", "icW_TW", "s", "scA", "scA_TW", "scW", "scW_TW", "tcA", "tcA_TW", "tcW", "tcW_TW"], "seed": 888, "split_id": 1, "metrics_train": {"acc": 0.7410056376343768, "auc": 0.7998939750624454, "nll": 0.5227743994622999, "mse": 0.1739001473466383, "rmse": 0.41701336590886184, "f1": 0.8115998811149152}, "metrics_test": {"acc": 0.7395997113859258, "auc": 0.7973678387128984, "nll": 0.5248885636822394, "mse": 0.17470699249717625, "rmse": 0.4179796556020116, "f1": 0.8115998811149152}}