{"time": "2021-07-02T02:35:02.280886", "features": ["i", "s", "scA", "scW", "smA", "smW", "tcA", "tcW"], "seed": 888, "split_id": 2, "metrics_train": {"acc": 0.7359550370688799, "auc": 0.7926399194910425, "nll": 0.5279680206399191, "mse": 0.1763116705235918, "rmse": 0.41989483269455913, "f1": 0.8086704356258119}, "metrics_test": {"acc": 0.7359604563067893, "auc": 0.7919351332820088, "nll": 0.5288411922848101, "mse": 0.17655436625689414, "rmse": 0.4201837291672467, "f1": 0.8086704356258119}}