{"time": "2021-07-02T01:51:51.583889", "features": ["i", "part_of_day", "s", "scA", "scW", "tcA", "tcW"], "seed": 888, "split_id": 2, "metrics_train": {"acc": 0.7351280994255344, "auc": 0.7917716514957404, "nll": 0.529233244415112, "mse": 0.17674858971132398, "rmse": 0.42041478293623785, "f1": 0.8084100692855318}, "metrics_test": {"acc": 0.7350174128492764, "auc": 0.7909051732105051, "nll": 0.5302218124925779, "mse": 0.17704455198218522, "rmse": 0.4207666241305092, "f1": 0.8084100692855318}}