{"time": "2021-07-01T20:23:56.551431", "features": ["bundle", "i", "s", "scA", "scW", "tcA", "tcW"], "seed": 888, "split_id": 1, "metrics_train": {"acc": 0.7392321826644745, "auc": 0.7975893797905428, "nll": 0.5233299261652616, "mse": 0.17444039419396787, "rmse": 0.4176606208322349, "f1": 0.809464850685809}, "metrics_test": {"acc": 0.7374207756880353, "auc": 0.7938480276502764, "nll": 0.5266035217735017, "mse": 0.17566565450188507, "rmse": 0.41912486743437816, "f1": 0.809464850685809}}