{"time": "2021-07-01T21:29:05.062563", "features": ["day", "i", "s", "scA", "scW", "tcA", "tcW"], "seed": 888, "split_id": 1, "metrics_train": {"acc": 0.7353497150155863, "auc": 0.7921255848438747, "nll": 0.5289813715715294, "mse": 0.17664471334141493, "rmse": 0.42029122444016714, "f1": 0.8079507679520902}, "metrics_test": {"acc": 0.7341728617292207, "auc": 0.7896617045992741, "nll": 0.5309496172874133, "mse": 0.17739957955764268, "rmse": 0.42118829465886476, "f1": 0.8079507679520902}}