{"time": "2021-07-02T08:23:32.864156", "features": ["i", "s", "scA", "scW", "tcA", "tcW", "week"], "seed": 888, "split_id": 4, "metrics_train": {"acc": 0.7353202625327924, "auc": 0.7917859278737339, "nll": 0.5291046222477835, "mse": 0.1766875963543585, "rmse": 0.42034223717627817, "f1": 0.8074427223111577}, "metrics_test": {"acc": 0.7345986295039836, "auc": 0.7909948716447895, "nll": 0.5304761153656132, "mse": 0.17717390501625016, "rmse": 0.4209203072034541, "f1": 0.8074427223111577}}