{"time": "2021-07-01T19:46:12.267088", "features": ["i", "s", "scA", "scA_TW", "scW", "scW_TW", "tcA", "tcW"], "seed": 888, "split_id": 0, "metrics_train": {"acc": 0.7376713719994646, "auc": 0.7951280178801806, "nll": 0.5264929603637722, "mse": 0.17549351624318726, "rmse": 0.41891946271710423, "f1": 0.8080515966969086}, "metrics_test": {"acc": 0.7352383031648253, "auc": 0.7922891441834565, "nll": 0.5300861312407859, "mse": 0.17691945514116467, "rmse": 0.42061794438797384, "f1": 0.8080515966969086}}