{"time": "2021-07-02T01:16:02.723065", "features": ["i", "s", "scA", "scW", "tcA", "tcA_TW", "tcW", "tcW_TW"], "seed": 888, "split_id": 2, "metrics_train": {"acc": 0.7401670833587414, "auc": 0.7988433976293057, "nll": 0.5235998789928148, "mse": 0.17427878184149423, "rmse": 0.4174671027057033, "f1": 0.8118123552212503}, "metrics_test": {"acc": 0.7401338338996223, "auc": 0.7981197416833306, "nll": 0.5244954430907149, "mse": 0.17451993251555245, "rmse": 0.41775582882295303, "f1": 0.8118123552212503}}