{"time": "2021-12-14T18:30:05.134729", "features": ["i", "rpfa_F", "rpfa_R", "s", "scA", "scW", "tcA", "tcW"], "seed": 888, "split_id": 2, "metrics_train": {"acc": 0.7380909514236658, "auc": 0.7953254951268721, "nll": 0.5242488081275513, "mse": 0.17503811871951588, "rmse": 0.41837557137040865, "f1": 0.809260701705609}, "metrics_test": {"acc": 0.7380949916186539, "auc": 0.7946072671868281, "nll": 0.5251125592647801, "mse": 0.1752850819359519, "rmse": 0.41867061269684536, "f1": 0.809260701705609}}