{"time": "2021-12-14T18:49:56.313104", "features": ["i", "rpfa_F", "rpfa_R", "s", "scA", "scW", "tcA", "tcW"], "seed": 888, "split_id": 4, "metrics_train": {"acc": 0.7382765378882209, "auc": 0.7953323786076752, "nll": 0.5241289973043812, "mse": 0.17497858686878387, "rmse": 0.4183044188970323, "f1": 0.8082983513476787}, "metrics_test": {"acc": 0.7376850221133259, "auc": 0.7945201927943909, "nll": 0.5255528497756383, "mse": 0.1754853903419259, "rmse": 0.41890976396107776, "f1": 0.8082983513476787}}