{"time": "2021-07-02T04:58:28.588624", "features": ["i", "s", "scA", "scW", "tcA", "tcA_TW", "tcW", "tcW_TW"], "seed": 888, "split_id": 3, "metrics_train": {"acc": 0.7402041375271994, "auc": 0.7990669840292662, "nll": 0.5236776948484406, "mse": 0.17429210259240893, "rmse": 0.41748305665309215, "f1": 0.8125051888599364}, "metrics_test": {"acc": 0.7399069615200343, "auc": 0.7971158142413972, "nll": 0.5241867837859223, "mse": 0.17449579547372332, "rmse": 0.41772693888917833, "f1": 0.8125051888599364}}