{"time": "2021-07-02T10:26:33.608901", "features": ["i", "s", "scA", "scA_TW", "scW", "scW_TW", "tcA", "tcW"], "seed": 888, "split_id": 4, "metrics_train": {"acc": 0.7374477817401937, "auc": 0.7947614831210777, "nll": 0.5268794769000102, "mse": 0.17565289881270665, "rmse": 0.41910965010687434, "f1": 0.8088745877970042}, "metrics_test": {"acc": 0.7366638465402275, "auc": 0.7937431415942395, "nll": 0.5284663427657489, "mse": 0.17621275192011304, "rmse": 0.419777026432025, "f1": 0.8088745877970042}}