{"time": "2021-07-01T22:51:39.826396", "features": ["i", "s", "scA", "scW", "smA", "smW", "tcA", "tcW"], "seed": 888, "split_id": 1, "metrics_train": {"acc": 0.7362825414829355, "auc": 0.7929862519180733, "nll": 0.5277287287818049, "mse": 0.1762035591924247, "rmse": 0.41976607675278466, "f1": 0.8080739309168331}, "metrics_test": {"acc": 0.7348028851351182, "auc": 0.7904307152197002, "nll": 0.5297935350744294, "mse": 0.17700346795291444, "rmse": 0.4207178008510151, "f1": 0.8080739309168331}}