{"time": "2021-07-02T03:39:09.903538", "features": ["gender", "i", "s", "scA", "scW", "tcA", "tcW"], "seed": 888, "split_id": 3, "metrics_train": {"acc": 0.7351772329675845, "auc": 0.7919781600467539, "nll": 0.5293281940299047, "mse": 0.17676640056040333, "rmse": 0.420435964875037, "f1": 0.809002355857656}, "metrics_test": {"acc": 0.7348150759817621, "auc": 0.7898621698722363, "nll": 0.5299135088404187, "mse": 0.17700665216455388, "rmse": 0.4207215850946489, "f1": 0.809002355857656}}