{"time": "2021-07-02T10:08:30.195815", "features": ["i", "precA", "precW", "s", "scA", "scW", "tcA", "tcW"], "seed": 888, "split_id": 4, "metrics_train": {"acc": 0.7363030386590145, "auc": 0.7930564992828953, "nll": 0.5281697607470334, "mse": 0.1762502957368722, "rmse": 0.4198217428110081, "f1": 0.8080788119865974}, "metrics_test": {"acc": 0.7354652718641254, "auc": 0.7922596889788129, "nll": 0.5295486389733934, "mse": 0.17674196050237975, "rmse": 0.4204068987330961, "f1": 0.8080788119865974}}