{"time": "2021-07-01T23:05:07.482003", "features": ["i", "s", "scA", "scW", "tcA", "tcW", "tea"], "seed": 888, "split_id": 2, "metrics_train": {"acc": 0.7419797064828081, "auc": 0.7998911506341939, "nll": 0.5199270372532914, "mse": 0.17317813272659827, "rmse": 0.4161467682520174, "f1": 0.8110078162259405}, "metrics_test": {"acc": 0.7409574504346711, "auc": 0.7971768421834174, "nll": 0.5227673018726473, "mse": 0.1741475512701642, "rmse": 0.4173098983611151, "f1": 0.8110078162259405}}