{"time": "2021-07-01T18:39:37.949978", "features": ["i", "part_of_day", "s", "scA", "scW", "tcA", "tcW"], "seed": 888, "split_id": 0, "metrics_train": {"acc": 0.7355409820578024, "auc": 0.7921578943759834, "nll": 0.5287220812996198, "mse": 0.17652806238779598, "rmse": 0.4201524275638497, "f1": 0.8066029960873142}, "metrics_test": {"acc": 0.7331647394096888, "auc": 0.7893225185721227, "nll": 0.5322782574354432, "mse": 0.17794503600267644, "rmse": 0.42183531858140616, "f1": 0.8066029960873142}}