{"time": "2021-07-02T03:49:55.793473", "features": ["bundle", "i", "s", "scA", "scW", "tcA", "tcW"], "seed": 888, "split_id": 3, "metrics_train": {"acc": 0.7391309660949132, "auc": 0.7974758873559974, "nll": 0.5236345887686229, "mse": 0.17455521087648984, "rmse": 0.41779805035027373, "f1": 0.8105135374892403}, "metrics_test": {"acc": 0.7381928289299716, "auc": 0.7943025967305747, "nll": 0.5253221756314278, "mse": 0.1751870395318102, "rmse": 0.4185535085646878, "f1": 0.8105135374892403}}