{"time": "2021-07-01T20:32:18.824684", "features": ["gender", "i", "s", "scA", "scW", "tcA", "tcW"], "seed": 888, "split_id": 1, "metrics_train": {"acc": 0.7353410753978181, "auc": 0.792070164658803, "nll": 0.529041629689678, "mse": 0.17665851704697141, "rmse": 0.4203076457155775, "f1": 0.8078970850062869}, "metrics_test": {"acc": 0.7340841154154609, "auc": 0.7895612892550095, "nll": 0.5310484943552808, "mse": 0.17742742675132384, "rmse": 0.4212213512529058, "f1": 0.8078970850062869}}