{"time": "2021-07-02T08:29:38.857328", "features": ["i", "s", "scA", "scW", "tcA", "tcA_TW", "tcW", "tcW_TW"], "seed": 888, "split_id": 4, "metrics_train": {"acc": 0.7403392198566441, "auc": 0.7988785705586606, "nll": 0.5234834217418038, "mse": 0.17421383852856306, "rmse": 0.4173893129065035, "f1": 0.8109002908827533}, "metrics_test": {"acc": 0.7396851593086662, "auc": 0.797903546291066, "nll": 0.5249782050460761, "mse": 0.17475670846670815, "rmse": 0.418039123129293, "f1": 0.8109002908827533}}