{"time": "2021-07-02T00:08:08.265364", "features": ["i", "icA", "icW", "s", "scA", "scW", "tcA", "tcW"], "seed": 888, "split_id": 2, "metrics_train": {"acc": 0.7351081929506889, "auc": 0.7917317141885536, "nll": 0.529269742394675, "mse": 0.17676264928978758, "rmse": 0.4204315036837601, "f1": 0.8084226944538815}, "metrics_test": {"acc": 0.7350300372596849, "auc": 0.7908869715119653, "nll": 0.5302417888012856, "mse": 0.17705110281618913, "rmse": 0.42077440846157593, "f1": 0.8084226944538815}}