{"time": "2021-07-02T03:03:45.118898", "features": ["i", "s", "scA", "scW", "sm", "tcA", "tcW"], "seed": 888, "split_id": 3, "metrics_train": {"acc": 0.736096707252792, "auc": 0.7928953360776981, "nll": 0.528407789323663, "mse": 0.17637267553803074, "rmse": 0.41996746961881554, "f1": 0.8095170589221199}, "metrics_test": {"acc": 0.7356384253619896, "auc": 0.7907297178230995, "nll": 0.5290591810909171, "mse": 0.17664317769935683, "rmse": 0.4202893975576315, "f1": 0.8095170589221199}}