{"time": "2021-07-01T16:44:10.635807", "features": ["i", "icA", "icW", "s", "scA", "scW", "tcA", "tcW"], "seed": 888, "split_id": 0, "metrics_train": {"acc": 0.7355020587471166, "auc": 0.7921233879659939, "nll": 0.5287554925526242, "mse": 0.1765406953732468, "rmse": 0.4201674611071719, "f1": 0.8065753364448242}, "metrics_test": {"acc": 0.7331159704839343, "auc": 0.789284226066884, "nll": 0.5323106776869958, "mse": 0.1779577069621757, "rmse": 0.42185033716020154, "f1": 0.8065753364448242}}