{"time": "2021-07-01T22:17:29.070444", "features": ["i", "pre", "s", "scA", "scW", "tcA", "tcW"], "seed": 888, "split_id": 1, "metrics_train": {"acc": 0.7353172376203264, "auc": 0.7920507134672201, "nll": 0.5290650816375806, "mse": 0.1766680687314063, "rmse": 0.42031900829180485, "f1": 0.8078729003328956}, "metrics_test": {"acc": 0.7340386109316351, "auc": 0.7895617440517713, "nll": 0.5310557097824502, "mse": 0.17743096230447625, "rmse": 0.4212255480196759, "f1": 0.8078729003328956}}