{"time": "2021-07-01T22:52:04.535947", "features": ["i", "n_gram", "s", "scA", "scW", "tcA", "tcW"], "seed": 888, "split_id": 1, "metrics_train": {"acc": 0.7443629804865088, "auc": 0.802815526831335, "nll": 0.5145107497613395, "mse": 0.17151789978863327, "rmse": 0.414147195799553, "f1": 0.8102557293287406}, "metrics_test": {"acc": 0.7427699408944523, "auc": 0.8004327632923638, "nll": 0.5167151621211378, "mse": 0.17236057423483142, "rmse": 0.41516331031876047, "f1": 0.8102557293287406}}