{"time": "2021-07-01T20:30:42.925539", "features": ["i", "s", "scA", "scW", "ss", "tcA", "tcW"], "seed": 888, "split_id": 1, "metrics_train": {"acc": 0.7353913995947452, "auc": 0.7921351460737768, "nll": 0.5289750392155745, "mse": 0.17663452915941505, "rmse": 0.42027910864021667, "f1": 0.8079208302018657}, "metrics_test": {"acc": 0.7341190608477913, "auc": 0.7896247862882817, "nll": 0.5309941289009814, "mse": 0.1774081717146166, "rmse": 0.4211984944353631, "f1": 0.8079208302018657}}