{"time": "2021-07-01T22:03:34.165017", "features": ["i", "part_of_day", "s", "scA", "scW", "tcA", "tcW"], "seed": 888, "split_id": 1, "metrics_train": {"acc": 0.735339688013943, "auc": 0.7920890846098725, "nll": 0.5290296468069255, "mse": 0.17665446245362926, "rmse": 0.4203028223241301, "f1": 0.8078977899729676}, "metrics_test": {"acc": 0.734084366821449, "auc": 0.789591074188625, "nll": 0.5310258554827819, "mse": 0.1774199227052731, "rmse": 0.4212124436733477, "f1": 0.8078977899729676}}