{"time": "2021-07-02T03:13:16.437703", "features": ["i", "s", "scA", "scW", "tcA", "tcW", "tea"], "seed": 888, "split_id": 3, "metrics_train": {"acc": 0.7421212574744687, "auc": 0.8001345216209612, "nll": 0.5199646770062554, "mse": 0.1731700988039923, "rmse": 0.41613711538865683, "f1": 0.8113008919729043}, "metrics_test": {"acc": 0.7402342807828487, "auc": 0.796052982698783, "nll": 0.5226172873478427, "mse": 0.17419669544258706, "rmse": 0.41736877631488806, "f1": 0.8113008919729043}}