{"time": "2021-07-01T20:29:36.704622", "features": ["age", "i", "s", "scA", "scW", "tcA", "tcW"], "seed": 888, "split_id": 1, "metrics_train": {"acc": 0.7354603904110837, "auc": 0.7922217439210654, "nll": 0.5289130393665862, "mse": 0.17660118133177552, "rmse": 0.4202394333374434, "f1": 0.8079412773836446}, "metrics_test": {"acc": 0.7341630568956892, "auc": 0.789712463031266, "nll": 0.530923884165478, "mse": 0.17737290750556897, "rmse": 0.4211566306085765, "f1": 0.8079412773836446}}