{"time": "2021-07-02T03:30:54.705316", "features": ["age", "i", "s", "scA", "scW", "tcA", "tcW"], "seed": 888, "split_id": 3, "metrics_train": {"acc": 0.7352958443314981, "auc": 0.792128309699984, "nll": 0.5292019541365259, "mse": 0.17671036546094973, "rmse": 0.4203693203136377, "f1": 0.8090816722866185}, "metrics_test": {"acc": 0.7349529743748922, "auc": 0.7900135707980815, "nll": 0.529778661400568, "mse": 0.17694811837695282, "rmse": 0.42065201577664263, "f1": 0.8090816722866185}}