{"time": "2021-12-14T18:50:51.757599", "features": ["i", "rpfa_F", "rpfa_R", "s", "scA", "scW", "tcA", "tcW"], "seed": 888, "split_id": 3, "metrics_train": {"acc": 0.7382264205899753, "auc": 0.7955646660573504, "nll": 0.5242910155835236, "mse": 0.17503651035279963, "rmse": 0.4183736492094114, "f1": 0.8097283062858365}, "metrics_test": {"acc": 0.737658662077462, "auc": 0.7935471055991875, "nll": 0.5249316258858207, "mse": 0.1752991176162356, "rmse": 0.41868737456034616, "f1": 0.8097283062858365}}