{"time": "2021-07-02T07:13:47.316464", "features": ["age", "i", "s", "scA", "scW", "tcA", "tcW"], "seed": 888, "split_id": 4, "metrics_train": {"acc": 0.7354219964495935, "auc": 0.7918713568722455, "nll": 0.5290432628575776, "mse": 0.17665274826552949, "rmse": 0.4203007830893603, "f1": 0.8075189488683184}, "metrics_test": {"acc": 0.7347019029194716, "auc": 0.7910709263423448, "nll": 0.5304165160864434, "mse": 0.17714263361464824, "rmse": 0.42088315910077495, "f1": 0.8075189488683184}}