{"time": "2021-07-01T18:05:35.263550", "features": ["i", "s", "scA", "scW", "tcA", "tcW", "weekend"], "seed": 888, "split_id": 0, "metrics_train": {"acc": 0.7355343058912446, "auc": 0.7921979131482221, "nll": 0.5286753317493202, "mse": 0.17651904964455384, "rmse": 0.4201417018632569, "f1": 0.8065664412782905}, "metrics_test": {"acc": 0.7331351748277547, "auc": 0.789345898304655, "nll": 0.5322452286768782, "mse": 0.17794200166637172, "rmse": 0.4218317219773446, "f1": 0.8065664412782905}}