{"time": "2021-07-02T08:26:18.445810", "features": ["day", "i", "s", "scA", "scW", "tcA", "tcW"], "seed": 888, "split_id": 4, "metrics_train": {"acc": 0.7352845642086079, "auc": 0.7917788656175467, "nll": 0.5291078192056641, "mse": 0.17669556261772754, "rmse": 0.4203517129948771, "f1": 0.807431838651687}, "metrics_test": {"acc": 0.7346064189830106, "auc": 0.7910111441594408, "nll": 0.5304493752421642, "mse": 0.1771709504389752, "rmse": 0.42091679752532474, "f1": 0.807431838651687}}