{"time": "2021-07-02T08:22:47.144479", "features": ["i", "icA_TW", "icW_TW", "s", "scA", "scA_TW", "scW", "scW_TW", "tcA", "tcA_TW", "tcW", "tcW_TW"], "seed": 888, "split_id": 3, "metrics_train": {"acc": 0.7408347367646599, "auc": 0.7997838754410621, "nll": 0.5230734657310919, "mse": 0.17401617837741143, "rmse": 0.41715246418714996, "f1": 0.8128435926352787}, "metrics_test": {"acc": 0.7404290054368841, "auc": 0.797730235073035, "nll": 0.5236980092676887, "mse": 0.17426796628262026, "rmse": 0.4174541487188985, "f1": 0.8128435926352787}}