{"time": "2021-07-02T09:12:23.983197", "features": ["i", "part_of_day", "s", "scA", "scW", "tcA", "tcW"], "seed": 888, "split_id": 4, "metrics_train": {"acc": 0.7352896099081393, "auc": 0.791734470266054, "nll": 0.5291629308192068, "mse": 0.17670758654821542, "rmse": 0.4203660149776804, "f1": 0.8074334985436613}, "metrics_test": {"acc": 0.7345820454518613, "auc": 0.7909660450119805, "nll": 0.5305094974072445, "mse": 0.17718394609874802, "rmse": 0.4209322345684018, "f1": 0.8074334985436613}}