{"time": "2021-12-14T18:29:42.687740", "features": ["i", "rpfa_F", "s", "scA", "scW", "tcA", "tcW"], "seed": 888, "split_id": 3, "metrics_train": {"acc": 0.7380081580429969, "auc": 0.7954296323369644, "nll": 0.5247798330933587, "mse": 0.17516815553671372, "rmse": 0.4185309493176266, "f1": 0.8098127677947434}, "metrics_test": {"acc": 0.7374495414373307, "auc": 0.7933995756964215, "nll": 0.5254184725234538, "mse": 0.17542977856348896, "rmse": 0.4188433819024588, "f1": 0.8098127677947434}}