{"time": "2021-07-02T02:50:49.889049", "features": ["i", "postcA", "postcW", "s", "scA", "scW", "tcA", "tcW"], "seed": 888, "split_id": 2, "metrics_train": {"acc": 0.7351108387479784, "auc": 0.7917333971481889, "nll": 0.5292678490021989, "mse": 0.17676197090913226, "rmse": 0.42043069691583207, "f1": 0.8084184061860721}, "metrics_test": {"acc": 0.7350247350073134, "auc": 0.7908884646861097, "nll": 0.5302406954758372, "mse": 0.17705061271173772, "rmse": 0.4207738260773093, "f1": 0.8084184061860721}}