{"time": "2021-07-01T17:54:28.270854", "features": ["day", "i", "s", "scA", "scW", "tcA", "tcW"], "seed": 888, "split_id": 0, "metrics_train": {"acc": 0.7355261811225092, "auc": 0.7922068635772439, "nll": 0.5286617360989966, "mse": 0.1765144420900579, "rmse": 0.42013621849354754, "f1": 0.8065552367272611}, "metrics_test": {"acc": 0.7331288576093927, "auc": 0.7893552998753489, "nll": 0.5322321120917788, "mse": 0.17793768107567623, "rmse": 0.421826600720813, "f1": 0.8065552367272611}}