{"time": "2021-07-02T03:29:46.272927", "features": ["i", "precA", "precW", "s", "scA", "scW", "tcA", "tcW"], "seed": 888, "split_id": 2, "metrics_train": {"acc": 0.7360744129227795, "auc": 0.7930712024170914, "nll": 0.5282917602616017, "mse": 0.17630614378484383, "rmse": 0.4198882515441982, "f1": 0.8090905124102861}, "metrics_test": {"acc": 0.7359824227809001, "auc": 0.7922468451986885, "nll": 0.5292409905371934, "mse": 0.17659032505857147, "rmse": 0.420226516367746, "f1": 0.8090905124102861}}