{"time": "2021-07-02T06:48:23.818368", "features": ["i", "s", "scA", "scW", "sm", "tcA", "tcW"], "seed": 888, "split_id": 4, "metrics_train": {"acc": 0.7361601192197885, "auc": 0.7926265119042618, "nll": 0.5282476147643672, "mse": 0.17631914432570767, "rmse": 0.4199037322121675, "f1": 0.8080350295569638}, "metrics_test": {"acc": 0.7355167829351109, "auc": 0.7918885002448355, "nll": 0.5295784434989307, "mse": 0.17679308793902818, "rmse": 0.4204677014219144, "f1": 0.8080350295569638}}