{"time": "2021-07-02T04:58:00.939204", "features": ["i", "icA_TW", "icW_TW", "s", "scA", "scA_TW", "scW", "scW_TW", "tcA", "tcA_TW", "tcW", "tcW_TW"], "seed": 888, "split_id": 2, "metrics_train": {"acc": 0.7407725929670173, "auc": 0.7995748418645601, "nll": 0.5229874170013935, "mse": 0.17399880941571302, "rmse": 0.41713164518616064, "f1": 0.8121110321825945}, "metrics_test": {"acc": 0.7406148239361852, "auc": 0.7986949999744317, "nll": 0.5240371054470503, "mse": 0.1743036408850507, "rmse": 0.4174968752997449, "f1": 0.8121110321825945}}