{"time": "2021-07-01T17:03:59.133618", "features": ["i", "s", "scA", "scW", "ss", "tcA", "tcW"], "seed": 888, "split_id": 0, "metrics_train": {"acc": 0.7355817948495894, "auc": 0.792202210045266, "nll": 0.5286761302291991, "mse": 0.17651139609798447, "rmse": 0.4201325934725661, "f1": 0.8066236297149464}, "metrics_test": {"acc": 0.7331892502169333, "auc": 0.7893922562340918, "nll": 0.5322018329288446, "mse": 0.1779188651836383, "rmse": 0.4218042972560122, "f1": 0.8066236297149464}}