{"time": "2021-12-14T18:40:05.860923", "features": ["i", "ppe", "s", "scA", "scW", "tcA", "tcW"], "seed": 888, "split_id": 4, "metrics_train": {"acc": 0.7353303539318551, "auc": 0.7918488479233885, "nll": 0.5290550963447389, "mse": 0.17667016933744495, "rmse": 0.42032150710788635, "f1": 0.8074207031089761}, "metrics_test": {"acc": 0.7345840556399974, "auc": 0.7910796185551702, "nll": 0.5304026168916476, "mse": 0.17714872012996638, "rmse": 0.42089038968592096, "f1": 0.8074207031089761}}