{"time": "2021-07-02T00:37:56.337163", "features": ["i", "icA_TW", "icW_TW", "s", "scA", "scW", "tcA", "tcW"], "seed": 888, "split_id": 2, "metrics_train": {"acc": 0.7351069330472176, "auc": 0.7917319318881301, "nll": 0.5292691041595586, "mse": 0.176762526028369, "rmse": 0.42043135709455476, "f1": 0.8084232455816077}, "metrics_test": {"acc": 0.7350320571653502, "auc": 0.7908863792573699, "nll": 0.5302420140876855, "mse": 0.17705122170986415, "rmse": 0.420774549741146, "f1": 0.8084232455816077}}