{"time": "2021-12-14T18:41:20.153918", "features": ["i", "rpfa_R", "s", "scA", "scW", "tcA", "tcW"], "seed": 888, "split_id": 2, "metrics_train": {"acc": 0.7364219572953199, "auc": 0.7931082405113329, "nll": 0.5265442955781423, "mse": 0.17592027096972868, "rmse": 0.4194285051945429, "f1": 0.8083476686482809}, "metrics_test": {"acc": 0.7363674672983584, "auc": 0.7923214037575621, "nll": 0.5274666104253939, "mse": 0.17618938355905311, "rmse": 0.4197491912547934, "f1": 0.8083476686482809}}