{"time": "2021-07-02T04:35:14.716344", "features": ["day", "i", "s", "scA", "scW", "tcA", "tcW"], "seed": 888, "split_id": 3, "metrics_train": {"acc": 0.7351475013883135, "auc": 0.7920362265966782, "nll": 0.529279009172566, "mse": 0.1767548853899853, "rmse": 0.4204222703306585, "f1": 0.808968167788006}, "metrics_test": {"acc": 0.7347420858066437, "auc": 0.7899202922409859, "nll": 0.5298621807297825, "mse": 0.17700007004978885, "rmse": 0.42071376261038673, "f1": 0.808968167788006}}