{"time": "2021-07-01T17:55:54.116530", "features": ["hour", "i", "s", "scA", "scW", "tcA", "tcW"], "seed": 888, "split_id": 0, "metrics_train": {"acc": 0.7355725363921933, "auc": 0.792169758157474, "nll": 0.5287106031223514, "mse": 0.17652365174029158, "rmse": 0.4201471786651573, "f1": 0.8065949909541495}, "metrics_test": {"acc": 0.7331647394096888, "auc": 0.7893291441558675, "nll": 0.5322724564893067, "mse": 0.17794241949810485, "rmse": 0.4218322172358399, "f1": 0.8065949909541495}}