{"time": "2021-07-02T10:00:47.666993", "features": ["i", "postcA", "postcW", "s", "scA", "scW", "tcA", "tcW"], "seed": 888, "split_id": 4, "metrics_train": {"acc": 0.7352756711631838, "auc": 0.7917010860936642, "nll": 0.5291943656550205, "mse": 0.17671918807580134, "rmse": 0.42037981406794656, "f1": 0.8074391835207877}, "metrics_test": {"acc": 0.7345767687080044, "auc": 0.7909271203371167, "nll": 0.5305462090477071, "mse": 0.17719878062077374, "rmse": 0.420949855233107, "f1": 0.8074391835207877}}