{"time": "2021-07-02T05:35:02.620350", "features": ["i", "part_of_day", "s", "scA", "scW", "tcA", "tcW"], "seed": 888, "split_id": 3, "metrics_train": {"acc": 0.7351865555814238, "auc": 0.7919980637987836, "nll": 0.529315726925882, "mse": 0.17676252379882798, "rmse": 0.4204313544430624, "f1": 0.8089978423775102}, "metrics_test": {"acc": 0.7347915877939212, "auc": 0.7898891097671003, "nll": 0.5298961800261142, "mse": 0.1770020455434061, "rmse": 0.4207161103920387, "f1": 0.8089978423775102}}