{"time": "2021-07-02T04:40:27.934663", "features": ["i", "month", "s", "scA", "scW", "tcA", "tcW"], "seed": 888, "split_id": 3, "metrics_train": {"acc": 0.7351678473631112, "auc": 0.7920224086726395, "nll": 0.5292856138933666, "mse": 0.17675240365929515, "rmse": 0.4204193188464288, "f1": 0.8090235952861087}, "metrics_test": {"acc": 0.7348400795365604, "auc": 0.7898979362626999, "nll": 0.5298793002989134, "mse": 0.17699680114603764, "rmse": 0.42070987764258355, "f1": 0.8090235952861087}}