{"time": "2021-12-14T18:36:29.266547", "features": ["i", "rpfa_R", "s", "scA", "scW", "tcA", "tcW"], "seed": 888, "split_id": 3, "metrics_train": {"acc": 0.7365571057970532, "auc": 0.7933399966284269, "nll": 0.5266001802407971, "mse": 0.17592392275528052, "rmse": 0.41943285845923006, "f1": 0.8089311476608856}, "metrics_test": {"acc": 0.7360872265425615, "auc": 0.7912626875462647, "nll": 0.5272408799565249, "mse": 0.17618389297053866, "rmse": 0.41974265088329854, "f1": 0.8089311476608856}}