{"time": "2021-07-01T19:12:04.781674", "features": ["i", "postcA", "postcW", "s", "scA", "scW", "tcA", "tcW"], "seed": 888, "split_id": 0, "metrics_train": {"acc": 0.735514214408868, "auc": 0.7921266415677614, "nll": 0.52875277245049, "mse": 0.1765396482088817, "rmse": 0.42016621497793194, "f1": 0.806570711924799}, "metrics_test": {"acc": 0.7331121801529171, "auc": 0.7892876695324521, "nll": 0.5323089401842925, "mse": 0.17795657068427362, "rmse": 0.4218489903795831, "f1": 0.806570711924799}}