{"time": "2021-07-02T00:59:26.861015", "features": ["day", "i", "s", "scA", "scW", "tcA", "tcW"], "seed": 888, "split_id": 2, "metrics_train": {"acc": 0.7351298002952206, "auc": 0.7918135990179859, "nll": 0.5291778956725584, "mse": 0.17673718587757906, "rmse": 0.4204012201190418, "f1": 0.8083682922055347}, "metrics_test": {"acc": 0.7350010011157454, "auc": 0.7909480783777645, "nll": 0.53016665926529, "mse": 0.17702986026440198, "rmse": 0.4207491654945996, "f1": 0.8083682922055347}}