{"time": "2021-07-01T16:35:04.859952", "features": ["i", "s", "scA", "scW", "sm", "tcA", "tcW"], "seed": 888, "split_id": 0, "metrics_train": {"acc": 0.7364536014297074, "auc": 0.7930424504939126, "nll": 0.5278294353397854, "mse": 0.17614570134253937, "rmse": 0.4196971543178955, "f1": 0.8071544231316422}, "metrics_test": {"acc": 0.7342068277506811, "auc": 0.7902925549516703, "nll": 0.5312609273034371, "mse": 0.17751637568261297, "rmse": 0.42132692257036336, "f1": 0.8071544231316422}}