{"time": "2021-07-01T17:01:07.505892", "features": ["bundle", "i", "s", "scA", "scW", "tcA", "tcW"], "seed": 888, "split_id": 0, "metrics_train": {"acc": 0.7394910682653776, "auc": 0.7976550491021748, "nll": 0.5230417776435101, "mse": 0.1743176044806257, "rmse": 0.41751359795894755, "f1": 0.808054388686588}, "metrics_test": {"acc": 0.7363769186023887, "auc": 0.7934431619668431, "nll": 0.5279478818046571, "mse": 0.17622309581868484, "rmse": 0.4197893469571195, "f1": 0.808054388686588}}