{"time": "2021-07-02T02:35:19.326461", "features": ["i", "s", "scA", "scW", "tcA", "tcW", "user_avg_correct"], "seed": 888, "split_id": 2, "metrics_train": {"acc": 0.7356734486430587, "auc": 0.7929392072128322, "nll": 0.526413644602545, "mse": 0.17600685545483186, "rmse": 0.4195317097131418, "f1": 0.807731362281414}, "metrics_test": {"acc": 0.7356195972257605, "auc": 0.7921099791140321, "nll": 0.527377247072296, "mse": 0.1763082700753551, "rmse": 0.4198907835084679, "f1": 0.807731362281414}}