{"time": "2021-07-01T23:22:48.815293", "features": ["i", "s", "scA", "scW", "sm", "tcA", "tcW"], "seed": 888, "split_id": 2, "metrics_train": {"acc": 0.7359540921412765, "auc": 0.7926470175100434, "nll": 0.5283411418305465, "mse": 0.176368765054805, "rmse": 0.41996281389523643, "f1": 0.8090235919017454}, "metrics_test": {"acc": 0.7360109539484232, "auc": 0.791871192287758, "nll": 0.5292404445523421, "mse": 0.1766275692370994, "rmse": 0.4202708284393522, "f1": 0.8090235919017454}}