{"time": "2021-07-02T05:39:47.944031", "features": ["i", "pre", "s", "scA", "scW", "tcA", "tcW"], "seed": 888, "split_id": 3, "metrics_train": {"acc": 0.7351532965266461, "auc": 0.7919597183455562, "nll": 0.5293554528240612, "mse": 0.17677645587188934, "rmse": 0.4204479229011476, "f1": 0.8089823958936788}, "metrics_test": {"acc": 0.7347630483828888, "auc": 0.7898387666345578, "nll": 0.529940848425708, "mse": 0.17701860631599667, "rmse": 0.4207357915794622, "f1": 0.8089823958936788}}