{"time": "2021-07-02T06:09:22.394919", "features": ["i", "s", "scA", "scW", "tcA", "tcW", "user_avg_correct"], "seed": 888, "split_id": 3, "metrics_train": {"acc": 0.7357712346466628, "auc": 0.7931682104271798, "nll": 0.526468874412291, "mse": 0.17601520726013245, "rmse": 0.41954166331859394, "f1": 0.8082497382230563}, "metrics_test": {"acc": 0.7353116112214944, "auc": 0.7910499195190843, "nll": 0.5271695856276767, "mse": 0.17628892995366935, "rmse": 0.4198677529337891, "f1": 0.8082497382230563}}