{"time": "2021-07-02T06:34:13.002976", "features": ["i", "s", "scA", "scW", "smA", "smW", "tcA", "tcW"], "seed": 888, "split_id": 3, "metrics_train": {"acc": 0.7360599207225076, "auc": 0.7928968079117903, "nll": 0.5280098438178377, "mse": 0.17630928707172655, "rmse": 0.4198919945316016, "f1": 0.8092567598970944}, "metrics_test": {"acc": 0.7356874222269479, "auc": 0.790743266436689, "nll": 0.5286801599479601, "mse": 0.17658111203838286, "rmse": 0.42021555425564966, "f1": 0.8092567598970944}}