{"time": "2021-12-14T17:39:40.305540", "features": ["i", "rpfa_F", "s", "scA", "scW", "tcA", "tcW"], "seed": 888, "split_id": 1, "metrics_train": {"acc": 0.7381590412370217, "auc": 0.7955033719997676, "nll": 0.5245451008164049, "mse": 0.17507382661521584, "rmse": 0.41841824364529784, "f1": 0.8087367460840463}, "metrics_test": {"acc": 0.7368048310174652, "auc": 0.7931062255283355, "nll": 0.5265387310563483, "mse": 0.17585017327675154, "rmse": 0.41934493352936975, "f1": 0.8087367460840463}}