{"time": "2021-07-02T09:07:46.650000", "features": ["i", "s", "scA", "scW", "tcA", "tcW", "weekend"], "seed": 888, "split_id": 4, "metrics_train": {"acc": 0.7352725806722209, "auc": 0.7917713814339319, "nll": 0.5291186787144005, "mse": 0.17669920797110408, "rmse": 0.42035604904783286, "f1": 0.8074178536429728}, "metrics_test": {"acc": 0.7345825479988954, "auc": 0.7909992366594356, "nll": 0.5304635043653037, "mse": 0.17717565375198985, "rmse": 0.4209223844748457, "f1": 0.8074178536429728}}