{"time": "2021-07-02T02:36:11.562137", "features": ["i", "n_gram", "s", "scA", "scW", "tcA", "tcW"], "seed": 888, "split_id": 2, "metrics_train": {"acc": 0.7440744219940845, "auc": 0.8024335635241625, "nll": 0.5148594558808202, "mse": 0.17165734155173015, "rmse": 0.4143155096683325, "f1": 0.8109957450615315}, "metrics_test": {"acc": 0.7439496881896873, "auc": 0.8020497487069498, "nll": 0.5153777199503028, "mse": 0.17182242949325632, "rmse": 0.4145146915288484, "f1": 0.8109957450615315}}