{"time": "2021-12-14T17:50:23.017256", "features": ["i", "rpfa_F", "rpfa_R", "s", "scA", "scW", "tcA", "tcW"], "seed": 888, "split_id": 1, "metrics_train": {"acc": 0.738346464185978, "auc": 0.7956626685264958, "nll": 0.5240003482381084, "mse": 0.17492779650357312, "rmse": 0.41824370467895045, "f1": 0.808625690957681}, "metrics_test": {"acc": 0.7369918770725281, "auc": 0.793231545504762, "nll": 0.5260556588557669, "mse": 0.17572196975382393, "rmse": 0.4191920440011045, "f1": 0.808625690957681}}