{"time": "2021-07-01T22:00:35.665023", "features": ["i", "s", "scA", "scW", "tcA", "tcW", "weekend"], "seed": 888, "split_id": 1, "metrics_train": {"acc": 0.7353338231639251, "auc": 0.7921189812052407, "nll": 0.5289915246327223, "mse": 0.17664850970267798, "rmse": 0.4202957407619996, "f1": 0.807899791398574}, "metrics_test": {"acc": 0.7341007082106682, "auc": 0.7896520791573421, "nll": 0.5309613751972515, "mse": 0.17740377011122543, "rmse": 0.4211932693090257, "f1": 0.807899791398574}}