{"time": "2021-07-02T07:23:50.094329", "features": ["bundle", "i", "s", "scA", "scW", "tcA", "tcW"], "seed": 888, "split_id": 4, "metrics_train": {"acc": 0.7392574218771188, "auc": 0.7973362811914714, "nll": 0.5233810287055214, "mse": 0.1744598665623773, "rmse": 0.417683931415104, "f1": 0.8088879677227283}, "metrics_test": {"acc": 0.7377227131408762, "auc": 0.7949215585285809, "nll": 0.5263076545353933, "mse": 0.17551503318076714, "rmse": 0.41894514340276956, "f1": 0.8088879677227283}}