{"time": "2021-07-02T01:37:06.618640", "features": ["i", "s", "scA", "scW", "tcA", "tcW", "weekend"], "seed": 888, "split_id": 2, "metrics_train": {"acc": 0.7351241937247736, "auc": 0.7918019114577146, "nll": 0.5291915863266158, "mse": 0.17674160355956298, "rmse": 0.4204064742122354, "f1": 0.808394793304425}, "metrics_test": {"acc": 0.7350396318115954, "auc": 0.7909542774202638, "nll": 0.5301642653365007, "mse": 0.17702848966759263, "rmse": 0.4207475367338383, "f1": 0.808394793304425}}