{"time": "2021-07-01T23:05:39.818170", "features": ["i", "postcA", "postcW", "s", "scA", "scW", "tcA", "tcW"], "seed": 888, "split_id": 1, "metrics_train": {"acc": 0.7353256880493844, "auc": 0.792053392574029, "nll": 0.5290629602056584, "mse": 0.17666707759998995, "rmse": 0.4203178292673176, "f1": 0.807871803510021}, "metrics_test": {"acc": 0.7340368510897193, "auc": 0.789562195496424, "nll": 0.5310558872045206, "mse": 0.1774307619412576, "rmse": 0.42122531018595927, "f1": 0.807871803510021}}