{"time": "2021-07-02T06:38:29.951085", "features": ["i", "s", "scA", "scW", "tcA", "tcW", "tea"], "seed": 888, "split_id": 4, "metrics_train": {"acc": 0.7421689166492065, "auc": 0.7999824942336591, "nll": 0.5197530281682166, "mse": 0.17308947056877136, "rmse": 0.4160402271040282, "f1": 0.8099920386699472}, "metrics_test": {"acc": 0.7400907147651082, "auc": 0.7968860705011082, "nll": 0.5234686206483895, "mse": 0.17447135971697209, "rmse": 0.41769768938428675, "f1": 0.8099920386699472}}