{"time": "2021-12-14T18:33:54.348637", "features": ["i", "ppe", "s", "scA", "scW", "tcA", "tcW"], "seed": 888, "split_id": 3, "metrics_train": {"acc": 0.7352306490252577, "auc": 0.7921150558868015, "nll": 0.5292051749901846, "mse": 0.17672365825507513, "rmse": 0.4203851308682018, "f1": 0.8090488854252564}, "metrics_test": {"acc": 0.7348913494519549, "auc": 0.78998454808198, "nll": 0.5298003549902188, "mse": 0.17697103283369614, "rmse": 0.4206792517271278, "f1": 0.8090488854252564}}