{"time": "2021-07-01T21:07:13.104283", "features": ["i", "icA_TW", "icW_TW", "s", "scA", "scW", "tcA", "tcW"], "seed": 888, "split_id": 1, "metrics_train": {"acc": 0.7353193817590425, "auc": 0.7920517358811174, "nll": 0.529064240083286, "mse": 0.1766678609496295, "rmse": 0.4203187611202116, "f1": 0.8078784811193267}, "metrics_test": {"acc": 0.7340459017052868, "auc": 0.7895615942495762, "nll": 0.5310559345764619, "mse": 0.17743110032086631, "rmse": 0.4212257118468272, "f1": 0.8078784811193267}}