{"time": "2021-07-01T21:14:32.653635", "features": ["i", "month", "s", "scA", "scW", "tcA", "tcW"], "seed": 888, "split_id": 1, "metrics_train": {"acc": 0.7353383006300678, "auc": 0.7921096570908085, "nll": 0.5290040017246441, "mse": 0.17664611070705621, "rmse": 0.42029288681472615, "f1": 0.8079039638783875}, "metrics_test": {"acc": 0.7341002053986921, "auc": 0.7896190713258043, "nll": 0.5309950625518436, "mse": 0.17740979363140028, "rmse": 0.421200419790152, "f1": 0.8079039638783875}}