{"time": "2021-07-02T06:58:06.523321", "features": ["i", "s", "scA", "scA_TW", "scW", "scW_TW", "tcA", "tcW"], "seed": 888, "split_id": 3, "metrics_train": {"acc": 0.7372761438847181, "auc": 0.7949716708049434, "nll": 0.52706161376472, "mse": 0.17571962329679933, "rmse": 0.41918924520650497, "f1": 0.8104213939325693}, "metrics_test": {"acc": 0.736806268163883, "auc": 0.7927986861950825, "nll": 0.5277395459216551, "mse": 0.1760025451985699, "rmse": 0.41952657269661703, "f1": 0.8104213939325693}}