{"time": "2021-07-02T06:12:29.190258", "features": ["i", "postcA", "postcW", "s", "scA", "scW", "tcA", "tcW"], "seed": 888, "split_id": 3, "metrics_train": {"acc": 0.7351643828782386, "auc": 0.7919666598869217, "nll": 0.5293457703227807, "mse": 0.1767738647032102, "rmse": 0.4204448414515395, "f1": 0.8089659560396626}, "metrics_test": {"acc": 0.7347446114182395, "auc": 0.7898416631054304, "nll": 0.5299377748388311, "mse": 0.17701724827688067, "rmse": 0.42073417769047555, "f1": 0.8089659560396626}}