{"time": "2021-07-02T05:33:27.501119", "features": ["i", "post", "s", "scA", "scW", "tcA", "tcW"], "seed": 888, "split_id": 3, "metrics_train": {"acc": 0.7351549342831313, "auc": 0.7919571113802485, "nll": 0.5293592273913081, "mse": 0.17677710285908993, "rmse": 0.4204486923027469, "f1": 0.8089732603999309}, "metrics_test": {"acc": 0.7347534510588247, "auc": 0.7898383327690192, "nll": 0.5299413717877932, "mse": 0.17701895606988427, "rmse": 0.4207362072247696, "f1": 0.8089732603999309}}