{"time": "2021-07-02T01:25:23.541116", "features": ["hour", "i", "s", "scA", "scW", "tcA", "tcW"], "seed": 888, "split_id": 2, "metrics_train": {"acc": 0.7351312491842125, "auc": 0.7917816883004597, "nll": 0.5292239080187907, "mse": 0.17674523094465291, "rmse": 0.42041078833047674, "f1": 0.8084118223521731}, "metrics_test": {"acc": 0.7350267549129786, "auc": 0.790917728754653, "nll": 0.5302086894130438, "mse": 0.17704007099288707, "rmse": 0.4207612993050657, "f1": 0.8084118223521731}}