{"time": "2021-07-01T21:17:00.923665", "features": ["i", "s", "scA", "scW", "tcA", "tcW", "week"], "seed": 888, "split_id": 1, "metrics_train": {"acc": 0.7353561474317348, "auc": 0.7921357471752105, "nll": 0.5289778601988933, "mse": 0.17663657289060705, "rmse": 0.42028154003073587, "f1": 0.8079427233507254}, "metrics_test": {"acc": 0.7341575259639535, "auc": 0.7896405631990477, "nll": 0.5309725392360778, "mse": 0.17740211266874156, "rmse": 0.4211913017486728, "f1": 0.8079427233507254}}