{"time": "2021-07-02T08:18:13.879883", "features": ["i", "month", "s", "scA", "scW", "tcA", "tcW"], "seed": 888, "split_id": 4, "metrics_train": {"acc": 0.7353145861208196, "auc": 0.791759264471553, "nll": 0.5291331144231968, "mse": 0.17669776148178828, "rmse": 0.42035432849179544, "f1": 0.8074432432737917}, "metrics_test": {"acc": 0.7345971218628815, "auc": 0.7909796411484811, "nll": 0.5304928745874629, "mse": 0.1771797562223473, "rmse": 0.4209272576376437, "f1": 0.8074432432737917}}