{"time": "2021-07-01T21:10:49.337297", "features": ["i", "icA_TW", "icW_TW", "s", "scA", "scA_TW", "scW", "scW_TW", "tcA", "tcA_TW", "tcW", "tcW_TW"], "seed": 888, "split_id": 0, "metrics_train": {"acc": 0.7412205733000574, "auc": 0.7999570927063951, "nll": 0.5224762183565398, "mse": 0.1737765562089431, "rmse": 0.4168651535076338, "f1": 0.810366218094997}, "metrics_test": {"acc": 0.7387115098202423, "auc": 0.797111301992778, "nll": 0.526118591049506, "mse": 0.17522669096085905, "rmse": 0.4186008731009278, "f1": 0.810366218094997}}