{"time": "2021-07-02T03:58:17.691160", "features": ["i", "icA", "icW", "s", "scA", "scW", "tcA", "tcW"], "seed": 888, "split_id": 3, "metrics_train": {"acc": 0.7351643198876046, "auc": 0.7919628925653283, "nll": 0.5293484502431085, "mse": 0.17677458666740875, "rmse": 0.4204457000224984, "f1": 0.8089720053192931}, "metrics_test": {"acc": 0.7347554715481014, "auc": 0.7898380773486111, "nll": 0.5299390696641768, "mse": 0.17701793739783633, "rmse": 0.4207349966402086, "f1": 0.8089720053192931}}