{"time": "2021-07-02T09:53:26.013468", "features": ["i", "n_gram", "s", "scA", "scW", "tcA", "tcW"], "seed": 888, "split_id": 4, "metrics_train": {"acc": 0.7443190784332548, "auc": 0.802555640865422, "nll": 0.5146298040577454, "mse": 0.1715593210593162, "rmse": 0.41419720068986005, "f1": 0.8099127735755616}, "metrics_test": {"acc": 0.7432592738145104, "auc": 0.801551194375437, "nll": 0.5162176891186765, "mse": 0.17217406066256694, "rmse": 0.4149386227655446, "f1": 0.8099127735755616}}