{"time": "2021-12-14T17:56:02.956039", "features": ["i", "ppe", "s", "scA", "scW", "tcA", "tcW"], "seed": 888, "split_id": 1, "metrics_train": {"acc": 0.7353935437334613, "auc": 0.792203410274513, "nll": 0.528919048781917, "mse": 0.176616380593361, "rmse": 0.4202575169980437, "f1": 0.8078802522511918}, "metrics_test": {"acc": 0.7340934174370165, "auc": 0.7897013476604284, "nll": 0.5309224175136182, "mse": 0.17738384562037662, "rmse": 0.4211696162122532, "f1": 0.8078802522511918}}