{"time": "2021-07-02T09:18:47.304091", "features": ["i", "pre", "s", "scA", "scW", "tcA", "tcW"], "seed": 888, "split_id": 4, "metrics_train": {"acc": 0.7352722653160002, "auc": 0.7916995190268977, "nll": 0.529195490904084, "mse": 0.17672006026988507, "rmse": 0.4203808514548267, "f1": 0.807439011607505}, "metrics_test": {"acc": 0.7345729996052494, "auc": 0.7909275324034075, "nll": 0.5305451040898418, "mse": 0.17719885630976234, "rmse": 0.42094994513571604, "f1": 0.807439011607505}}