{"time": "2021-07-01T19:32:28.547787", "features": ["i", "n_gram", "s", "scA", "scW", "tcA", "tcW"], "seed": 888, "split_id": 0, "metrics_train": {"acc": 0.7445440445917539, "auc": 0.8029424486266337, "nll": 0.5141740727838943, "mse": 0.17138354575582282, "rmse": 0.4139849583690485, "f1": 0.8091249886871652}, "metrics_test": {"acc": 0.7420598882408265, "auc": 0.799944114705333, "nll": 0.5180455311561113, "mse": 0.17289977815191945, "rmse": 0.4158121909611591, "f1": 0.8091249886871652}}