{"time": "2021-12-14T18:01:14.356723", "features": ["i", "rpfa_F", "rpfa_R", "s", "scA", "scW", "tcA", "tcW"], "seed": 888, "split_id": 0, "metrics_train": {"acc": 0.7385408482195577, "auc": 0.7957490041508125, "nll": 0.5236935410516195, "mse": 0.17480193542157668, "rmse": 0.41809321379517356, "f1": 0.807298857689951}, "metrics_test": {"acc": 0.7360911276436927, "auc": 0.7928987912850798, "nll": 0.527297215324432, "mse": 0.1762348962614656, "rmse": 0.41980340191745186, "f1": 0.807298857689951}}