{"time": "2021-07-02T08:54:36.155737", "features": ["hour", "i", "s", "scA", "scW", "tcA", "tcW"], "seed": 888, "split_id": 4, "metrics_train": {"acc": 0.7353102972762179, "auc": 0.7917460774501682, "nll": 0.5291533491800114, "mse": 0.17670372087851682, "rmse": 0.42036141697177304, "f1": 0.8074595987623486}, "metrics_test": {"acc": 0.7346230030351328, "auc": 0.7909707736795666, "nll": 0.5305062712150611, "mse": 0.17718335210647748, "rmse": 0.4209315290002371, "f1": 0.8074595987623486}}