{"time": "2021-07-02T02:01:45.671070", "features": ["i", "post", "s", "scA", "scW", "tcA", "tcW"], "seed": 888, "split_id": 2, "metrics_train": {"acc": 0.7351134215500945, "auc": 0.7917292883192969, "nll": 0.5292692901571144, "mse": 0.17676223989599538, "rmse": 0.42043101681012474, "f1": 0.8084261887892885}, "metrics_test": {"acc": 0.735039126835179, "auc": 0.7908821163775505, "nll": 0.5302432512481208, "mse": 0.17705158609162433, "rmse": 0.4207749827302288, "f1": 0.8084261887892885}}