{"time": "2021-07-02T00:15:34.710697", "features": ["bundle", "i", "s", "scA", "scW", "tcA", "tcW"], "seed": 888, "split_id": 2, "metrics_train": {"acc": 0.7390761329429985, "auc": 0.7972858444974277, "nll": 0.5235379272433197, "mse": 0.17453203544639456, "rmse": 0.4177703142234912, "f1": 0.8099668146948404}, "metrics_test": {"acc": 0.7383580843315665, "auc": 0.79518860178199, "nll": 0.5257159181720673, "mse": 0.1752687065796425, "rmse": 0.41865105586830004, "f1": 0.8099668146948404}}