{"time": "2021-12-14T17:52:15.010919", "features": ["i", "rpfa_F", "s", "scA", "scW", "tcA", "tcW"], "seed": 888, "split_id": 2, "metrics_train": {"acc": 0.7379327705428521, "auc": 0.7951866652275363, "nll": 0.524735220113418, "mse": 0.1751693946998425, "rmse": 0.4185324296871659, "f1": 0.8092509670096352}, "metrics_test": {"acc": 0.7377768564763604, "auc": 0.7944822192694246, "nll": 0.5255934533267097, "mse": 0.17541166650575374, "rmse": 0.4188217598283949, "f1": 0.8092509670096352}}