{"time": "2021-07-01T17:46:11.143237", "features": ["i", "month", "s", "scA", "scW", "tcA", "tcW"], "seed": 888, "split_id": 0, "metrics_train": {"acc": 0.7355752446484384, "auc": 0.7921843591535082, "nll": 0.5286926050472909, "mse": 0.17651816315075713, "rmse": 0.42014064686811387, "f1": 0.8065413080784678}, "metrics_test": {"acc": 0.7330853951470623, "auc": 0.7893422205298005, "nll": 0.532252071782423, "mse": 0.17793750019174243, "rmse": 0.4218263863152025, "f1": 0.8065413080784678}}