{"time": "2021-12-14T18:03:04.916017", "features": ["i", "rpfa_F", "s", "scA", "scW", "tcA", "tcW"], "seed": 888, "split_id": 0, "metrics_train": {"acc": 0.7383197789307111, "auc": 0.795605967773099, "nll": 0.52419251528455, "mse": 0.1749366667208618, "rmse": 0.41825430866981134, "f1": 0.8074456332962028}, "metrics_test": {"acc": 0.7359516434622602, "auc": 0.7927765760944576, "nll": 0.5277659930062956, "mse": 0.17635809357707008, "rmse": 0.4199501084379787, "f1": 0.8074456332962028}}