{"time": "2021-07-01T23:53:06.885749", "features": ["i", "precA", "precW", "s", "scA", "scW", "tcA", "tcW"], "seed": 888, "split_id": 1, "metrics_train": {"acc": 0.7363037936813872, "auc": 0.7933936222475607, "nll": 0.5280465864946808, "mse": 0.17620202775363794, "rmse": 0.41976425259142536, "f1": 0.8087358999220048}, "metrics_test": {"acc": 0.7352699974607996, "auc": 0.790916629999485, "nll": 0.5300280161966695, "mse": 0.17696253331188352, "rmse": 0.42066914946532924, "f1": 0.8087358999220048}}