{"time": "2021-07-01T23:05:03.304808", "features": ["i", "s", "scA", "scW", "tcA", "tcW", "user_avg_correct"], "seed": 888, "split_id": 1, "metrics_train": {"acc": 0.7359177856495697, "auc": 0.7932616229232791, "nll": 0.5261884259862973, "mse": 0.1759076487632668, "rmse": 0.41941345801400653, "f1": 0.807066240292371}, "metrics_test": {"acc": 0.734558015702818, "auc": 0.790746711910026, "nll": 0.5282741975958702, "mse": 0.1767107514435656, "rmse": 0.42036977941279935, "f1": 0.807066240292371}}