{"time": "2021-07-01T23:53:13.365495", "features": ["i", "s", "scA", "scW", "ss", "tcA", "tcW"], "seed": 888, "split_id": 2, "metrics_train": {"acc": 0.735118524159153, "auc": 0.7918114578167853, "nll": 0.529198106233926, "mse": 0.17673427344665002, "rmse": 0.42039775623408127, "f1": 0.8084322721637891}, "metrics_test": {"acc": 0.7350711928376165, "auc": 0.790943832403638, "nll": 0.5301788300599258, "mse": 0.177026245602305, "rmse": 0.4207448699655232, "f1": 0.8084322721637891}}