{"time": "2021-07-02T07:19:54.205622", "features": ["i", "precA", "precW", "s", "scA", "scW", "tcA", "tcW"], "seed": 888, "split_id": 3, "metrics_train": {"acc": 0.7361782171332509, "auc": 0.7933139169406143, "nll": 0.5283313219709976, "mse": 0.17630820146602863, "rmse": 0.41989070180944543, "f1": 0.8097528195928115}, "metrics_test": {"acc": 0.735866740650249, "auc": 0.79117704310176, "nll": 0.528939207454841, "mse": 0.17655837058543203, "rmse": 0.42018849411357284, "f1": 0.8097528195928115}}