{"time": "2021-07-02T00:11:37.787892", "features": ["gender", "i", "s", "scA", "scW", "tcA", "tcW"], "seed": 888, "split_id": 2, "metrics_train": {"acc": 0.7351335800056343, "auc": 0.7917483570815235, "nll": 0.5292494246596853, "mse": 0.1767542688420118, "rmse": 0.42042153708154845, "f1": 0.8084228343456791}, "metrics_test": {"acc": 0.7350300372596849, "auc": 0.7909028631770041, "nll": 0.5302257937717185, "mse": 0.17704479847125276, "rmse": 0.4207669170351357, "f1": 0.8084228343456791}}