{"time": "2021-07-02T04:48:18.304585", "features": ["i", "s", "scA", "scW", "tcA", "tcW", "week"], "seed": 888, "split_id": 3, "metrics_train": {"acc": 0.7351782408177293, "auc": 0.792050269972999, "nll": 0.5292560711614085, "mse": 0.17674196531717531, "rmse": 0.42040690445944784, "f1": 0.8089822522535306}, "metrics_test": {"acc": 0.7347865365707297, "auc": 0.7899052885387166, "nll": 0.5298655247893911, "mse": 0.17699261454699877, "rmse": 0.4207049019764314, "f1": 0.8089822522535306}}