{"time": "2021-12-14T18:41:54.802892", "features": ["i", "rpfa_F", "s", "scA", "scW", "tcA", "tcW"], "seed": 888, "split_id": 4, "metrics_train": {"acc": 0.7380649338641241, "auc": 0.7951914610155248, "nll": 0.5246233762774246, "mse": 0.1751119807152373, "rmse": 0.41846383441730933, "f1": 0.808388888348862}, "metrics_test": {"acc": 0.7374842545732408, "auc": 0.794374885755948, "nll": 0.526049066860654, "mse": 0.1756172784528983, "rmse": 0.4190671526771077, "f1": 0.808388888348862}}