{"time": "2021-07-01T21:37:04.488025", "features": ["i", "s", "scA", "scW", "tcA", "tcA_TW", "tcW", "tcW_TW"], "seed": 888, "split_id": 1, "metrics_train": {"acc": 0.7404064769890087, "auc": 0.7991714654634713, "nll": 0.523381552037342, "mse": 0.17417651041184207, "rmse": 0.4173445943244528, "f1": 0.8112986598950023}, "metrics_test": {"acc": 0.7391429067057519, "auc": 0.7967731509736201, "nll": 0.5253632119854105, "mse": 0.17493280086576973, "rmse": 0.4182496872273424, "f1": 0.8112986598950023}}