{"time": "2021-07-01T17:40:24.731205", "features": ["i", "s", "scA", "scW", "tcA", "tcA_TW", "tcW", "tcW_TW"], "seed": 888, "split_id": 0, "metrics_train": {"acc": 0.7406303623867295, "auc": 0.7992472533391219, "nll": 0.5230709106778941, "mse": 0.17404820855558759, "rmse": 0.41719085387336524, "f1": 0.8100040044474304}, "metrics_test": {"acc": 0.7381573634255294, "auc": 0.7964713197797001, "nll": 0.5266237545386138, "mse": 0.1754677518268117, "rmse": 0.4188887105506804, "f1": 0.8100040044474304}}