{"time": "2021-07-01T18:54:45.755872", "features": ["i", "post", "s", "scA", "scW", "tcA", "tcW"], "seed": 888, "split_id": 0, "metrics_train": {"acc": 0.7355107503601823, "auc": 0.7921246991190648, "nll": 0.5287535392616354, "mse": 0.17654014481187927, "rmse": 0.42016680593768857, "f1": 0.806571545414205}, "metrics_test": {"acc": 0.7331144543515274, "auc": 0.7892859935838376, "nll": 0.5323093198440163, "mse": 0.17795689733619965, "rmse": 0.4218493775462987, "f1": 0.806571545414205}}