{"time": "2021-07-02T04:10:07.835636", "features": ["i", "icA_TW", "icW_TW", "s", "scA", "scW", "tcA", "tcW"], "seed": 888, "split_id": 3, "metrics_train": {"acc": 0.7351520367139651, "auc": 0.7919575774112925, "nll": 0.5293633504289567, "mse": 0.17677825249751192, "rmse": 0.42045005945713926, "f1": 0.8089774911566685}, "metrics_test": {"acc": 0.7347531984976652, "auc": 0.789842704568014, "nll": 0.5299405571189579, "mse": 0.17701852832531326, "rmse": 0.42073569889577145, "f1": 0.8089774911566685}}