{"time": "2021-07-01T17:23:56.624333", "features": ["i", "icA_TW", "icW_TW", "s", "scA", "scW", "tcA", "tcW"], "seed": 888, "split_id": 0, "metrics_train": {"acc": 0.7355087349136743, "auc": 0.7921208379328253, "nll": 0.5287576276227479, "mse": 0.17654100142776188, "rmse": 0.42016782531241237, "f1": 0.8065701919178194}, "metrics_test": {"acc": 0.7331111693979792, "auc": 0.7892818102672325, "nll": 0.5323119567933701, "mse": 0.1779581207526763, "rmse": 0.4218508276069591, "f1": 0.8065701919178194}}