{"time": "2021-12-14T17:46:48.040324", "features": ["i", "rpfa_R", "s", "scA", "scW", "tcA", "tcW"], "seed": 888, "split_id": 1, "metrics_train": {"acc": 0.7366951620599952, "auc": 0.7934241145146435, "nll": 0.5263296002552923, "mse": 0.17582116419367289, "rmse": 0.41931034353289315, "f1": 0.8078796380845644}, "metrics_test": {"acc": 0.7354718764691538, "auc": 0.7909932170939986, "nll": 0.5283469089176442, "mse": 0.17659448175517586, "rmse": 0.4202314621195989, "f1": 0.8078796380845644}}