{"time": "2021-07-01T16:44:05.813860", "features": ["i", "s", "scA", "scW", "tcA", "tcW", "tea"], "seed": 888, "split_id": 0, "metrics_train": {"acc": 0.7424603248332926, "auc": 0.8002959292216728, "nll": 0.5193972857327742, "mse": 0.17294962376334785, "rmse": 0.41587212429224907, "f1": 0.8091073093119675}, "metrics_test": {"acc": 0.7390882687233508, "auc": 0.7954853789257235, "nll": 0.5249295836824153, "mse": 0.1750633104597624, "rmse": 0.41840567689715014, "f1": 0.8091073093119675}}