{"time": "2021-07-01T21:54:43.156247", "features": ["hour", "i", "s", "scA", "scW", "tcA", "tcW"], "seed": 888, "split_id": 1, "metrics_train": {"acc": 0.7353455528639607, "auc": 0.7920955547402472, "nll": 0.5290256507273011, "mse": 0.17665208430271778, "rmse": 0.4202999932223623, "f1": 0.8079231391785607}, "metrics_test": {"acc": 0.7341266030274309, "auc": 0.7896069293008123, "nll": 0.5310135988405208, "mse": 0.1774144495985789, "rmse": 0.4212059467749463, "f1": 0.8079231391785607}}