{"time": "2021-07-02T01:08:46.010457", "features": ["i", "s", "scA", "scW", "tcA", "tcW", "week"], "seed": 888, "split_id": 2, "metrics_train": {"acc": 0.7351362887980974, "auc": 0.7918101963782634, "nll": 0.529186903462578, "mse": 0.1767327940352246, "rmse": 0.4203959966926714, "f1": 0.8084634029317966}, "metrics_test": {"acc": 0.7351126009037563, "auc": 0.7909712614543916, "nll": 0.5301520024977523, "mse": 0.17701831334852441, "rmse": 0.42073544341845553, "f1": 0.8084634029317966}}