{"time": "2021-07-02T07:27:00.807901", "features": ["gender", "i", "s", "scA", "scW", "tcA", "tcW"], "seed": 888, "split_id": 4, "metrics_train": {"acc": 0.7353019718719911, "auc": 0.7917150907725575, "nll": 0.5291759366787684, "mse": 0.1767116677256748, "rmse": 0.42037086926388556, "f1": 0.8074543672669361}, "metrics_test": {"acc": 0.7346008909656366, "auc": 0.790945195219905, "nll": 0.5305242287263309, "mse": 0.17719023888753838, "rmse": 0.4209397093260962, "f1": 0.8074543672669361}}