{"time": "2021-07-01T16:56:55.333619", "features": ["age", "i", "s", "scA", "scW", "tcA", "tcW"], "seed": 888, "split_id": 0, "metrics_train": {"acc": 0.7357151922153379, "auc": 0.7922946179231111, "nll": 0.5286014387707368, "mse": 0.17647328267558413, "rmse": 0.4200872322215758, "f1": 0.806699739633281}, "metrics_test": {"acc": 0.7333641108211929, "auc": 0.7894321260258443, "nll": 0.5321827886164804, "mse": 0.17789592253439, "rmse": 0.4217771005334334, "f1": 0.806699739633281}}