{"time": "2021-07-01T18:41:48.781576", "features": ["i", "pre", "s", "scA", "scW", "tcA", "tcW"], "seed": 888, "split_id": 0, "metrics_train": {"acc": 0.7355090498271912, "auc": 0.7921245830419136, "nll": 0.5287549460692079, "mse": 0.1765405403393099, "rmse": 0.42016727661648035, "f1": 0.80657273177791}, "metrics_test": {"acc": 0.733113696285324, "auc": 0.7892871279483613, "nll": 0.5323091545275124, "mse": 0.17795683077413535, "rmse": 0.42184929865312726, "f1": 0.80657273177791}}