{"time": "2021-07-01T22:15:12.996153", "features": ["i", "post", "s", "scA", "scW", "tcA", "tcW"], "seed": 888, "split_id": 1, "metrics_train": {"acc": 0.7353230394074408, "auc": 0.7920511796448965, "nll": 0.5290647852560201, "mse": 0.17666791296016168, "rmse": 0.42031882299055046, "f1": 0.8078769870493663}, "metrics_test": {"acc": 0.7340448960813348, "auc": 0.7895607717263304, "nll": 0.5310567261885556, "mse": 0.17743125679088154, "rmse": 0.42122589757858137, "f1": 0.8078769870493663}}