{"time": "2021-07-02T03:56:06.795562", "features": ["i", "s", "scA", "scW", "ss", "tcA", "tcW"], "seed": 888, "split_id": 3, "metrics_train": {"acc": 0.7352039409964212, "auc": 0.792044120758969, "nll": 0.5292635831177945, "mse": 0.17674388781983208, "rmse": 0.4204091909316828, "f1": 0.8090073539442643}, "metrics_test": {"acc": 0.7348042158519001, "auc": 0.7899332814192878, "nll": 0.5298498025105046, "mse": 0.17698495459792307, "rmse": 0.4206957981700353, "f1": 0.8090073539442643}}