{"time": "2021-07-02T09:48:04.278737", "features": ["i", "s", "scA", "scW", "tcA", "tcW", "user_avg_correct"], "seed": 888, "split_id": 4, "metrics_train": {"acc": 0.7358821011756101, "auc": 0.7928845802046244, "nll": 0.526384332654765, "mse": 0.17597732830579205, "rmse": 0.41949651763249723, "f1": 0.8068204133473833}, "metrics_test": {"acc": 0.7352645043240403, "auc": 0.7922835087439611, "nll": 0.5275891249846867, "mse": 0.17641204160594612, "rmse": 0.4200143350005403, "f1": 0.8068204133473833}}