{"time": "2021-07-01T19:11:33.538448", "features": ["i", "s", "scA", "scW", "smA", "smW", "tcA", "tcW"], "seed": 888, "split_id": 0, "metrics_train": {"acc": 0.7364405640101087, "auc": 0.793065047009889, "nll": 0.5274206601412251, "mse": 0.17607683380115113, "rmse": 0.4196151019698304, "f1": 0.8067085105566565}, "metrics_test": {"acc": 0.7339665207641913, "auc": 0.790152254859895, "nll": 0.5310407646829512, "mse": 0.17751328434802938, "rmse": 0.42132325398443105, "f1": 0.8067085105566565}}