{"time": "2021-07-02T00:48:19.454697", "features": ["i", "month", "s", "scA", "scW", "tcA", "tcW"], "seed": 888, "split_id": 2, "metrics_train": {"acc": 0.7351457380741317, "auc": 0.7917874809482032, "nll": 0.5292111557265696, "mse": 0.1767414953960754, "rmse": 0.42040634557065787, "f1": 0.8084677448802382}, "metrics_test": {"acc": 0.7351242153613321, "auc": 0.7909443304127135, "nll": 0.5301782913166154, "mse": 0.17702737852255757, "rmse": 0.42074621629024495, "f1": 0.8084677448802382}}