{"time": "2021-12-14T17:44:50.805599", "features": ["i", "rpfa_R", "s", "scA", "scW", "tcA", "tcW"], "seed": 888, "split_id": 0, "metrics_train": {"acc": 0.736908084617262, "auc": 0.7935130723971747, "nll": 0.5260107686323129, "mse": 0.17568967267904254, "rmse": 0.41915351922540567, "f1": 0.8064415142066444}, "metrics_test": {"acc": 0.7344049357185128, "auc": 0.7906260468211983, "nll": 0.5296395792736502, "mse": 0.17713839269599785, "rmse": 0.42087812095189486, "f1": 0.8064415142066444}}