{"time": "2021-07-02T07:33:29.484793", "features": ["i", "icA", "icW", "s", "scA", "scW", "tcA", "tcW"], "seed": 888, "split_id": 4, "metrics_train": {"acc": 0.7352719499597795, "auc": 0.7916996824835112, "nll": 0.5291959551336465, "mse": 0.1767201359532905, "rmse": 0.4203809414724822, "f1": 0.807438871197343}, "metrics_test": {"acc": 0.7345729996052494, "auc": 0.7909279141898252, "nll": 0.5305449991085441, "mse": 0.17719879838812658, "rmse": 0.42094987633698927, "f1": 0.807438871197343}}