{"time": "2021-07-02T03:15:54.173553", "features": ["i", "s", "scA", "scA_TW", "scW", "scW_TW", "tcA", "tcW"], "seed": 888, "split_id": 2, "metrics_train": {"acc": 0.7372642027658409, "auc": 0.7947655020333579, "nll": 0.5269716309243587, "mse": 0.17570098342838977, "rmse": 0.41916701137898454, "f1": 0.8096727048777023}, "metrics_test": {"acc": 0.7368850681251059, "auc": 0.793779546114211, "nll": 0.5280920669394807, "mse": 0.1760528953352634, "rmse": 0.4195865766862226, "f1": 0.8096727048777023}}