{"time": "2021-12-14T17:52:18.821210", "features": ["i", "ppe", "s", "scA", "scW", "tcA", "tcW"], "seed": 888, "split_id": 2, "metrics_train": {"acc": 0.7351716290904656, "auc": 0.7918883640806915, "nll": 0.5291199279719442, "mse": 0.17670963248693744, "rmse": 0.4203684484912461, "f1": 0.8084447904669185}, "metrics_test": {"acc": 0.7351100760216746, "auc": 0.7910076364313211, "nll": 0.5301310314072133, "mse": 0.17701064458324417, "rmse": 0.4207263297955622, "f1": 0.8084447904669185}}