{"time": "2021-07-01T19:50:54.671406", "features": ["i", "s", "scA", "scW", "tcA", "tcW", "tea"], "seed": 888, "split_id": 1, "metrics_train": {"acc": 0.7422396525284473, "auc": 0.8002285658969976, "nll": 0.5196723264506212, "mse": 0.1730621099558828, "rmse": 0.4160073436321561, "f1": 0.8104114178070012}, "metrics_test": {"acc": 0.739741252957163, "auc": 0.7957014401455367, "nll": 0.5238460552282985, "mse": 0.17463473240561161, "rmse": 0.4178932069388202, "f1": 0.8104114178070012}}