{"time": "2021-07-02T09:08:05.910294", "features": ["i", "post", "s", "scA", "scW", "tcA", "tcW"], "seed": 888, "split_id": 4, "metrics_train": {"acc": 0.7352766803030901, "auc": 0.7916989240480612, "nll": 0.5291954489905464, "mse": 0.17671987573815304, "rmse": 0.42038063197315956, "f1": 0.8074350553764514}, "metrics_test": {"acc": 0.7345694817760112, "auc": 0.7909260138068271, "nll": 0.5305454204216508, "mse": 0.17719893872936873, "rmse": 0.42095004303286243, "f1": 0.8074350553764514}}