{"time": "2021-07-01T20:29:59.884836", "features": ["i", "icA", "icW", "s", "scA", "scW", "tcA", "tcW"], "seed": 888, "split_id": 1, "metrics_train": {"acc": 0.7353187511300084, "auc": 0.7920520323180695, "nll": 0.5290644931995345, "mse": 0.17666794733700827, "rmse": 0.42031886388432327, "f1": 0.8078759565358258}, "metrics_test": {"acc": 0.7340381081196592, "auc": 0.7895621535159342, "nll": 0.5310559848699605, "mse": 0.17743104293427772, "rmse": 0.42122564372824894, "f1": 0.8078759565358258}}