{"time": "2021-07-02T09:58:16.903136", "features": ["i", "s", "scA", "scW", "smA", "smW", "tcA", "tcW"], "seed": 888, "split_id": 4, "metrics_train": {"acc": 0.7361578486549994, "auc": 0.7926166340172355, "nll": 0.527886377152062, "mse": 0.17626399678035362, "rmse": 0.4198380601855358, "f1": 0.8077388432650437}, "metrics_test": {"acc": 0.7355155265675258, "auc": 0.7918952852164101, "nll": 0.5292118146150109, "mse": 0.1767341387339837, "rmse": 0.4203975960135639, "f1": 0.8077388432650437}}