{
    "train": {
        "acc": [
            0.7657340082979712,
            0.76270684395835,
            0.7622690029980663,
            0.7662268282653589,
            0.7662103504200481
        ],
        "auc": [
            0.8330449748867804,
            0.827776382437978,
            0.8273875476374736,
            0.8328261274952445,
            0.8327532093271601
        ],
        "nll": [
            0.47744901975623905,
            0.48320539988788097,
            0.4838208318816629,
            0.4773763224939529,
            0.47711277338863495
        ],
        "mse": [
            0.15830280034745112,
            0.16032951708739396,
            0.16055987584120054,
            0.15817016463798217,
            0.15809989783832795
        ],
        "rmse": [
            0.39787284444587456,
            0.4004116845040788,
            0.40069923364189325,
            0.39770612848934345,
            0.39761777857425834
        ],
        "f1": [
            0.8236371004714464,
            0.8181853981769164,
            0.8195401737662429,
            0.8207303099602516,
            0.8216729205541485
        ]
    },
    "test": {
        "acc": [
            0.752812551959121,
            0.7540090455874479,
            0.7546493809872844,
            0.7545373243721266,
            0.7542776175350722
        ],
        "auc": [
            0.8146731437454939,
            0.8152839444595089,
            0.816273548711075,
            0.8154363949093869,
            0.816041179530941
        ],
        "nll": [
            0.49989608769116434,
            0.4975351382816225,
            0.4964504287041773,
            0.49668541624229906,
            0.4974565124743833
        ],
        "mse": [
            0.16637335894495528,
            0.16561668239388383,
            0.1652267814827605,
            0.16527319093503492,
            0.16551893346688018
        ],
        "rmse": [
            0.40788890515060017,
            0.40696029584455023,
            0.40648097308823755,
            0.4065380559492985,
            0.4068401817260436
        ],
        "f1": [
            0.8132499632982723,
            0.8115912671141545,
            0.8136210884357655,
            0.8126473009208657,
            0.8118123673614228
        ]
    }
}