{
    "train": {
        "acc": [
            0.7164398779796888,
            0.7162243354410449,
            0.7146993369002569,
            0.7149122241555982,
            0.7119024714837201
        ],
        "auc": [
            0.7482317075471587,
            0.7470822558585681,
            0.7473968925934054,
            0.7468464502997747,
            0.7469792786885454
        ],
        "nll": [
            0.5507147432669636,
            0.550406941415202,
            0.5498948135646163,
            0.5500798808456333,
            0.5520069385320873
        ],
        "mse": [
            0.1859532908088968,
            0.18622485300239766,
            0.1861425057619979,
            0.186437432733108,
            0.18712930638375988
        ],
        "rmse": [
            0.43122301748503267,
            0.43153777702815044,
            0.43144235508581896,
            0.43178401166915387,
            0.4325844500022624
        ],
        "f1": [
            0.8061340219843706,
            0.8052357946099002,
            0.809513975881492,
            0.8060736339857307,
            0.8091022463302674
        ]
    },
    "test": {
        "acc": [
            0.7136098599328672,
            0.7140189483861947,
            0.7109908728878931,
            0.7153653096750665,
            0.7132670799899193
        ],
        "auc": [
            0.7431391143576761,
            0.7455923131238853,
            0.7428964608802576,
            0.744519125750798,
            0.7448558478937819
        ],
        "nll": [
            0.5558032239462531,
            0.554396816142391,
            0.5559080785617276,
            0.5497349228757181,
            0.55086967817677
        ],
        "mse": [
            0.1877855802478071,
            0.1876851007344222,
            0.1884180916121804,
            0.18619426552739,
            0.1865359697311941
        ],
        "rmse": [
            0.43334233608984835,
            0.43322638508569883,
            0.43407152822107603,
            0.43150233548312344,
            0.4318981010969996
        ],
        "f1": [
            0.8041556553542424,
            0.8021912541156075,
            0.8061524845144451,
            0.8074940911700912,
            0.81118944663241
        ]
    }
}