{
    "train": {
        "acc": [
            0.7758021624903185,
            0.7752146060464483,
            0.77491317639055,
            0.7752645366307418,
            0.7747082462387684
        ],
        "auc": [
            0.8148052683008178,
            0.8134934889939917,
            0.8131050519933031,
            0.8135264085079821,
            0.8133315926150485
        ],
        "nll": [
            0.47266337732720526,
            0.47458809371087596,
            0.47424212858778947,
            0.4745142664745083,
            0.4749319872535067
        ],
        "mse": [
            0.15452619913164573,
            0.15515115172642777,
            0.15512274681752164,
            0.15512059421885502,
            0.15535223818271301
        ],
        "rmse": [
            0.39309820545462393,
            0.3938923098086935,
            0.3938562514643149,
            0.39385351873362134,
            0.39414748278114503
        ],
        "f1": [
            0.8479666680097573,
            0.846863437712956,
            0.8465438207660524,
            0.8465079588908635,
            0.8447224577859815
        ]
    },
    "test": {
        "acc": [
            0.7646860512127645,
            0.7647186462902772,
            0.7646774895248131,
            0.7640709238492055,
            0.7649389794023855
        ],
        "auc": [
            0.7972574834114221,
            0.7971417362508112,
            0.7977407522068216,
            0.7968173890915454,
            0.7967804405852398
        ],
        "nll": [
            0.49064247482297335,
            0.49079896882504115,
            0.4905509753309428,
            0.49129961202144384,
            0.49050505599406535
        ],
        "mse": [
            0.16135767713842095,
            0.16140454435329948,
            0.1613520260778143,
            0.16164561846106865,
            0.1613055425688559
        ],
        "rmse": [
            0.40169351144675086,
            0.40175184424380617,
            0.40168647733999496,
            0.40205176092273076,
            0.4016286127367619
        ],
        "f1": [
            0.8406422344067517,
            0.8399736255966878,
            0.8395896481411507,
            0.8390305270043433,
            0.8387355294541188
        ]
    }
}