{
    "train": {
        "acc": [
            0.8530809149755197,
            0.8532874521733934,
            0.8526297714765586,
            0.8521868415903231,
            0.8530118859141516
        ],
        "auc": [
            0.7975642317878634,
            0.7978148536680655,
            0.7976221665055161,
            0.7961285902866405,
            0.7981340480396226
        ],
        "nll": [
            0.3631889890387788,
            0.3632633990823546,
            0.36424806442987007,
            0.36587275589478474,
            0.36314305329943153
        ],
        "mse": [
            0.11096296051670196,
            0.11094831932808824,
            0.11127458496818386,
            0.11173809624373833,
            0.11096220999946638
        ],
        "rmse": [
            0.3331110333157729,
            0.3330890561517869,
            0.33357845399273595,
            0.33427248801500004,
            0.33310990678673363
        ],
        "f1": [
            0.9172512099510435,
            0.9170179498983724,
            0.9172454954302153,
            0.9159484303871859,
            0.9169245978947219
        ]
    },
    "test": {
        "acc": [
            0.8519413435464362,
            0.8530483953686123,
            0.8514264559402738,
            0.8532350068810686,
            0.853433464957201
        ],
        "auc": [
            0.7956666816552576,
            0.7975201022747003,
            0.7962519315752292,
            0.7962991492388052,
            0.7981771007394206
        ],
        "nll": [
            0.3653649281075518,
            0.36332470039252807,
            0.3665202936755937,
            0.36468202191720955,
            0.3625624097435315
        ],
        "mse": [
            0.11176447629549396,
            0.11100196203576597,
            0.11210891889614251,
            0.11125928175316352,
            0.11070891700495958
        ],
        "rmse": [
            0.33431194458992036,
            0.3331695694924222,
            0.3348266997957936,
            0.33355551524920635,
            0.33272949524344786
        ],
        "f1": [
            0.9166387982359885,
            0.916935381134445,
            0.9165081156616145,
            0.9166019171518364,
            0.9171343750269557
        ]
    }
}