{
    "train": {
        "acc": [
            0.7211975828621964,
            0.721026369934868,
            0.7223115419811337,
            0.7211202381633628,
            0.7202754504023148
        ],
        "auc": [
            0.7554897731273461,
            0.754905621079562,
            0.7569283961728598,
            0.7555776767676996,
            0.7546771379541637
        ],
        "nll": [
            0.5423506253554797,
            0.5425250390102389,
            0.5407868450147676,
            0.5425326900770071,
            0.5435588976453735
        ],
        "mse": [
            0.1832389864380954,
            0.18331781598383595,
            0.18263562995028051,
            0.18333025723433666,
            0.1837339648602356
        ],
        "rmse": [
            0.42806423167334995,
            0.42815629854509435,
            0.42735890063303994,
            0.4281708271640382,
            0.42864200081214116
        ],
        "f1": [
            0.80774175395869,
            0.8092353658586932,
            0.8079347894520482,
            0.8073742584091059,
            0.8069807401445718
        ]
    },
    "test": {
        "acc": [
            0.7164516527897488,
            0.7173247566718565,
            0.7157408941784416,
            0.7193038266656693,
            0.7195344646220361
        ],
        "auc": [
            0.7475960776752251,
            0.7507344560487068,
            0.7480151853954505,
            0.7498851978564675,
            0.7499695376018557
        ],
        "nll": [
            0.5490401213754816,
            0.5480738984990953,
            0.5499944406192315,
            0.5451398202160579,
            0.5445542116407186
        ],
        "mse": [
            0.18588635460756114,
            0.18549081503751436,
            0.1862842764677057,
            0.1842913249283688,
            0.1841294637739422
        ],
        "rmse": [
            0.4311453984534233,
            0.43068644631276054,
            0.4316066223631256,
            0.42929165485526133,
            0.4291030922446752
        ],
        "f1": [
            0.8045681942113897,
            0.8053396602034415,
            0.8026001830982548,
            0.8074649579751239,
            0.8079422865475955
        ]
    }
}