{
    "train": {
        "acc": [
            0.7734364770002384,
            0.7737760374550872,
            0.7749652916263512,
            0.7750315980350957,
            0.771302623547847
        ],
        "auc": [
            0.8111748322977848,
            0.8116545428520201,
            0.8134277066118261,
            0.8135477884424895,
            0.8082497127651189
        ],
        "nll": [
            0.4767367247815308,
            0.4765196323655739,
            0.4735787956382492,
            0.4743523628235899,
            0.48049820402850746
        ],
        "mse": [
            0.1560938344960487,
            0.15597502295795002,
            0.15499819963758235,
            0.15518431866075424,
            0.15746994590025218
        ],
        "rmse": [
            0.3950871226654302,
            0.39493673285470676,
            0.3936981072313942,
            0.39393440908450006,
            0.3968248302466117
        ],
        "f1": [
            0.845093489921718,
            0.8463414007751372,
            0.8475133534482213,
            0.847591029735335,
            0.8453915116692934
        ]
    },
    "test": {
        "acc": [
            0.7636725171096918,
            0.7634439011278438,
            0.7632850169001685,
            0.763125238293504,
            0.7642249922711637
        ],
        "auc": [
            0.7956568429088414,
            0.7952034320024058,
            0.7953690675194642,
            0.7947811932511641,
            0.7947735452133955
        ],
        "nll": [
            0.4931016565648534,
            0.4929472807128328,
            0.49335550651956955,
            0.49355552675172565,
            0.4924013608448142
        ],
        "mse": [
            0.1622126539224719,
            0.16220757305151948,
            0.16227131059872182,
            0.1624090807412204,
            0.16193863117034987
        ],
        "rmse": [
            0.4027563207728364,
            0.40275001309934116,
            0.40282913325468633,
            0.40300010017519894,
            0.40241599268710715
        ],
        "f1": [
            0.8386729599549977,
            0.8396366842617201,
            0.8397886876609361,
            0.8397813097996845,
            0.8413441569673984
        ]
    }
}