{
    "train": {
        "acc": [
            0.856775493097153,
            0.8563300487720914,
            0.8565021861006,
            0.8564852487955328,
            0.8564576062713505
        ],
        "auc": [
            0.8105256655300875,
            0.8097042057772122,
            0.8095709478559033,
            0.8101475945963426,
            0.8098757350073875
        ],
        "nll": [
            0.35335252020319813,
            0.3542592697689245,
            0.35392293843616807,
            0.35390560378401775,
            0.35398622562629667
        ],
        "mse": [
            0.10777843499346276,
            0.10809679071755232,
            0.1079748083054737,
            0.10797412117210854,
            0.10800387683406888
        ],
        "rmse": [
            0.32829626101048237,
            0.3287807639104702,
            0.3285952043251296,
            0.32859415876139453,
            0.3286394328653652
        ],
        "f1": [
            0.9190129647899629,
            0.9187636038286543,
            0.9187757287380798,
            0.918699294350587,
            0.9187176810279365
        ]
    },
    "test": {
        "acc": [
            0.8542220436992405,
            0.8549970841928096,
            0.8541416646758059,
            0.8559740615768129,
            0.8557903306883732
        ],
        "auc": [
            0.8051347342525703,
            0.806567542478829,
            0.805386413895954,
            0.8067730563213437,
            0.8068875976818085
        ],
        "nll": [
            0.3584852177364685,
            0.35662970136483546,
            0.3587017788294335,
            0.35566733614786633,
            0.3560091373665909
        ],
        "mse": [
            0.1096010573893038,
            0.10895872036197769,
            0.10966212058546486,
            0.10852084433661524,
            0.10863271555449686
        ],
        "rmse": [
            0.33106050412168436,
            0.33008895825516144,
            0.3311527148997345,
            0.3294250208114363,
            0.3295947747681945
        ],
        "f1": [
            0.9176327066173161,
            0.9181027341518927,
            0.9174012343512851,
            0.918465365311996,
            0.918372116914654
        ]
    }
}