{
    "train": {
        "acc": [
            0.7631136759067542,
            0.7621377012550086,
            0.7617745538807799,
            0.7616147800215881,
            0.7606943916923566
        ],
        "auc": [
            0.8282110076782909,
            0.826889262030498,
            0.8265192381123931,
            0.8261386833147729,
            0.8250011069151121
        ],
        "nll": [
            0.48323723869747653,
            0.484583643868301,
            0.4849367306031533,
            0.4853793861459166,
            0.4863766529307241
        ],
        "mse": [
            0.16030431215286525,
            0.16084015414670422,
            0.16100250859089418,
            0.16114174100882195,
            0.16153085814100435
        ],
        "rmse": [
            0.4003802094920093,
            0.4010488176602746,
            0.4012511789277312,
            0.40142463926473415,
            0.4019090172427142
        ],
        "f1": [
            0.817561975924562,
            0.8175343810206879,
            0.8185207025739457,
            0.817558975142169,
            0.8156215906287329
        ]
    },
    "test": {
        "acc": [
            0.752453986644895,
            0.7536663792258204,
            0.7546806895250975,
            0.7542840055290689,
            0.7534333385179436
        ],
        "auc": [
            0.8139975578098657,
            0.8148821477787925,
            0.8159980382869233,
            0.8149956829180632,
            0.8154327341669622
        ],
        "nll": [
            0.5001507491540929,
            0.4979898150323468,
            0.4973260980416766,
            0.4978341278557354,
            0.49820553695299813
        ],
        "mse": [
            0.16661518393121855,
            0.16584338178953997,
            0.16541711662494138,
            0.16559182307593706,
            0.16586583152241413
        ],
        "rmse": [
            0.40818523237767745,
            0.4072387282535147,
            0.40671503122572367,
            0.4069297520161644,
            0.4072662906777507
        ],
        "f1": [
            0.8086509891610666,
            0.8111015145439402,
            0.8130084805701313,
            0.8129907709920862,
            0.8092946294854538
        ]
    }
}