{
    "train": {
        "acc": [
            0.7758815592074099,
            0.7789733953690355,
            0.7781270019280434,
            0.7798475608485559,
            0.7768291387817479
        ],
        "auc": [
            0.8161550409468039,
            0.8176711598076645,
            0.8161645459247584,
            0.8178643166505658,
            0.8125402995976897
        ],
        "nll": [
            0.46539227209514,
            0.46354517150421254,
            0.4687713058667634,
            0.4622932163762573,
            0.4680850741685212
        ],
        "mse": [
            0.15240601494938433,
            0.15149217650664004,
            0.15232168108569374,
            0.15099685591916098,
            0.15311395097285702
        ],
        "rmse": [
            0.39039212972264736,
            0.3892199590291331,
            0.39028410303994415,
            0.38858313900523395,
            0.3912977778787621
        ],
        "f1": [
            0.854789826926368,
            0.8511729107639273,
            0.8539058283905263,
            0.8522156103312104,
            0.8512172939408045
        ]
    },
    "test": {
        "acc": [
            0.7720037897024935,
            0.7749364129854386,
            0.774860253604813,
            0.772193412614159,
            0.7721951952664594
        ],
        "auc": [
            0.8112000665282842,
            0.8072273874646592,
            0.8097651797422076,
            0.808489737331526,
            0.8073496293777117
        ],
        "nll": [
            0.47184103524485377,
            0.4724408981736779,
            0.4755893101793515,
            0.47524520779563684,
            0.4752508601453913
        ],
        "mse": [
            0.15472559657723997,
            0.1545369895394724,
            0.15450647013169697,
            0.1557167667506815,
            0.15581314327067175
        ],
        "rmse": [
            0.3933517466304681,
            0.3931119300396166,
            0.393073110415476,
            0.3946096384411834,
            0.39473173582912197
        ],
        "f1": [
            0.8519881880499139,
            0.8499438708288966,
            0.8523458089380277,
            0.8465581991142951,
            0.847724969247195
        ]
    }
}