{
    "train": {
        "acc": [
            0.8543590579678061,
            0.8544841523559114,
            0.8545219208942153,
            0.8535447581566414,
            0.8541523263146213
        ],
        "auc": [
            0.8044089439031727,
            0.8058803188113738,
            0.805521147010474,
            0.8028751147116754,
            0.8044726249450621
        ],
        "nll": [
            0.3589134620712688,
            0.35831382958902863,
            0.3584793672418576,
            0.36064883908610823,
            0.3592326804608301
        ],
        "mse": [
            0.10963397608089087,
            0.10945532660742735,
            0.10947267700626948,
            0.11025067276132515,
            0.1097178671205478
        ],
        "rmse": [
            0.33111021742146657,
            0.33084033400936375,
            0.33086655468068915,
            0.33204016739142445,
            0.33123687463890217
        ],
        "f1": [
            0.9173180473630874,
            0.9171990304080837,
            0.9177940676704734,
            0.9168634470607316,
            0.9169144420612452
        ]
    },
    "test": {
        "acc": [
            0.8504784863000177,
            0.8511950305978043,
            0.8510326185834958,
            0.85165554144484,
            0.8506773477695114
        ],
        "auc": [
            0.7952013880476861,
            0.7939251479259267,
            0.796870776856899,
            0.7944668752092279,
            0.7948945485576481
        ],
        "nll": [
            0.3668998845967048,
            0.3662797337409582,
            0.3665965546762021,
            0.36561207141629504,
            0.3674070817988333
        ],
        "mse": [
            0.11243207338836843,
            0.11207849265134714,
            0.11221406071770343,
            0.11189091679014634,
            0.11244363447597895
        ],
        "rmse": [
            0.3353089223214444,
            0.33478126090231985,
            0.33498367231508974,
            0.33450099669529587,
            0.33532616133546594
        ],
        "f1": [
            0.9151438564048253,
            0.9155002395755076,
            0.915729299606547,
            0.9159341592721655,
            0.914945597765091
        ]
    }
}