{
    "train": {
        "acc": [
            0.7684818182211514,
            0.7657956298645658,
            0.7655008562928975,
            0.7696046477308567,
            0.7661091687487659
        ],
        "auc": [
            0.7958832117106387,
            0.7906478709832748,
            0.791350304726125,
            0.7970646814527206,
            0.7911905169272546
        ],
        "nll": [
            0.4861633752447821,
            0.4904906615737625,
            0.4905695128475218,
            0.4849193069874164,
            0.49008105935716767
        ],
        "mse": [
            0.1594620073170767,
            0.16113321972026493,
            0.16121603343960464,
            0.15894335824643935,
            0.16094625482300923
        ],
        "rmse": [
            0.39932694288900256,
            0.40141402531583886,
            0.40151716456411257,
            0.39867700992964133,
            0.40118107485649074
        ],
        "f1": [
            0.8463236748474983,
            0.8444657660167442,
            0.8445239420644173,
            0.8454669166837723,
            0.845031069711744
        ]
    },
    "test": {
        "acc": [
            0.7585418445868303,
            0.758469748488247,
            0.7582224949787993,
            0.7578268033687294,
            0.7583715545015214
        ],
        "auc": [
            0.7780056745442478,
            0.7777505451807122,
            0.7780745126057543,
            0.7779008022993517,
            0.778048278406021
        ],
        "nll": [
            0.501581324071314,
            0.5024061814558703,
            0.5016451401550474,
            0.5034466156746079,
            0.5020149072288727
        ],
        "mse": [
            0.16541705090897407,
            0.16573134952004917,
            0.16547790258876505,
            0.1660170292522231,
            0.1655868527991895
        ],
        "rmse": [
            0.40671495043700334,
            0.4071011539163813,
            0.40678975231532694,
            0.40745187354118656,
            0.4069236449251745
        ],
        "f1": [
            0.8398414633829869,
            0.8395413561914247,
            0.8398969990061956,
            0.837529939200393,
            0.8397072383373066
        ]
    }
}