{
    "train": {
        "acc": [
            0.854125831398677,
            0.8535122802958145,
            0.8536446111856597,
            0.853476581223448,
            0.8537867571058003
        ],
        "auc": [
            0.8035333829798867,
            0.802507479278051,
            0.8021768300007266,
            0.8029807694106815,
            0.8032668960587068
        ],
        "nll": [
            0.35939965614075803,
            0.3607046784810386,
            0.3603879667462226,
            0.36054212835412763,
            0.3599282121463758
        ],
        "mse": [
            0.1098319761524106,
            0.11030293655670627,
            0.11019233833013287,
            0.11025222652541881,
            0.11003123361089488
        ],
        "rmse": [
            0.3314090767501859,
            0.33211885908015865,
            0.33195231333752273,
            0.3320425071062722,
            0.3317095621336456
        ],
        "f1": [
            0.9173453889031745,
            0.9170492907459088,
            0.9171348682171101,
            0.9171327585067617,
            0.9170537566144906
        ]
    },
    "test": {
        "acc": [
            0.8512349206679066,
            0.8522435177917287,
            0.8518986354775828,
            0.8523176329031303,
            0.8512859828779
        ],
        "auc": [
            0.7972273030465349,
            0.7961330408802582,
            0.7992078516379982,
            0.7966001248105341,
            0.7963999905202561
        ],
        "nll": [
            0.3651246072267276,
            0.36433098397149283,
            0.3641276051626191,
            0.36383419080670243,
            0.36577903464602296
        ],
        "mse": [
            0.11185220460629004,
            0.11147192732736798,
            0.1114693555789586,
            0.11132713651628008,
            0.11198043284131859
        ],
        "rmse": [
            0.3344431261160708,
            0.3338741189840386,
            0.3338702675875146,
            0.3336572140929671,
            0.33463477530184843
        ],
        "f1": [
            0.9157276949709023,
            0.9164767355620218,
            0.9160196169402738,
            0.9166033957563791,
            0.9156384974484008
        ]
    }
}