{
    "train": {
        "acc": [
            0.7635868393289335,
            0.7643279511931906,
            0.7653127720641162,
            0.7659771681841199,
            0.7643339015062979
        ],
        "auc": [
            0.7895974520756206,
            0.7889768385224007,
            0.7910868550289891,
            0.7918634849070005,
            0.7892137537289372
        ],
        "nll": [
            0.49276856403401714,
            0.49254025648723476,
            0.49024245432209507,
            0.4893731237218087,
            0.4917026583327162
        ],
        "mse": [
            0.16214624186742654,
            0.1619522925537409,
            0.16113485662699553,
            0.16081105368043377,
            0.16172732933355574
        ],
        "rmse": [
            0.4026738653891342,
            0.4024329665344788,
            0.40141606423634263,
            0.4010125355652037,
            0.40215336543855473
        ],
        "f1": [
            0.8458132336415931,
            0.8443433198063912,
            0.8431478314396043,
            0.8450829215797216,
            0.8434118440190627
        ]
    },
    "test": {
        "acc": [
            0.758611149613904,
            0.7586264588423399,
            0.7589656326712787,
            0.7586847264023721,
            0.7584772686593879
        ],
        "auc": [
            0.7787926537269169,
            0.7786223667326714,
            0.7791276122185965,
            0.7785991059729109,
            0.7787050812673836
        ],
        "nll": [
            0.5018749466048682,
            0.5012790692663321,
            0.5005670830828076,
            0.5014385356061267,
            0.5014514682075469
        ],
        "mse": [
            0.1654576493106085,
            0.16535467076747454,
            0.16509301078156,
            0.1653688039594501,
            0.16539722822690964
        ],
        "rmse": [
            0.40676485751673347,
            0.4066382554156391,
            0.40631639245981693,
            0.406655633133798,
            0.4066905804501865
        ],
        "f1": [
            0.8426270569771886,
            0.8405076650554469,
            0.8391473315576233,
            0.8402063779952179,
            0.8393294615986832
        ]
    }
}