{
    "train": {
        "acc": [
            0.766514028890592,
            0.7662313251504546,
            0.7663736955758317,
            0.7644215767319708,
            0.7663981624965376
        ],
        "auc": [
            0.7930001314204814,
            0.791798546616193,
            0.7936235928567266,
            0.7893454678308913,
            0.7929097689736978
        ],
        "nll": [
            0.48942914254998193,
            0.48910657248897016,
            0.4881165050667689,
            0.49159873552573685,
            0.4881867957802933
        ],
        "mse": [
            0.1607619208272816,
            0.1607347184858254,
            0.1604234600645087,
            0.161733717992191,
            0.160430032909331
        ],
        "rmse": [
            0.40095126989109486,
            0.40091734620221336,
            0.40052897531203496,
            0.40216130842261666,
            0.40053718043314157
        ],
        "f1": [
            0.8455620348010754,
            0.84408689579609,
            0.8466480315334464,
            0.8449522380609854,
            0.8454820581568919
        ]
    },
    "test": {
        "acc": [
            0.7611474900401969,
            0.7601734856119261,
            0.7601417094398571,
            0.7602186057104071,
            0.7605456864148917
        ],
        "auc": [
            0.7817654466691866,
            0.7811231940378498,
            0.7817218135560015,
            0.781343906973042,
            0.7813920731922289
        ],
        "nll": [
            0.5002759921873708,
            0.4989020240687314,
            0.4983097171522251,
            0.4991846866900544,
            0.4995289015756812
        ],
        "mse": [
            0.16453053492612446,
            0.16442274816593355,
            0.16422326449498803,
            0.16448133726283834,
            0.1644800415335432
        ],
        "rmse": [
            0.4056236370406987,
            0.405490749790835,
            0.4052446970596753,
            0.4055629880337188,
            0.4055613905853751
        ],
        "f1": [
            0.8421308108918817,
            0.8400519972253269,
            0.8428247829126124,
            0.8421651718217414,
            0.8414978740797675
        ]
    }
}