{
    "train": {
        "acc": [
            0.8506546491392103,
            0.8520605887009592,
            0.8526881378821499,
            0.853790012964026,
            0.8541546680390907
        ],
        "auc": [
            0.7945763394241974,
            0.7990590481498838,
            0.7993091744678074,
            0.8038111182417415,
            0.8038924787689757
        ],
        "nll": [
            0.3671660981172109,
            0.3640686580613736,
            0.3629529457131072,
            0.3598442639572858,
            0.3601501923414825
        ],
        "mse": [
            0.11246559408786862,
            0.1113543713770111,
            0.11098817190548003,
            0.10999948794511072,
            0.10992079924765552
        ],
        "rmse": [
            0.33535890339734326,
            0.3336980242330049,
            0.3331488734867342,
            0.3316617070828508,
            0.3315430579090075
        ],
        "f1": [
            0.9161909526535301,
            0.9158073943253328,
            0.916682542458692,
            0.9169886341769236,
            0.9174493760624316
        ]
    },
    "test": {
        "acc": [
            0.849059652331127,
            0.8508247005457029,
            0.8510944769330734,
            0.8518864914574562,
            0.8508541492277323
        ],
        "auc": [
            0.7915147625831104,
            0.7931874306637856,
            0.7963037965196679,
            0.7951610928251178,
            0.7946764077065246
        ],
        "nll": [
            0.3701048901148818,
            0.36713688496284885,
            0.3664718813481721,
            0.3647923127973082,
            0.36711410715575815
        ],
        "mse": [
            0.11355273566644043,
            0.11239538555185312,
            0.11223045611078127,
            0.11162441855436464,
            0.1123918197524049
        ],
        "rmse": [
            0.33697586807728597,
            0.3352542103417243,
            0.33500814334995094,
            0.3341024072860964,
            0.3352488922463502
        ],
        "f1": [
            0.915309019920379,
            0.9152611978165784,
            0.9156750496973707,
            0.9160713599933826,
            0.9156007301521248
        ]
    }
}