{
    "train": {
        "acc": [
            0.7634700197197641,
            0.7613361768967547,
            0.7660239175557149,
            0.7654734369007458,
            0.7672821679973264
        ],
        "auc": [
            0.7898660604500792,
            0.7838505963092743,
            0.7938610327134958,
            0.7938832864070334,
            0.7943299285142548
        ],
        "nll": [
            0.4926592136350752,
            0.4970321857524559,
            0.48866194863629114,
            0.49100474909554565,
            0.4872655416977354
        ],
        "mse": [
            0.16210525594303174,
            0.16361889834183346,
            0.16057285592946724,
            0.16134670870797674,
            0.15999844516367231
        ],
        "rmse": [
            0.40262296996449637,
            0.40449832922007656,
            0.40071543011152844,
            0.4016798584793327,
            0.39999805644986863
        ],
        "f1": [
            0.8457557604768751,
            0.8422429644289207,
            0.8466671162651652,
            0.839657805920625,
            0.8434106264925146
        ]
    },
    "test": {
        "acc": [
            0.7596965557637191,
            0.7585349979951113,
            0.7605015621513055,
            0.7579881174589849,
            0.7601933058886702
        ],
        "auc": [
            0.7812216789715346,
            0.778530405431425,
            0.7822600829900737,
            0.7823145194097415,
            0.7825695430930767
        ],
        "nll": [
            0.49960421181756864,
            0.501470641639303,
            0.4986497192199842,
            0.5016031120444558,
            0.4986681559121707
        ],
        "mse": [
            0.1646489321055646,
            0.16538374013173182,
            0.16429036909702702,
            0.1655081476053821,
            0.16431765069458787
        ],
        "rmse": [
            0.4057695554197784,
            0.40667399736365223,
            0.4053274837671719,
            0.40682692586084085,
            0.4053611361423143
        ],
        "f1": [
            0.843372352815388,
            0.8403478037705905,
            0.8433070874764153,
            0.8345135536725126,
            0.8384531387649015
        ]
    }
}