{
    "train": {
        "acc": [
            0.7160795319058683,
            0.7158195486060227,
            0.7173080108655688,
            0.7191519292755039,
            0.7186867290232873
        ],
        "auc": [
            0.7419320508567236,
            0.7406124827247856,
            0.7439172556632582,
            0.7462094207923841,
            0.7458556341416428
        ],
        "nll": [
            0.5502851763869395,
            0.5499436535964396,
            0.5477224159969862,
            0.54632720937254,
            0.5468008448533894
        ],
        "mse": [
            0.18621200016742437,
            0.186214311891478,
            0.18537568855148276,
            0.18472103902672699,
            0.18490948774612007
        ],
        "rmse": [
            0.43152288487103946,
            0.43152556342756565,
            0.43055277092533356,
            0.42979185546811727,
            0.43001103212140973
        ],
        "f1": [
            0.8032752041164742,
            0.8060830002682672,
            0.810619091817957,
            0.8096195767252188,
            0.8073813229013534
        ]
    },
    "test": {
        "acc": [
            0.7134600137950624,
            0.7134700897076368,
            0.7141653070359086,
            0.7137477530774307,
            0.7148405515923231
        ],
        "auc": [
            0.7366359640085761,
            0.7359292519477756,
            0.7369045267021324,
            0.7365014521434389,
            0.7379835294992317
        ],
        "nll": [
            0.5538256947899758,
            0.554104958978046,
            0.5531330428900413,
            0.5549411115064026,
            0.551955949184703
        ],
        "mse": [
            0.18765025747697148,
            0.18775201760109747,
            0.18740847515712686,
            0.18798233443741338,
            0.18694903132656468
        ],
        "rmse": [
            0.433186169535653,
            0.433303609033086,
            0.4329070052068075,
            0.4335692960040106,
            0.43237603000925556
        ],
        "f1": [
            0.8016866997166022,
            0.8043788962522341,
            0.8085265354038454,
            0.8056100995454359,
            0.8050334289619169
        ]
    }
}