{
    "train": {
        "acc": [
            0.7175790232381464,
            0.7177801420429021,
            0.7161945489297014,
            0.7166380395855229,
            0.7177723855083066
        ],
        "auc": [
            0.7444253610297686,
            0.7441288515849495,
            0.7414629002119897,
            0.7421054417267459,
            0.7441141492206911
        ],
        "nll": [
            0.547049059847571,
            0.5471424367933939,
            0.5496373079368608,
            0.5487807239521318,
            0.547615174202555
        ],
        "mse": [
            0.18509713433521074,
            0.18512025317072184,
            0.18604127744743842,
            0.18574557938905725,
            0.18525500111526325
        ],
        "rmse": [
            0.43022916490541496,
            0.4302560321142771,
            0.4313250252969777,
            0.43098211028888106,
            0.43041259404815657
        ],
        "f1": [
            0.8057053584134489,
            0.807578828434955,
            0.8073049614549775,
            0.8074776263713178,
            0.8082448365503114
        ]
    },
    "test": {
        "acc": [
            0.7135882563388671,
            0.7137912828537684,
            0.7138681134100502,
            0.7139836724624595,
            0.7149353970422626
        ],
        "auc": [
            0.7364454837697896,
            0.736853775672796,
            0.736464470331624,
            0.7367907359263592,
            0.738029731616147
        ],
        "nll": [
            0.5532338323399039,
            0.5531165917349246,
            0.5536822573534796,
            0.5533497187926734,
            0.5521475573208192
        ],
        "mse": [
            0.18747406473665992,
            0.18739262518652305,
            0.18753804804751933,
            0.18749507660025197,
            0.18693334856134527
        ],
        "rmse": [
            0.43298275339401215,
            0.4328886983816083,
            0.43305663376459125,
            0.43300701680255943,
            0.43235789406618363
        ],
        "f1": [
            0.8031551907558446,
            0.804707112715515,
            0.8057216593596425,
            0.8052794060036387,
            0.8065636700763513
        ]
    }
}