{
    "train": {
        "acc": [
            0.7193464788091064,
            0.7189439584667983,
            0.7193170607178679,
            0.7197015991963943,
            0.7181013215984348
        ],
        "auc": [
            0.7451002490997202,
            0.7461265015522548,
            0.7453126189993315,
            0.7458050784571376,
            0.7430740700889754
        ],
        "nll": [
            0.5464890465265985,
            0.5462039441380123,
            0.5462960127745666,
            0.5458467949277584,
            0.5498836564313361
        ],
        "mse": [
            0.1847482194965533,
            0.18472406750253845,
            0.18467110109797358,
            0.184501826228517,
            0.1857560600846643
        ],
        "rmse": [
            0.4298234748086164,
            0.429795378642603,
            0.42973375606062597,
            0.4295367577152356,
            0.43099426920164996
        ],
        "f1": [
            0.8090763759913047,
            0.8124652268284196,
            0.8082563942833993,
            0.8089535437732597,
            0.8074928071750347
        ]
    },
    "test": {
        "acc": [
            0.7162088387877364,
            0.7158841035016608,
            0.7163268792984786,
            0.7160722176781461,
            0.7162488264376289
        ],
        "auc": [
            0.738715893559856,
            0.7392628409743556,
            0.7396018055093061,
            0.7392584921757757,
            0.7387205753216727
        ],
        "nll": [
            0.5511627761465251,
            0.5517532967487947,
            0.5508130823543971,
            0.551614369201128,
            0.5532012594283316
        ],
        "mse": [
            0.18652400272014907,
            0.18675575614198686,
            0.18637551638353633,
            0.18666043236026478,
            0.18690751027680702
        ],
        "rmse": [
            0.4318842468997325,
            0.43215246862882417,
            0.4317123074265272,
            0.43204216502589743,
            0.43232801236654445
        ],
        "f1": [
            0.8071637930543033,
            0.8103863936985828,
            0.806223996817564,
            0.806084704444769,
            0.8064314812357801
        ]
    }
}