{
    "train": {
        "acc": [
            0.7200339890693358,
            0.716766621282976,
            0.719756250447981,
            0.7197929861279132,
            0.7170520798507705
        ],
        "auc": [
            0.7476840049886452,
            0.7434109391197997,
            0.7474032029550697,
            0.7478454546111154,
            0.7428627805662039
        ],
        "nll": [
            0.5446769555474952,
            0.5492045215085569,
            0.5446574607273519,
            0.5444102996563368,
            0.548455271275108
        ],
        "mse": [
            0.18406566421848133,
            0.18584266111331296,
            0.18411245440814997,
            0.18402026503348212,
            0.18554883515465523
        ],
        "rmse": [
            0.42902874521234746,
            0.43109472406109656,
            0.42908327211410835,
            0.4289758326916356,
            0.4307537987698486
        ],
        "f1": [
            0.8106373449046417,
            0.8112937702001222,
            0.808601399759178,
            0.8071438794234478,
            0.8075123788167466
        ]
    },
    "test": {
        "acc": [
            0.7133293741943642,
            0.7129123220178796,
            0.7137141021383503,
            0.7129669437422084,
            0.7135541351415599
        ],
        "auc": [
            0.7350770546943556,
            0.7354154460698563,
            0.7361852509452356,
            0.7359337224240378,
            0.7359026700944318
        ],
        "nll": [
            0.5539613712691263,
            0.5559316861053044,
            0.5537220352248508,
            0.55465636794619,
            0.5532541978623416
        ],
        "mse": [
            0.18772966175088623,
            0.1883150281760802,
            0.18757679210919553,
            0.18793920973369513,
            0.18743572421867613
        ],
        "rmse": [
            0.43327781128380694,
            0.4339527948706866,
            0.43310136470484084,
            0.4335195609585514,
            0.4329384762511599
        ],
        "f1": [
            0.8062543462773591,
            0.808586618501462,
            0.8044441211678887,
            0.8019844392533981,
            0.8053849978159999
        ]
    }
}