{
    "train": {
        "acc": [
            0.8472182359997645,
            0.8547219148430293,
            0.8541142544208571,
            0.8546649936428913,
            0.8547365865697159
        ],
        "auc": [
            0.7963938228178606,
            0.8187083855442862,
            0.8163706511442461,
            0.818277735930027,
            0.8171400135405799
        ],
        "nll": [
            0.3704126911501663,
            0.351452686202234,
            0.3528212231103492,
            0.35150172757383435,
            0.3522689792614173
        ],
        "mse": [
            0.11414301999676538,
            0.10776233659606692,
            0.10822727037293953,
            0.10778069996152577,
            0.1080246284822603
        ],
        "rmse": [
            0.3378505882735227,
            0.32827174200053666,
            0.32897913364366976,
            0.32829971057179713,
            0.3286710034095802
        ],
        "f1": [
            0.9146022653823445,
            0.9172502555313106,
            0.917324499233859,
            0.9173055155172273,
            0.9174433942175745
        ]
    },
    "test": {
        "acc": [
            0.8458827318918133,
            0.851327328534842,
            0.8514781026640675,
            0.851854690214184,
            0.8511931490738786
        ],
        "auc": [
            0.7939118455632308,
            0.806073968790675,
            0.8104194444222566,
            0.8060533933038903,
            0.8070016141737436
        ],
        "nll": [
            0.37274618077632077,
            0.36001979619809954,
            0.35873295609499367,
            0.35939706704746155,
            0.36079563064966536
        ],
        "mse": [
            0.11497729829868907,
            0.11061454821659887,
            0.11025893731396108,
            0.11032926955236305,
            0.11086499984462764
        ],
        "rmse": [
            0.3390830256717211,
            0.3325876549371592,
            0.33205261226793725,
            0.3321585006474515,
            0.3329639617805922
        ],
        "f1": [
            0.9138657231175911,
            0.9155133435035332,
            0.9157252880177706,
            0.9158685039582218,
            0.9154445441826653
        ]
    }
}