{
    "train": {
        "acc": [
            0.770743476173423,
            0.7753033038592373,
            0.7756206230218389,
            0.77434206296756,
            0.7699783743028233
        ],
        "auc": [
            0.8038023389763097,
            0.810822257997939,
            0.8108286150340384,
            0.8161396159806683,
            0.8107412976106387
        ],
        "nll": [
            0.4796519948604889,
            0.47034941036865013,
            0.4741077612080552,
            0.4730603946197248,
            0.4814439666734499
        ],
        "mse": [
            0.15724067365671338,
            0.15397062325015176,
            0.1549088986797741,
            0.155029227222916,
            0.1579118545404996
        ],
        "rmse": [
            0.3965358415789339,
            0.3923909061766745,
            0.3935846779027025,
            0.39373751056118084,
            0.3973812458338964
        ],
        "f1": [
            0.8479537171931407,
            0.848614770583558,
            0.8501224552172247,
            0.842201775445334,
            0.8525828851612985
        ]
    },
    "test": {
        "acc": [
            0.7650124209631375,
            0.7658134173253225,
            0.7661375422463526,
            0.7592136890219876,
            0.7618976125290706
        ],
        "auc": [
            0.79248855617192,
            0.7941611418181207,
            0.7944398013039182,
            0.7949541923725364,
            0.7936997179191259
        ],
        "nll": [
            0.4874868798371379,
            0.4878236103583811,
            0.48754639900700847,
            0.5005901091678137,
            0.4994697913847135
        ],
        "mse": [
            0.16037464046003108,
            0.16021645689208894,
            0.16021751869996204,
            0.1649830513389812,
            0.16396746685501398
        ],
        "rmse": [
            0.4004680267637244,
            0.400270479666049,
            0.4002718060268073,
            0.4061810573364804,
            0.40492896519638355
        ],
        "f1": [
            0.844613583214899,
            0.8424365100507069,
            0.843667073506831,
            0.8312305071708755,
            0.8472612936425754
        ]
    }
}