{
    "train": {
        "acc": [
            0.7523114143613698,
            0.7525599911298275,
            0.7518660045289454,
            0.7522817265073886,
            0.7514464986641005
        ],
        "auc": [
            0.8124477616682915,
            0.8129982978206642,
            0.8121138898018156,
            0.8132718028415145,
            0.8133256138369831
        ],
        "nll": [
            0.5008959534993795,
            0.5004122195094973,
            0.5017527257701409,
            0.5001896323533754,
            0.501328554596962
        ],
        "mse": [
            0.1668015802008356,
            0.16657575767773256,
            0.1670535816876469,
            0.16660714345979194,
            0.16704774137095152
        ],
        "rmse": [
            0.4084134916978571,
            0.4081369349590068,
            0.40872188794784026,
            0.4081753832114229,
            0.4087147432757369
        ],
        "f1": [
            0.8122545352604829,
            0.8113558009015684,
            0.8094680258272384,
            0.8139629680965763,
            0.8147881205793223
        ]
    },
    "test": {
        "acc": [
            0.7447398251236004,
            0.7443624954461305,
            0.7439537575205726,
            0.743778711186729,
            0.74494569784455
        ],
        "auc": [
            0.8023395322153477,
            0.80160086235707,
            0.8020019160406007,
            0.8020010610782464,
            0.8028999454082539
        ],
        "nll": [
            0.5118589474338582,
            0.5125145995236141,
            0.5122652543915215,
            0.512299724314148,
            0.5111923283817559
        ],
        "mse": [
            0.1710578969410749,
            0.17127620639173136,
            0.17127377794585086,
            0.1712787892796545,
            0.17076353865489868
        ],
        "rmse": [
            0.4135914613976876,
            0.4138552964403517,
            0.41385236249881535,
            0.4138584169491476,
            0.41323545183696264
        ],
        "f1": [
            0.8060259275743409,
            0.8047134673218829,
            0.8029074318504131,
            0.8068413067745692,
            0.8104553356281932
        ]
    }
}