{
    "train": {
        "acc": [
            0.7170477380762654,
            0.7169905648222049,
            0.717318036661793,
            0.7177077161282204,
            0.7166535236960498
        ],
        "auc": [
            0.7430483810163565,
            0.7432846247223573,
            0.7434671955143105,
            0.7442099677587003,
            0.7424624932856113
        ],
        "nll": [
            0.5483122795446548,
            0.5478080076240378,
            0.5478550258800639,
            0.5471590431702317,
            0.5486304919076915
        ],
        "mse": [
            0.18556384016826574,
            0.18542897160364719,
            0.1854393194408262,
            0.1851618494164618,
            0.18572257972285644
        ],
        "rmse": [
            0.43077121557535125,
            0.43061464397259785,
            0.430626658999215,
            0.43030436834461927,
            0.43095542660796887
        ],
        "f1": [
            0.8061655132417611,
            0.8100745112558078,
            0.8062617849715602,
            0.806555649628511,
            0.8095365094726427
        ]
    },
    "test": {
        "acc": [
            0.715215857969585,
            0.7149002632711168,
            0.7155772775620016,
            0.7156135520717195,
            0.7158820506786853
        ],
        "auc": [
            0.738994554378835,
            0.7391453497068328,
            0.7393173053268134,
            0.739546214877759,
            0.739910670393982
        ],
        "nll": [
            0.5511412886907356,
            0.5513867241495423,
            0.5512539137311265,
            0.5513751465785703,
            0.5500093659945344
        ],
        "mse": [
            0.18666300474945363,
            0.1867439033870442,
            0.18668091331546954,
            0.18673699850382638,
            0.18620334431142138
        ],
        "rmse": [
            0.4320451420273738,
            0.4321387547849003,
            0.43206586687155646,
            0.4321307655141281,
            0.43151285532579603
        ],
        "f1": [
            0.8051678849234218,
            0.8085901602353419,
            0.8050445644706489,
            0.8047123025867007,
            0.8092960437540518
        ]
    }
}