{
    "train": {
        "acc": [
            0.7513155931400046,
            0.7522437316804784,
            0.7512989217043833,
            0.7512760090341586,
            0.751800868065413
        ],
        "auc": [
            0.811586085877848,
            0.8128630871511929,
            0.8115715462651457,
            0.8111429681854448,
            0.8122902968141054
        ],
        "nll": [
            0.5017159669818149,
            0.5001482398584998,
            0.5016428103577025,
            0.5020392074343045,
            0.5010262951313113
        ],
        "mse": [
            0.1671849242068965,
            0.1666102192919108,
            0.1671594983814293,
            0.16728965383826808,
            0.16692826245227016
        ],
        "rmse": [
            0.4088825310610573,
            0.4081791509765177,
            0.4088514380327276,
            0.4090105791275674,
            0.4085685529409602
        ],
        "f1": [
            0.8108485652984407,
            0.8103345395200741,
            0.810585360178775,
            0.8096781468868797,
            0.8111577140552746
        ]
    },
    "test": {
        "acc": [
            0.7456889775214491,
            0.7454044420275154,
            0.7455892427091931,
            0.7448314547001276,
            0.746678098699393
        ],
        "auc": [
            0.8040361922449039,
            0.8031648189924123,
            0.8036510588324339,
            0.8033344884527053,
            0.8045799705793212
        ],
        "nll": [
            0.5098265305496422,
            0.5110994344187239,
            0.5101881991429821,
            0.511059153080193,
            0.5086152260795659
        ],
        "mse": [
            0.17033116677590307,
            0.1707470802303071,
            0.17045423669883805,
            0.17072202555428664,
            0.1697944242710252
        ],
        "rmse": [
            0.4127119658743893,
            0.4132155372566563,
            0.4128610380004852,
            0.41318521942863184,
            0.41206118995972574
        ],
        "f1": [
            0.8063774777362828,
            0.8046774066720801,
            0.8060522584466973,
            0.8041866881335146,
            0.8077986134935174
        ]
    }
}