{
    "train": {
        "acc": [
            0.76645568887072,
            0.7644685746396297,
            0.7613181814056329,
            0.7666308460856602,
            0.7637123765654119
        ],
        "auc": [
            0.792750490276998,
            0.7890412775873457,
            0.7853694686675046,
            0.7925843143070931,
            0.7898076687396154
        ],
        "nll": [
            0.4885884867801969,
            0.49192578327650976,
            0.49592047769965153,
            0.48858806222728113,
            0.49263466787852755
        ],
        "mse": [
            0.1604919824570886,
            0.1617620012430618,
            0.16336516833529824,
            0.16048453605818186,
            0.16204442713155562
        ],
        "rmse": [
            0.400614506049255,
            0.4021964709480452,
            0.40418457211439707,
            0.4006052122204376,
            0.4025474222145207
        ],
        "f1": [
            0.8445270419181974,
            0.8437875363120187,
            0.8403385409807309,
            0.8451637226630997,
            0.8459287182783782
        ]
    },
    "test": {
        "acc": [
            0.7605131254778693,
            0.7599096991440045,
            0.7586135907163579,
            0.7602057675648158,
            0.7592055217469125
        ],
        "auc": [
            0.781283705435192,
            0.7805115297761964,
            0.7790347286066948,
            0.7807821526557019,
            0.7812191696628806
        ],
        "nll": [
            0.4987959644037574,
            0.49976829813972296,
            0.5009049876299264,
            0.4998715443456465,
            0.49981514317991554
        ],
        "mse": [
            0.16431218403509026,
            0.1646961545559787,
            0.16524188613962518,
            0.16466071132185564,
            0.16477856230237697
        ],
        "rmse": [
            0.4053543931365371,
            0.4058277400030445,
            0.4064995524470171,
            0.40578406982267756,
            0.40592925775604916
        ],
        "f1": [
            0.8406766653380054,
            0.840736479562581,
            0.8387805238856985,
            0.8408714436841964,
            0.8428538054389487
        ]
    }
}