{
    "train": {
        "acc": [
            0.8544400556930983,
            0.8540884020968387,
            0.8544306483941118,
            0.8522955849971194,
            0.854194477355069
        ],
        "auc": [
            0.8047709246696211,
            0.8042927760004817,
            0.8050414905967289,
            0.8020150074800627,
            0.8043837705287042
        ],
        "nll": [
            0.3587653152139439,
            0.3598932026599232,
            0.35863718615267115,
            0.3625900625503753,
            0.35921723866414873
        ],
        "mse": [
            0.10954352889272106,
            0.10992347412544126,
            0.1094856121617793,
            0.11093480470903858,
            0.1097387638849103
        ],
        "rmse": [
            0.3309736075470687,
            0.3315470918669643,
            0.33088610149382114,
            0.3330687687385873,
            0.33126841667280976
        ],
        "f1": [
            0.9173348920904809,
            0.917387831382036,
            0.917176171614443,
            0.916858346561791,
            0.917449660722013
        ]
    },
    "test": {
        "acc": [
            0.8501813156554898,
            0.8513924357873212,
            0.8509224171539961,
            0.8507531160005088,
            0.8506841277664343
        ],
        "auc": [
            0.7943934185261607,
            0.7939609878213323,
            0.7964544663944957,
            0.7936758490184832,
            0.7946335996688346
        ],
        "nll": [
            0.3673608660442827,
            0.36668391838672965,
            0.36641267861548454,
            0.36692211164970034,
            0.36705248589947675
        ],
        "mse": [
            0.11259758340913359,
            0.11218150358751043,
            0.11220697693108007,
            0.11232009239650534,
            0.11241979942813901
        ],
        "rmse": [
            0.33555563385098097,
            0.3349350736896786,
            0.33497309881702453,
            0.33514189889732576,
            0.33529061935601334
        ],
        "f1": [
            0.9149613162957536,
            0.9160309926579763,
            0.9150819369234924,
            0.916130839172066,
            0.9154557124291167
        ]
    }
}