{
    "train": {
        "acc": [
            0.7697656544166952,
            0.7709294244287023,
            0.7692803234033694,
            0.7697681874561011,
            0.7696780800059972
        ],
        "auc": [
            0.8023475644352828,
            0.8040412978770883,
            0.801229743392782,
            0.802470768970921,
            0.8025366915298086
        ],
        "nll": [
            0.48342230401191516,
            0.48137105370089084,
            0.48402094187599143,
            0.48312836940087084,
            0.4831413496388129
        ],
        "mse": [
            0.15852022302468463,
            0.15775752174013857,
            0.15877019314121535,
            0.15845047777612184,
            0.15846406907000618
        ],
        "rmse": [
            0.3981459820526695,
            0.39718701104157295,
            0.39845977606430405,
            0.3980583848835769,
            0.39807545650291754
        ],
        "f1": [
            0.843796368200827,
            0.8452275509820111,
            0.8455827195576636,
            0.8455931498978334,
            0.8462271480544927
        ]
    },
    "test": {
        "acc": [
            0.7586237819612367,
            0.7584707502853937,
            0.7575075824710743,
            0.7599190615799205,
            0.7586933610680162
        ],
        "auc": [
            0.783631805179413,
            0.7831729490736438,
            0.7826299717831475,
            0.7836428069957893,
            0.7832084327749497
        ],
        "nll": [
            0.5014178811938597,
            0.5019639548509982,
            0.5029526881802815,
            0.5005042673070687,
            0.5019338437148677
        ],
        "mse": [
            0.16533529515933382,
            0.16548453574885374,
            0.16592110911156982,
            0.16484622226972845,
            0.16546330470723403
        ],
        "rmse": [
            0.40661443058422536,
            0.4067979052906415,
            0.40733414920869304,
            0.4060125888069586,
            0.4067718091353358
        ],
        "f1": [
            0.8363876434450854,
            0.8368563008664155,
            0.8374762256083745,
            0.8394975380159472,
            0.8390357401774079
        ]
    }
}