{
    "train": {
        "acc": [
            0.8534570916843773,
            0.8536920151159677,
            0.8538726269571041,
            0.8539977343820616,
            0.854123035374864
        ],
        "auc": [
            0.8004904794708289,
            0.801404391719802,
            0.8028129464938019,
            0.8023289028370435,
            0.8019762595259962
        ],
        "nll": [
            0.36153318952525926,
            0.3611976577947497,
            0.3604710522893084,
            0.3601861946406447,
            0.3600817081855516
        ],
        "mse": [
            0.11045448388757517,
            0.11033756985697726,
            0.11010562101197117,
            0.11002057179447824,
            0.10997691808041046
        ],
        "rmse": [
            0.33234693301966123,
            0.3321709949062038,
            0.33182167049783107,
            0.331693490732752,
            0.33162767990686554
        ],
        "f1": [
            0.9168961632586168,
            0.9169875472189221,
            0.9172444873150558,
            0.9172274869396291,
            0.9174044292530413
        ]
    },
    "test": {
        "acc": [
            0.851387665733767,
            0.8518730072869635,
            0.852612830337699,
            0.8516564435347245,
            0.8505859530796268
        ],
        "auc": [
            0.7955155309996824,
            0.7952782934801947,
            0.7953111653469036,
            0.7966713461446107,
            0.7966469455713923
        ],
        "nll": [
            0.366035072030785,
            0.3650414374871885,
            0.3646708814175095,
            0.3650348905187901,
            0.3672410309414369
        ],
        "mse": [
            0.1120093239724177,
            0.1116548035589977,
            0.1114080212972197,
            0.11169718054014827,
            0.11250312858914409
        ],
        "rmse": [
            0.3346779406719506,
            0.33414787678361463,
            0.3337784014840081,
            0.3342112812879725,
            0.33541486041787727
        ],
        "f1": [
            0.9157607358898271,
            0.9161127052279965,
            0.9166979420898913,
            0.9159625622416745,
            0.9152590729633432
        ]
    }
}