{
    "train": {
        "acc": [
            0.7715751165823331,
            0.7725673167077763,
            0.7716549238602395,
            0.7704175967923107,
            0.7714094763814674
        ],
        "auc": [
            0.812872153583347,
            0.8138908150110377,
            0.8120189491599803,
            0.8109573204385369,
            0.8116720235042943
        ],
        "nll": [
            0.4748171936617596,
            0.47322630073230487,
            0.475004242993531,
            0.47680145612626695,
            0.47568764031452493
        ],
        "mse": [
            0.15591251792712052,
            0.15531093660529174,
            0.155957500879033,
            0.15666284491916113,
            0.15619561286541842
        ],
        "rmse": [
            0.3948575919583167,
            0.39409508574110863,
            0.3949145488318112,
            0.395806575133816,
            0.3952159066452392
        ],
        "f1": [
            0.8436693288787769,
            0.8459251162281203,
            0.8438078059903946,
            0.8450189757873945,
            0.8443127795965789
        ]
    },
    "test": {
        "acc": [
            0.7639072419148298,
            0.7621696966269897,
            0.7619777348384226,
            0.762003942082945,
            0.7613751379149988
        ],
        "auc": [
            0.7975367910064257,
            0.7983579444866508,
            0.799029568948185,
            0.7971086604881612,
            0.7970290115504847
        ],
        "nll": [
            0.4877031978734245,
            0.4901224664190915,
            0.49030900290710544,
            0.49021097282767023,
            0.4906733621962513
        ],
        "mse": [
            0.1607153792802556,
            0.1616418432010536,
            0.16174027681905906,
            0.16168776049276976,
            0.16194369222221394
        ],
        "rmse": [
            0.4008932267827128,
            0.402047065902804,
            0.4021694628127042,
            0.40210416622160206,
            0.402422280971387
        ],
        "f1": [
            0.8398862552819809,
            0.8387476953194041,
            0.8364334479039243,
            0.8398915958916796,
            0.837837335413315
        ]
    }
}