{
    "train": {
        "acc": [
            0.7547547481266933,
            0.7554296893017206,
            0.7554641633724507,
            0.7558687584705059,
            0.755819998983733
        ],
        "auc": [
            0.8169391872829713,
            0.8172348282771807,
            0.8177037334700787,
            0.8183836084996208,
            0.8182415851404571
        ],
        "nll": [
            0.4962593244413725,
            0.49574980181738304,
            0.4952689331097617,
            0.4948782732355204,
            0.4950406667206195
        ],
        "mse": [
            0.16506820863673333,
            0.16479861231030046,
            0.16469685700276174,
            0.1645369498991082,
            0.16457300506518627
        ],
        "rmse": [
            0.4062858705846578,
            0.40595395343597834,
            0.4058286054515647,
            0.4056315445069678,
            0.40567598531979465
        ],
        "f1": [
            0.8156349382585562,
            0.8121571227948328,
            0.81440820351366,
            0.8160284919417228,
            0.8145221874844278
        ]
    },
    "test": {
        "acc": [
            0.7446862257733687,
            0.7432000008287313,
            0.7459456424771103,
            0.7452226601589106,
            0.7462761920123369
        ],
        "auc": [
            0.8031869193583235,
            0.801586203147767,
            0.8039220166924321,
            0.8030437923986699,
            0.8035155158779452
        ],
        "nll": [
            0.5116390095925216,
            0.5135339355548163,
            0.5096847997894156,
            0.5116365404646074,
            0.5092826618289861
        ],
        "mse": [
            0.17089439012553906,
            0.17166831711013958,
            0.17010483727419096,
            0.1708151204886654,
            0.16994522351463298
        ],
        "rmse": [
            0.41339374708084187,
            0.4143287548676046,
            0.4124376768363809,
            0.4132978592839133,
            0.412244130964448
        ],
        "f1": [
            0.8075859812839619,
            0.8019079080374902,
            0.8077955241777794,
            0.8077712602732536,
            0.8086938866215246
        ]
    }
}