{
    "train": {
        "acc": [
            0.7217248627938283,
            0.7212649847934071,
            0.7211896045132401,
            0.7221097028361809,
            0.7223682097352481
        ],
        "auc": [
            0.7540147687674909,
            0.7540678643016328,
            0.7534286147802883,
            0.7551946865743809,
            0.7550291731623934
        ],
        "nll": [
            0.5415667653172497,
            0.5415696923015754,
            0.5417989304824219,
            0.5406442104282071,
            0.5404779645785697
        ],
        "mse": [
            0.1829255717266881,
            0.182969238374651,
            0.1830628933812842,
            0.18258732749222348,
            0.1825115860064408
        ],
        "rmse": [
            0.4276979912586545,
            0.4277490366729667,
            0.42785849691373923,
            0.42730238414057964,
            0.4272137474455156
        ],
        "f1": [
            0.8100739228811795,
            0.8109979732905641,
            0.8101557208086587,
            0.8112526190415861,
            0.8105706623866887
        ]
    },
    "test": {
        "acc": [
            0.7153402048270665,
            0.7151783932814569,
            0.7156237309948584,
            0.7148329339902738,
            0.7154955481723185
        ],
        "auc": [
            0.741591136543455,
            0.7412824321736717,
            0.740943294256165,
            0.740337170485931,
            0.7411199108514711
        ],
        "nll": [
            0.5517914481192824,
            0.5514217284583293,
            0.551439940822144,
            0.5524231015838933,
            0.5518466679704119
        ],
        "mse": [
            0.18677419971142595,
            0.18664200350058985,
            0.186649393233218,
            0.1870418813238294,
            0.1867958611319571
        ],
        "rmse": [
            0.43217380729450267,
            0.4320208368824238,
            0.4320293893165348,
            0.4324833884946674,
            0.4321988675736635
        ],
        "f1": [
            0.805629139165954,
            0.8070302641655723,
            0.8067507305017452,
            0.8064145904113164,
            0.8059385778001856
        ]
    }
}