{
    "train": {
        "acc": [
            0.7707597068504227,
            0.7711520225944933,
            0.7712101601401877,
            0.7677973491643634,
            0.7692228201538773
        ],
        "auc": [
            0.8039522164343978,
            0.8043999923856051,
            0.8044110352412738,
            0.8017378751966657,
            0.8015859815110431
        ],
        "nll": [
            0.4823474157490396,
            0.48187607343824046,
            0.48118099163076966,
            0.48549428436403247,
            0.48413795520790087
        ],
        "mse": [
            0.15800349787371754,
            0.15779703322493907,
            0.1576367519732762,
            0.15940258481509434,
            0.15877990659175084
        ],
        "rmse": [
            0.3974965381908596,
            0.39723674707274886,
            0.3970349505689344,
            0.3992525326345399,
            0.39847196462455275
        ],
        "f1": [
            0.84440843217255,
            0.8453719236796018,
            0.8469757934902665,
            0.8467114585410912,
            0.8455122024120856
        ]
    },
    "test": {
        "acc": [
            0.7593363495694644,
            0.7590816602796161,
            0.7581340811099045,
            0.759494692616569,
            0.7589719089328637
        ],
        "auc": [
            0.7851708212495393,
            0.7841845251552513,
            0.7837320465268324,
            0.7847106088157879,
            0.7843615823282992
        ],
        "nll": [
            0.4997425433324958,
            0.5007289675317782,
            0.5015790303783064,
            0.4998638709857803,
            0.5001679937730327
        ],
        "mse": [
            0.16477825130501203,
            0.1651181076223282,
            0.16549932640476386,
            0.16479829901648368,
            0.16495068660931722
        ],
        "rmse": [
            0.4059288746874408,
            0.4063472746584234,
            0.4068160842503205,
            0.4059535675622074,
            0.40614121510789475
        ],
        "f1": [
            0.8368062990469536,
            0.8372948289593357,
            0.8380140472501793,
            0.841712892980668,
            0.8387959497338419
        ]
    }
}