{
    "train": {
        "acc": [
            0.7226393289841566,
            0.7220215358234366,
            0.7192664074524016,
            0.7223803487312144,
            0.7213771802235337
        ],
        "auc": [
            0.754775892824994,
            0.7540870881753028,
            0.7509939910549607,
            0.7547266932303234,
            0.7528917455611425
        ],
        "nll": [
            0.540428006376986,
            0.5412783875496758,
            0.5445537695694631,
            0.5410641374746037,
            0.5424522190728734
        ],
        "mse": [
            0.1824654549956484,
            0.18279700058771456,
            0.18415487304990746,
            0.1826852555728195,
            0.1832372537939008
        ],
        "rmse": [
            0.42715975348298957,
            0.42754765884953055,
            0.42913269864915615,
            0.42741695751668474,
            0.4280622078552378
        ],
        "f1": [
            0.8097693159848143,
            0.8102304075684849,
            0.8113134150916094,
            0.8082972224945729,
            0.8071147343687317
        ]
    },
    "test": {
        "acc": [
            0.7147694563064417,
            0.7150534841806541,
            0.7140114827394476,
            0.7135873656187424,
            0.7136100973612773
        ],
        "auc": [
            0.7401013158382602,
            0.740163269457928,
            0.7389745284613936,
            0.7383661340846244,
            0.7387778223146182
        ],
        "nll": [
            0.552784002723068,
            0.5519820802819724,
            0.5536818298544124,
            0.5538349129941235,
            0.5536795300417588
        ],
        "mse": [
            0.18716158253716597,
            0.1868997952631675,
            0.18755007794861475,
            0.1877008070190233,
            0.1876357840252035
        ],
        "rmse": [
            0.4326217545814888,
            0.43231908963538435,
            0.4330705230659491,
            0.4332445118163914,
            0.43316946340341617
        ],
        "f1": [
            0.8043317301920239,
            0.8056599354629926,
            0.8081093747249102,
            0.802321243024436,
            0.8017765913511211
        ]
    }
}