{
    "train": {
        "acc": [
            0.8529803795128555,
            0.8526492228692797,
            0.8521925868811745,
            0.8521191806268548,
            0.853379050286935
        ],
        "auc": [
            0.7985627925588753,
            0.7982477879490715,
            0.797393043828627,
            0.7960341614532076,
            0.7993079961774348
        ],
        "nll": [
            0.363216906449637,
            0.36393528477937787,
            0.3647623950332545,
            0.3653715698249916,
            0.3623957968032811
        ],
        "mse": [
            0.1109874639427164,
            0.11122542728909955,
            0.11153250932849672,
            0.1116834652945873,
            0.11070197506772887
        ],
        "rmse": [
            0.3331478109529108,
            0.33350476351785374,
            0.3339648324726673,
            0.3341907618330993,
            0.33271906327670625
        ],
        "f1": [
            0.9167396805666967,
            0.9165673897394665,
            0.9164153187272553,
            0.916381104541245,
            0.9171904989632059
        ]
    },
    "test": {
        "acc": [
            0.8507865937996391,
            0.8513737988216796,
            0.8518659644527001,
            0.8507057023604632,
            0.8499508664977402
        ],
        "auc": [
            0.7929127288377873,
            0.7926641654425606,
            0.7923032856051064,
            0.7933128752705715,
            0.794211956207168
        ],
        "nll": [
            0.36796904086362064,
            0.3668156721317846,
            0.366534011057475,
            0.36778059572020516,
            0.36894015203519315
        ],
        "mse": [
            0.11265875788624466,
            0.11222121616135805,
            0.1120669998303523,
            0.11258380299241853,
            0.11306383270834595
        ],
        "rmse": [
            0.3356467754742248,
            0.33499435243203435,
            0.33476409579038235,
            0.3355350994939554,
            0.33624965830219955
        ],
        "f1": [
            0.9155313268159655,
            0.9159950215553875,
            0.9163641528094418,
            0.9156133104856751,
            0.9151060308012934
        ]
    }
}