{
    "train": {
        "acc": [
            0.755826818387497,
            0.7554190386838172,
            0.7560151504665615,
            0.75417164898017,
            0.754856178865067
        ],
        "auc": [
            0.817669321979989,
            0.8171059045443877,
            0.8182254578693272,
            0.8157135064338685,
            0.8168678159078844
        ],
        "nll": [
            0.495134894524417,
            0.49597380601380275,
            0.4946124807931643,
            0.49763533345412203,
            0.4963089055129883
        ],
        "mse": [
            0.16456951336682138,
            0.16484237688855577,
            0.16439870945090204,
            0.16549721063125014,
            0.1650379537052943
        ],
        "rmse": [
            0.40567168174130835,
            0.40600785323507693,
            0.40546110719883116,
            0.4068134838365736,
            0.4062486353273009
        ],
        "f1": [
            0.8140457976073673,
            0.8126093070368198,
            0.8131317949343075,
            0.8110542580831799,
            0.8119780128110228
        ]
    },
    "test": {
        "acc": [
            0.7441865020992519,
            0.7425839772402765,
            0.7449207134929813,
            0.7442905046862592,
            0.7454731542943259
        ],
        "auc": [
            0.8021144627229302,
            0.8006996457739176,
            0.8025987453474877,
            0.8020989160019666,
            0.8024381895212956
        ],
        "nll": [
            0.5125830093717791,
            0.5144557310211822,
            0.511276654144202,
            0.512651016624868,
            0.5107344226967658
        ],
        "mse": [
            0.1712030492423097,
            0.1719878193123878,
            0.1706710505145787,
            0.171213520637664,
            0.17043991828944055
        ],
        "rmse": [
            0.41376690206239275,
            0.4147141416836274,
            0.41312352936449737,
            0.41377955560619956,
            0.4128436971656956
        ],
        "f1": [
            0.8046756069993973,
            0.8019068598859231,
            0.8051627687819889,
            0.8031052995528556,
            0.8061606188276867
        ]
    }
}