{"time": "2021-07-02T03:22:59.587259", "features": ["i", "s", "scA", "scW", "tcA", "tcW", "vt"], "seed": 888, "split_id": 0, "metrics_train": {"acc": 0.7077326202871788, "auc": 0.7311807752805103, "nll": 0.5609549101949189, "mse": 0.1906339008372462, "rmse": 0.436616423004502, "f1": 0.7992837071314635}, "metrics_test": {"acc": 0.7050485322498005, "auc": 0.7293031839285942, "nll": 0.5637379102010888, "mse": 0.19180484575388057, "rmse": 0.4379553010911965, "f1": 0.7992837071314635}}