{"time": "2021-07-02T00:47:29.219440", "features": ["i", "s", "scA", "scW", "tcA", "tcA_TW", "tcW", "tcW_TW"], "seed": 888, "split_id": 1, "metrics_train": {"acc": 0.7079851795735213, "auc": 0.7319830433098482, "nll": 0.5604553500277349, "mse": 0.1904530149868571, "rmse": 0.43640922880578165, "f1": 0.8004988890886048}, "metrics_test": {"acc": 0.7073387849245094, "auc": 0.7305998782271246, "nll": 0.5620649608575149, "mse": 0.1910364952896744, "rmse": 0.43707721890951307, "f1": 0.8004988890886048}}