{"time": "2021-07-02T05:04:42.748286", "features": ["i", "resp_time_cat", "s", "scA", "scW", "tcA", "tcW"], "seed": 888, "split_id": 1, "metrics_train": {"acc": 0.7107010398755669, "auc": 0.7428152222303115, "nll": 0.5536484786587227, "mse": 0.18782754753448447, "rmse": 0.43339075617101536, "f1": 0.8003805648460541}, "metrics_test": {"acc": 0.709663537394939, "auc": 0.7409190865215828, "nll": 0.5555249272564632, "mse": 0.18854028014526839, "rmse": 0.4342122524126517, "f1": 0.8003805648460541}}