{"time": "2021-07-02T14:28:13.042940", "features": ["i", "n_gram", "s", "scA", "scW", "tcA", "tcW"], "seed": 888, "split_id": 2, "metrics_train": {"acc": 0.7082599399220105, "auc": 0.7331951283355702, "nll": 0.5598078781026299, "mse": 0.19020341980141445, "rmse": 0.43612317044776977, "f1": 0.8025480888508006}, "metrics_test": {"acc": 0.7101169614389063, "auc": 0.7345872331250114, "nll": 0.5580012366898467, "mse": 0.1894042424789992, "rmse": 0.435205977071776, "f1": 0.8025480888508006}}