{"time": "2021-07-02T09:52:36.416765", "features": ["i", "resp_time_cat", "s", "scA", "scW", "tcA", "tcW"], "seed": 888, "split_id": 2, "metrics_train": {"acc": 0.7102169897568894, "auc": 0.7421566175225555, "nll": 0.5543231561334407, "mse": 0.1880950837698326, "rmse": 0.43369930109447097, "f1": 0.802340606325212}, "metrics_test": {"acc": 0.7116335996111588, "auc": 0.7433521063795984, "nll": 0.552849320529519, "mse": 0.18745657600298654, "rmse": 0.43296255727601496, "f1": 0.802340606325212}}