{"time": "2021-07-02T07:28:16.449532", "features": ["i", "s", "scA", "scA_TW", "scW", "scW_TW", "tcA", "tcW"], "seed": 888, "split_id": 1, "metrics_train": {"acc": 0.7099428687323003, "auc": 0.7341902281515874, "nll": 0.5590411684989925, "mse": 0.189778481539506, "rmse": 0.4356357211472746, "f1": 0.8011015421798514}, "metrics_test": {"acc": 0.7091732834726036, "auc": 0.7327256271295716, "nll": 0.560650516102359, "mse": 0.19037502853336777, "rmse": 0.4363198695147492, "f1": 0.8011015421798514}}