{"time": "2021-07-02T06:20:57.304020", "features": ["at", "i", "s", "scA", "scW", "tcA", "tcW"], "seed": 888, "split_id": 3, "metrics_train": {"acc": 0.7069641703145956, "auc": 0.7307419727759757, "nll": 0.5619711280372646, "mse": 0.19103656739829755, "rmse": 0.43707730139907464, "f1": 0.8025021674112607}, "metrics_test": {"acc": 0.7081271146115828, "auc": 0.7290588543530063, "nll": 0.5610934404618608, "mse": 0.19064457961907985, "rmse": 0.43662865185312777, "f1": 0.8025021674112607}}