{"time": "2021-07-02T22:01:24.819278", "features": ["day", "i", "s", "scA", "scW", "tcA", "tcW"], "seed": 888, "split_id": 4, "metrics_train": {"acc": 0.7075691038418995, "auc": 0.730946733638649, "nll": 0.561193053781253, "mse": 0.19073096625408645, "rmse": 0.4367275652556024, "f1": 0.7999437212944348}, "metrics_test": {"acc": 0.7057610693199147, "auc": 0.728343844710585, "nll": 0.5640015494815543, "mse": 0.1918466047715292, "rmse": 0.43800297347338774, "f1": 0.7999437212944348}}