{"time": "2021-07-02T06:10:53.626916", "features": ["i", "month", "s", "scA", "scW", "tcA", "tcW"], "seed": 888, "split_id": 1, "metrics_train": {"acc": 0.707334530341013, "auc": 0.730772864649985, "nll": 0.5613967206755262, "mse": 0.19082131700423155, "rmse": 0.4368309936396816, "f1": 0.800279336840093}, "metrics_test": {"acc": 0.7067092404957039, "auc": 0.7293031952366344, "nll": 0.5630251376695835, "mse": 0.19142085353281652, "rmse": 0.4375166894334621, "f1": 0.800279336840093}}