{"time": "2021-07-02T06:26:42.688674", "features": ["i", "prev_resp_time_cat", "s", "scA", "scW", "tcA", "tcW"], "seed": 888, "split_id": 1, "metrics_train": {"acc": 0.7081914993565089, "auc": 0.7323966585592561, "nll": 0.5603713295538774, "mse": 0.1903866618309393, "rmse": 0.43633320046833396, "f1": 0.8006196413368681}, "metrics_test": {"acc": 0.7074817249639, "auc": 0.7308620356568571, "nll": 0.562055799179338, "mse": 0.19100732313532917, "rmse": 0.4370438457813234, "f1": 0.8006196413368681}}