{"time": "2021-12-14T15:13:03.548059", "features": ["i", "rpfa_F", "s", "scA", "scW", "tcA", "tcW"], "seed": 888, "split_id": 0, "metrics_train": {"acc": 0.7083511897547863, "auc": 0.7330366318217871, "nll": 0.5594965963369336, "mse": 0.1901155668985955, "rmse": 0.4360224385265, "f1": 0.8003809711182651}, "metrics_test": {"acc": 0.7067569066903362, "auc": 0.729925717932624, "nll": 0.5622479258434846, "mse": 0.1911915318561965, "rmse": 0.4372545389772375, "f1": 0.8003809711182651}}