{"time": "2021-07-02T11:25:00.304777", "features": ["i", "month", "s", "scA", "scW", "tcA", "tcW"], "seed": 888, "split_id": 2, "metrics_train": {"acc": 0.7068551598037204, "auc": 0.7301269112497477, "nll": 0.5620968122334871, "mse": 0.1911048521994349, "rmse": 0.43715540966506966, "f1": 0.8021786931011688}, "metrics_test": {"acc": 0.7088130465427619, "auc": 0.7317100074836732, "nll": 0.5602311737944218, "mse": 0.19026790275188724, "rmse": 0.4361970916362089, "f1": 0.8021786931011688}}