{"time": "2021-07-02T13:00:13.945281", "features": ["i", "s", "scA", "scW", "tcA", "tcW", "vw"], "seed": 888, "split_id": 2, "metrics_train": {"acc": 0.7070321100061571, "auc": 0.7310211337149725, "nll": 0.5615130348172599, "mse": 0.19088960862862475, "rmse": 0.43690915374780687, "f1": 0.8021311137081437}, "metrics_test": {"acc": 0.7088915299167107, "auc": 0.7326245520176942, "nll": 0.5597043138658012, "mse": 0.19008163548914284, "rmse": 0.4359835266258839, "f1": 0.8021311137081437}}