{"time": "2021-07-02T17:54:24.907219", "features": ["i", "rc", "s", "scA", "scW", "tcA", "tcW"], "seed": 888, "split_id": 3, "metrics_train": {"acc": 0.7069930242730347, "auc": 0.7308402994048949, "nll": 0.5618988778781175, "mse": 0.1910132429631515, "rmse": 0.43705061830770986, "f1": 0.8025391620409695}, "metrics_test": {"acc": 0.7081927971111377, "auc": 0.7291707495346169, "nll": 0.5610125206338222, "mse": 0.19061641251806033, "rmse": 0.4365963954478556, "f1": 0.8025391620409695}}