{"time": "2021-07-02T09:20:14.208316", "features": ["i", "s", "scA", "scA_TW", "scW", "scW_TW", "tcA", "tcW"], "seed": 888, "split_id": 2, "metrics_train": {"acc": 0.7094482900162322, "auc": 0.7336290191636733, "nll": 0.5596713780555808, "mse": 0.1900326826446052, "rmse": 0.43592738230650896, "f1": 0.8031023021458202}, "metrics_test": {"acc": 0.7111517904815121, "auc": 0.7347435015461533, "nll": 0.5581795740507212, "mse": 0.18935168095103508, "rmse": 0.4351455859261761, "f1": 0.8031023021458202}}