{"time": "2021-07-02T22:05:13.578633", "features": ["i", "part_of_day", "s", "scA", "scW", "tcA", "tcW"], "seed": 888, "split_id": 4, "metrics_train": {"acc": 0.7075625241970179, "auc": 0.7309489107578776, "nll": 0.5611980572912202, "mse": 0.19073143270853415, "rmse": 0.43672809928894446, "f1": 0.7999213877475729}, "metrics_test": {"acc": 0.7057358041104089, "auc": 0.7283520945762295, "nll": 0.5639962742730394, "mse": 0.19184478369322652, "rmse": 0.4380008946260573, "f1": 0.7999213877475729}}