{"time": "2021-07-02T17:55:30.135954", "features": ["i", "part", "s", "scA", "scW", "tcA", "tcW"], "seed": 888, "split_id": 0, "metrics_train": {"acc": 0.7077163515351929, "auc": 0.7307512626930307, "nll": 0.5612072144796607, "mse": 0.19072462967179837, "rmse": 0.43672031057851934, "f1": 0.7993397608909707}, "metrics_test": {"acc": 0.7049467725205885, "auc": 0.7288549659738326, "nll": 0.5640158591197217, "mse": 0.1919043960042431, "rmse": 0.4380689397848735, "f1": 0.7993397608909707}}