{"time": "2021-07-02T02:06:41.106501", "features": ["i", "prev_resp_time_cat", "s", "scA", "scW", "tcA", "tcW"], "seed": 888, "split_id": 0, "metrics_train": {"acc": 0.7085899160427438, "auc": 0.732406874895485, "nll": 0.5601559483512873, "mse": 0.19027829290252482, "rmse": 0.43620900140016006, "f1": 0.7998285610000985}, "metrics_test": {"acc": 0.7059521705469258, "auc": 0.7305714264692158, "nll": 0.56293783287378, "mse": 0.1914479831050961, "rmse": 0.4375476923777522, "f1": 0.7998285610000985}}