{"time": "2021-12-14T15:18:04.594482", "features": ["i", "ppe", "s", "scA", "scW", "tcA", "tcW"], "seed": 888, "split_id": 2, "metrics_train": {"acc": 0.7083925083449873, "auc": 0.7323449813813564, "nll": 0.5599229515022507, "mse": 0.1902315932221587, "rmse": 0.4361554690957786, "f1": 0.7986320266890476}, "metrics_test": {"acc": 0.7052361221748518, "auc": 0.7295302167535942, "nll": 0.5642407788029224, "mse": 0.1919669633511808, "rmse": 0.4381403466369889, "f1": 0.7986320266890476}}