{"time": "2021-07-02T15:44:45.726298", "features": ["i", "lag_time_cat", "s", "scA", "scW", "tcA", "tcW"], "seed": 888, "split_id": 3, "metrics_train": {"acc": 0.7072555726938191, "auc": 0.7314560644406126, "nll": 0.561518803526494, "mse": 0.19086125303277676, "rmse": 0.4368767023231804, "f1": 0.8025998673625784}, "metrics_test": {"acc": 0.7083913042209034, "auc": 0.7296168061753314, "nll": 0.5607610384684099, "mse": 0.1905160534323148, "rmse": 0.43648144683630574, "f1": 0.8025998673625784}}