{"time": "2021-07-02T04:12:32.629350", "features": ["i", "rt", "s", "scA", "scW", "tcA", "tcW"], "seed": 888, "split_id": 0, "metrics_train": {"acc": 0.7077866745276477, "auc": 0.7309047654489976, "nll": 0.5610998954612875, "mse": 0.19067947494063264, "rmse": 0.43666860997858853, "f1": 0.7994328908727638}, "metrics_test": {"acc": 0.7050169926846062, "auc": 0.7289908577751791, "nll": 0.5639160217742233, "mse": 0.1918695475513547, "rmse": 0.4380291629005479, "f1": 0.7994328908727638}}