{"time": "2021-07-02T11:10:14.171926", "features": ["bundle", "i", "s", "scA", "scW", "tcA", "tcW"], "seed": 888, "split_id": 4, "metrics_train": {"acc": 0.7075560940895199, "auc": 0.7309312861910868, "nll": 0.5612066984456197, "mse": 0.1907346571218763, "rmse": 0.4367317908303405, "f1": 0.7998899605351026}, "metrics_test": {"acc": 0.7057297885843362, "auc": 0.7283256699318645, "nll": 0.5640141946320512, "mse": 0.19185080884753758, "rmse": 0.43800777258804163, "f1": 0.7998899605351026}}