{"time": "2021-07-02T07:19:55.987235", "features": ["hour", "i", "s", "scA", "scW", "tcA", "tcW"], "seed": 888, "split_id": 1, "metrics_train": {"acc": 0.7073283414931677, "auc": 0.7307281148355144, "nll": 0.5614322994443907, "mse": 0.1908347672325749, "rmse": 0.4368463885996711, "f1": 0.8002606450426281}, "metrics_test": {"acc": 0.7067156271783149, "auc": 0.7292348126761266, "nll": 0.5630694363696289, "mse": 0.19143870424970633, "rmse": 0.4375370889989857, "f1": 0.8002606450426281}}