{"time": "2021-07-02T18:35:53.639192", "features": ["i", "s", "scA", "scW", "smA", "smW", "tcA", "tcW"], "seed": 888, "split_id": 3, "metrics_train": {"acc": 0.7077247696994563, "auc": 0.7314652727182344, "nll": 0.5614031063106242, "mse": 0.19077300075296416, "rmse": 0.43677568699844566, "f1": 0.8029454604880554}, "metrics_test": {"acc": 0.7088948700508236, "auc": 0.7296745945733082, "nll": 0.5606549163077158, "mse": 0.19043039511958337, "rmse": 0.43638331214608034, "f1": 0.8029454604880554}}