{"time": "2021-07-02T17:56:51.551890", "features": ["i", "icA_TW", "icW_TW", "s", "scA", "scW", "tcA", "tcW"], "seed": 888, "split_id": 0, "metrics_train": {"acc": 0.7149897581833696, "auc": 0.74190921867829, "nll": 0.5537789055169562, "mse": 0.18734930756459547, "rmse": 0.4328386622802952, "f1": 0.8027164283664564}, "metrics_test": {"acc": 0.7125951170802218, "auc": 0.7408779288825685, "nll": 0.5558594798440132, "mse": 0.1882685190176946, "rmse": 0.43389920375323876, "f1": 0.8027164283664564}}