{"time": "2021-07-02T08:24:36.481929", "features": ["i", "partcA", "partcW", "s", "scA", "scW", "tcA", "tcW"], "seed": 888, "split_id": 3, "metrics_train": {"acc": 0.7074858770043896, "auc": 0.731803560890577, "nll": 0.5612329002257402, "mse": 0.19075240221686623, "rmse": 0.43675210613901594, "f1": 0.8027510182644423}, "metrics_test": {"acc": 0.7085912709417703, "auc": 0.7301315987528095, "nll": 0.5603519736682842, "mse": 0.19036293031765972, "rmse": 0.4363060053651104, "f1": 0.8027510182644423}}