{"time": "2021-07-02T10:47:24.535915", "features": ["i", "lag_time_cat", "s", "scA", "scW", "tcA", "tcW"], "seed": 888, "split_id": 2, "metrics_train": {"acc": 0.7070402447898203, "auc": 0.7307323917999309, "nll": 0.561768702906627, "mse": 0.19096657008892695, "rmse": 0.4369972197725369, "f1": 0.8022886864346412}, "metrics_test": {"acc": 0.7089933461856172, "auc": 0.7323452858245827, "nll": 0.5598413813877524, "mse": 0.19010932753021306, "rmse": 0.4360152835970467, "f1": 0.8022886864346412}}