{"time": "2021-07-02T03:42:05.637369", "features": ["i", "s", "scA", "scW", "tcA", "tcW", "vs"], "seed": 888, "split_id": 0, "metrics_train": {"acc": 0.707815988269705, "auc": 0.7313082172273754, "nll": 0.5608438362942512, "mse": 0.1905907928705973, "rmse": 0.4365670542661199, "f1": 0.7993515980718042}, "metrics_test": {"acc": 0.7051761782259173, "auc": 0.7296119039311858, "nll": 0.5635093771637244, "mse": 0.19171432607681435, "rmse": 0.43785194538429806, "f1": 0.7993515980718042}}