{"time": "2021-07-02T19:12:46.005522", "features": ["i", "resp_time_cat", "s", "scA", "scW", "tcA", "tcW"], "seed": 888, "split_id": 4, "metrics_train": {"acc": 0.7108523466378239, "auc": 0.7429510127904183, "nll": 0.5534468508706318, "mse": 0.18774768157955207, "rmse": 0.43329860555920563, "f1": 0.8003515629355051}, "metrics_test": {"acc": 0.7091493143804158, "auc": 0.7404204565568264, "nll": 0.5563492275437697, "mse": 0.18885446922652452, "rmse": 0.43457389386216533, "f1": 0.8003515629355051}}