{"time": "2021-07-02T01:21:34.406527", "features": ["hour", "i", "s", "scA", "scW", "tcA", "tcW"], "seed": 888, "split_id": 0, "metrics_train": {"acc": 0.707729771381301, "auc": 0.7307702504233003, "nll": 0.5611862305091415, "mse": 0.1907193129393104, "rmse": 0.4367142234222632, "f1": 0.7993208409349163}, "metrics_test": {"acc": 0.7049452848052491, "auc": 0.728871310714966, "nll": 0.5640002315031418, "mse": 0.1918990242686428, "rmse": 0.43806280858872604, "f1": 0.7993208409349163}}