{"time": "2021-07-02T19:30:55.821553", "features": ["i", "s", "scA", "scW", "tcA", "tcW", "user_avg_correct"], "seed": 888, "split_id": 3, "metrics_train": {"acc": 0.7082396960857006, "auc": 0.7334788231914281, "nll": 0.5599222463016101, "mse": 0.19023735093966426, "rmse": 0.4361620695792612, "f1": 0.8027318221027622}, "metrics_test": {"acc": 0.7092638597372116, "auc": 0.7317580701863516, "nll": 0.55908815909385, "mse": 0.18986664481301277, "rmse": 0.4357368986131571, "f1": 0.8027318221027622}}