{"time": "2021-07-02T11:25:27.185704", "features": ["hour", "i", "s", "scA", "scW", "tcA", "tcW"], "seed": 888, "split_id": 2, "metrics_train": {"acc": 0.7068094109744948, "auc": 0.7300715865032192, "nll": 0.562145524242415, "mse": 0.19112090704200857, "rmse": 0.43717377213415787, "f1": 0.802180686320096}, "metrics_test": {"acc": 0.7087742593927023, "auc": 0.7316779818347023, "nll": 0.5602662138521086, "mse": 0.19028058652369964, "rmse": 0.43621163043149097, "f1": 0.802180686320096}}