{"time": "2021-07-02T18:23:41.378244", "features": ["i", "partcA", "partcW", "s", "scA", "scW", "tcA", "tcW"], "seed": 888, "split_id": 0, "metrics_train": {"acc": 0.708176899661685, "auc": 0.7318247957245011, "nll": 0.5604715151992583, "mse": 0.19044086412208666, "rmse": 0.43639530717239233, "f1": 0.7996063886339354}, "metrics_test": {"acc": 0.7054549760805128, "auc": 0.7299310495368736, "nll": 0.5633048955968648, "mse": 0.1916213316028741, "rmse": 0.4377457385319406, "f1": 0.7996063886339354}}