{"time": "2021-07-02T20:22:51.640956", "features": ["i", "prev_resp_time_cat", "s", "scA", "scW", "tcA", "tcW"], "seed": 888, "split_id": 4, "metrics_train": {"acc": 0.7084255044381947, "auc": 0.732613897732641, "nll": 0.5601462950853012, "mse": 0.19028666264444835, "rmse": 0.4362185950236972, "f1": 0.800367801109012}, "metrics_test": {"acc": 0.7066670075464775, "auc": 0.73003616811202, "nll": 0.5629628706200552, "mse": 0.19139839700448677, "rmse": 0.4374910250559282, "f1": 0.800367801109012}}