{"time": "2021-07-02T11:14:25.912186", "features": ["i", "prev_resp_time_cat", "s", "scA", "scW", "tcA", "tcW"], "seed": 888, "split_id": 2, "metrics_train": {"acc": 0.7076944605108495, "auc": 0.7317515383027245, "nll": 0.5610835249955741, "mse": 0.1906722923614756, "rmse": 0.43666038561045994, "f1": 0.802615932922684}, "metrics_test": {"acc": 0.7096654547702437, "auc": 0.7332760395311837, "nll": 0.5592238484938142, "mse": 0.18984313035724315, "rmse": 0.4357099153763237, "f1": 0.802615932922684}}