{"time": "2021-07-02T00:17:55.893143", "features": ["i", "partcA", "partcW", "s", "scA", "scW", "tcA", "tcW"], "seed": 888, "split_id": 1, "metrics_train": {"acc": 0.7077968298186146, "auc": 0.7317671621386702, "nll": 0.5607380867267466, "mse": 0.19056203523825405, "rmse": 0.43653411692358485, "f1": 0.8005394795377583}, "metrics_test": {"acc": 0.7072396392801661, "auc": 0.7303110036583907, "nll": 0.5623368985632115, "mse": 0.1911503185463212, "rmse": 0.43720740907070776, "f1": 0.8005394795377583}}