{"time": "2021-07-02T15:22:11.925760", "features": ["i", "s", "scA", "scA_TW", "scW", "scW_TW", "tcA", "tcW"], "seed": 888, "split_id": 4, "metrics_train": {"acc": 0.7101500443154036, "auc": 0.734482311160228, "nll": 0.5587529810455518, "mse": 0.1896518562009295, "rmse": 0.43549036292543775, "f1": 0.8008433876165062}, "metrics_test": {"acc": 0.7082009666950398, "auc": 0.7315075423577466, "nll": 0.561826743038258, "mse": 0.19086929234513364, "rmse": 0.4368859031201781, "f1": 0.8008433876165062}}