{"time": "2021-07-02T16:57:05.521504", "features": ["hour", "i", "s", "scA", "scW", "tcA", "tcW"], "seed": 888, "split_id": 3, "metrics_train": {"acc": 0.7069824771341796, "auc": 0.730766059404643, "nll": 0.5619254686378724, "mse": 0.19102725961750033, "rmse": 0.43706665351808793, "f1": 0.802508380693884}, "metrics_test": {"acc": 0.7081513441558631, "auc": 0.7290410875490955, "nll": 0.5610833185615262, "mse": 0.1906473791930621, "rmse": 0.43663185773951735, "f1": 0.802508380693884}}