{"time": "2021-07-02T13:12:11.146227", "features": ["i", "part_of_day", "s", "scA", "scW", "tcA", "tcW"], "seed": 888, "split_id": 2, "metrics_train": {"acc": 0.7067814989644943, "auc": 0.7300695411053856, "nll": 0.5621306267154635, "mse": 0.191120318581894, "rmse": 0.4371730991059422, "f1": 0.8021520634816736}, "metrics_test": {"acc": 0.7087360782918624, "auc": 0.7316787513665519, "nll": 0.5602545091857367, "mse": 0.19027869071710576, "rmse": 0.4362094573907193, "f1": 0.8021520634816736}}