{"time": "2021-07-02T21:12:41.268500", "features": ["i", "s", "scA", "scA_TW", "scW", "scW_TW", "tcA", "tcW"], "seed": 888, "split_id": 0, "metrics_train": {"acc": 0.7103189769968844, "auc": 0.7342588797529342, "nll": 0.5587654796642446, "mse": 0.18964976011246412, "rmse": 0.4354879563345743, "f1": 0.8002734085220314}, "metrics_test": {"acc": 0.707524388117558, "auc": 0.7321695425942502, "nll": 0.561728064544429, "mse": 0.19088109478094928, "rmse": 0.4368994103691939, "f1": 0.8002734085220314}}