{"time": "2021-07-02T05:42:15.603296", "features": ["i", "prev_lag_time_cat", "s", "scA", "scW", "tcA", "tcW"], "seed": 888, "split_id": 1, "metrics_train": {"acc": 0.7080370764181037, "auc": 0.7322736049587941, "nll": 0.5604700432089361, "mse": 0.1904416080933154, "rmse": 0.4363961595767261, "f1": 0.8005841777120494}, "metrics_test": {"acc": 0.7073591614833161, "auc": 0.7307874296061446, "nll": 0.5621415993048151, "mse": 0.19105402395387286, "rmse": 0.4370972705861624, "f1": 0.8005841777120494}}