{"time": "2021-07-02T05:56:59.209091", "features": ["i", "icA_TW", "icW_TW", "s", "scA", "scA_TW", "scW", "scW_TW", "tcA", "tcA_TW", "tcW", "tcW_TW"], "seed": 888, "split_id": 0, "metrics_train": {"acc": 0.7159611601164573, "auc": 0.7438217914114525, "nll": 0.5522553306565119, "mse": 0.18676393562085247, "rmse": 0.432161932174564, "f1": 0.8030168311491314}, "metrics_test": {"acc": 0.7134526362018271, "auc": 0.7424214290583344, "nll": 0.5546650337882767, "mse": 0.1878082102883362, "rmse": 0.4333684463459888, "f1": 0.8030168311491314}}