{"time": "2021-12-14T16:10:12.397194", "features": ["i", "rpfa_F", "s", "scA", "scW", "tcA", "tcW"], "seed": 888, "split_id": 3, "metrics_train": {"acc": 0.7076152065732871, "auc": 0.732367293445882, "nll": 0.5605021826865564, "mse": 0.1905243494510632, "rmse": 0.43649095002194854, "f1": 0.8034697210450238}, "metrics_test": {"acc": 0.7097803109658826, "auc": 0.7326360777575454, "nll": 0.5583599785771943, "mse": 0.1895819838392487, "rmse": 0.435410132908329, "f1": 0.8034697210450238}}