{"time": "2021-07-02T09:20:54.069448", "features": ["i", "s", "scA", "scW", "tcA", "tcW", "vt"], "seed": 888, "split_id": 1, "metrics_train": {"acc": 0.7073944055798056, "auc": 0.7311576323689928, "nll": 0.5611608429620946, "mse": 0.19074274510805964, "rmse": 0.43674105040408057, "f1": 0.8000793991852052}, "metrics_test": {"acc": 0.7065574807517552, "auc": 0.7296121638966991, "nll": 0.5628288901799444, "mse": 0.19135970592049362, "rmse": 0.43744680353214793, "f1": 0.8000793991852052}}