{"time": "2021-07-02T11:06:06.379351", "features": ["i", "icA", "icW", "s", "scA", "scW", "tcA", "tcW"], "seed": 888, "split_id": 4, "metrics_train": {"acc": 0.7130764909138843, "auc": 0.7371126618552728, "nll": 0.5568929582349738, "mse": 0.1886808371517799, "rmse": 0.4343740751377549, "f1": 0.8028700945175075}, "metrics_test": {"acc": 0.7116809485281511, "auc": 0.7348078299418732, "nll": 0.5596278337062732, "mse": 0.18969580679089312, "rmse": 0.4355408210385028, "f1": 0.8028700945175075}}