{"time": "2021-07-02T05:57:26.903718", "features": ["i", "s", "scA", "scW", "sm", "tcA", "tcW"], "seed": 888, "split_id": 3, "metrics_train": {"acc": 0.7141729890486044, "auc": 0.7401061023809573, "nll": 0.5555974247084173, "mse": 0.18808633434974917, "rmse": 0.4336892140113115, "f1": 0.8059393989098668}, "metrics_test": {"acc": 0.7154096982400009, "auc": 0.738661759184108, "nll": 0.5546124751763524, "mse": 0.18763503339318371, "rmse": 0.43316859696102594, "f1": 0.8059393989098668}}