{"time": "2021-07-02T09:34:19.502179", "features": ["i", "icA_TW", "icW_TW", "s", "scA", "scW", "tcA", "tcW"], "seed": 888, "split_id": 3, "metrics_train": {"acc": 0.714264598483231, "auc": 0.741864548744684, "nll": 0.5545087683867655, "mse": 0.1876609161985159, "rmse": 0.4331984720639212, "f1": 0.8059664012257741}, "metrics_test": {"acc": 0.7157915325040796, "auc": 0.7411130804829242, "nll": 0.5530243475096014, "mse": 0.18701314401922317, "rmse": 0.43245016362492356, "f1": 0.8059664012257741}}