{"time": "2021-07-02T07:51:52.257867", "features": ["i", "part", "s", "scA", "scW", "tcA", "tcW"], "seed": 888, "split_id": 3, "metrics_train": {"acc": 0.7069619855501185, "auc": 0.7307401918520156, "nll": 0.5619725275412557, "mse": 0.19103698817640447, "rmse": 0.4370777827531439, "f1": 0.8025425923325209}, "metrics_test": {"acc": 0.7081744060112624, "auc": 0.7290567074327594, "nll": 0.561095377064759, "mse": 0.19064470660217603, "rmse": 0.4366287972662546, "f1": 0.8025425923325209}}