{"time": "2021-07-02T17:44:26.448891", "features": ["i", "s", "scA", "scW", "tcA", "tcW", "vs"], "seed": 888, "split_id": 3, "metrics_train": {"acc": 0.7071132616559822, "auc": 0.7313543011924962, "nll": 0.5615813951510091, "mse": 0.1908917944541894, "rmse": 0.4369116552052479, "f1": 0.8025094536241889}, "metrics_test": {"acc": 0.7082225731776025, "auc": 0.7295891831780292, "nll": 0.5607379725648471, "mse": 0.19051604422452761, "rmse": 0.43648143628856384, "f1": 0.8025094536241889}}