{"time": "2021-07-02T23:17:32.782249", "features": ["i", "s", "scA", "scW", "smA", "smW", "tcA", "tcW"], "seed": 888, "split_id": 4, "metrics_train": {"acc": 0.7083221741060768, "auc": 0.7316628321883223, "nll": 0.5606735786392032, "mse": 0.19047489887920885, "rmse": 0.4364343007592424, "f1": 0.8003757035238667}, "metrics_test": {"acc": 0.7063917972286471, "auc": 0.7288874646242629, "nll": 0.5636668296636591, "mse": 0.19164967889724618, "rmse": 0.43777811605566375, "f1": 0.8003757035238667}}