{"time": "2021-07-02T13:43:33.343186", "features": ["i", "s", "scA", "scW", "tcA", "tcW", "vs"], "seed": 888, "split_id": 2, "metrics_train": {"acc": 0.7069436722204601, "auc": 0.7306527308936444, "nll": 0.5617503569844553, "mse": 0.19097555337942376, "rmse": 0.43700749808146744, "f1": 0.8020685711649123}, "metrics_test": {"acc": 0.7088212282072276, "auc": 0.7322005074474397, "nll": 0.5599532641899818, "mse": 0.1901687382397716, "rmse": 0.4360834074346003, "f1": 0.8020685711649123}}