{"time": "2021-07-02T09:32:19.504529", "features": ["i", "n_gram", "s", "scA", "scW", "tcA", "tcW"], "seed": 888, "split_id": 1, "metrics_train": {"acc": 0.7087771284044255, "auc": 0.7338290289186991, "nll": 0.5590670369281319, "mse": 0.18990774147669423, "rmse": 0.435784053720067, "f1": 0.8006339390345489}, "metrics_test": {"acc": 0.7079783655688466, "auc": 0.7322294942693457, "nll": 0.5608389005621637, "mse": 0.19055398678632518, "rmse": 0.43652489824330204, "f1": 0.8006339390345489}}