{"time": "2021-07-02T17:37:30.158446", "features": ["i", "s", "scA", "scW", "tcA", "tcW", "vt"], "seed": 888, "split_id": 3, "metrics_train": {"acc": 0.7070154746114548, "auc": 0.7311772794742443, "nll": 0.5616895603672291, "mse": 0.19094275652678566, "rmse": 0.4369699721111116, "f1": 0.8024587010123841}, "metrics_test": {"acc": 0.708193089033358, "auc": 0.7294921285608564, "nll": 0.5607955847798263, "mse": 0.1905445186640165, "rmse": 0.43651405322625814, "f1": 0.8024587010123841}}