{"time": "2021-07-02T03:47:18.329612", "features": ["i", "s", "scA", "scW", "smA", "smW", "tcA", "tcW"], "seed": 888, "split_id": 0, "metrics_train": {"acc": 0.7084417729371035, "auc": 0.7314481650702933, "nll": 0.5606698904445082, "mse": 0.19046611144056586, "rmse": 0.4364242333333082, "f1": 0.7997427637632925}, "metrics_test": {"acc": 0.7056370724380501, "auc": 0.7295153269024873, "nll": 0.5635795102140886, "mse": 0.19168478038692913, "rmse": 0.4378182047230667, "f1": 0.7997427637632925}}