{"time": "2021-07-02T14:31:28.363565", "features": ["i", "icA_TW", "icW_TW", "s", "scA", "scA_TW", "scW", "scW_TW", "tcA", "tcA_TW", "tcW", "tcW_TW"], "seed": 888, "split_id": 3, "metrics_train": {"acc": 0.71532270252051, "auc": 0.7437936319757957, "nll": 0.5529452950158118, "mse": 0.18706563026200335, "rmse": 0.43251084409758256, "f1": 0.8061982267683763}, "metrics_test": {"acc": 0.7165619152433026, "auc": 0.7426832021837205, "nll": 0.5517985917299437, "mse": 0.18656096059521793, "rmse": 0.4319270315634551, "f1": 0.8061982267683763}}