{"time": "2021-12-14T14:47:54.878886", "features": ["i", "ppe", "s", "scA", "scW", "tcA", "tcW"], "seed": 888, "split_id": 1, "metrics_train": {"acc": 0.708071080575153, "auc": 0.7318295584969234, "nll": 0.5602941607277664, "mse": 0.19037598852492035, "rmse": 0.43632096961402206, "f1": 0.799212271308688}, "metrics_test": {"acc": 0.7062744253446926, "auc": 0.7311607348002237, "nll": 0.562883982539474, "mse": 0.1914286764145716, "rmse": 0.43752562943737544, "f1": 0.799212271308688}}