{"time": "2021-07-02T13:38:33.389844", "features": ["i", "s", "scA", "scW", "tcA", "tcW", "user_avg_correct"], "seed": 888, "split_id": 2, "metrics_train": {"acc": 0.7080485848088512, "auc": 0.7328376710089826, "nll": 0.5600922350746024, "mse": 0.19031603007169565, "rmse": 0.4362522550906707, "f1": 0.8024521505313122}, "metrics_test": {"acc": 0.7098293910841675, "auc": 0.734222317401252, "nll": 0.5584077532567456, "mse": 0.18956012930884475, "rmse": 0.43538503569696185, "f1": 0.8024521505313122}}