{"time": "2021-07-02T04:57:30.375077", "features": ["i", "n_gram", "s", "scA", "scW", "tcA", "tcW"], "seed": 888, "split_id": 0, "metrics_train": {"acc": 0.7091163638604594, "auc": 0.7338387899623079, "nll": 0.5588321626989706, "mse": 0.18979864777837033, "rmse": 0.4356588662914716, "f1": 0.7998488576863618}, "metrics_test": {"acc": 0.7065314869000714, "auc": 0.7320250163676418, "nll": 0.5616557140294933, "mse": 0.19097525261426637, "rmse": 0.43700715396234235, "f1": 0.7998488576863618}}