{"time": "2021-12-14T16:11:29.966255", "features": ["i", "rpfa_F", "rpfa_R", "s", "scA", "scW", "tcA", "tcW"], "seed": 888, "split_id": 3, "metrics_train": {"acc": 0.7080222635034294, "auc": 0.7334780256940387, "nll": 0.559691221358898, "mse": 0.19022240665000045, "rmse": 0.4361449376640757, "f1": 0.8034571512461246}, "metrics_test": {"acc": 0.7100963935443481, "auc": 0.7337340980552177, "nll": 0.5575405625424862, "mse": 0.18928044395255444, "rmse": 0.4350637240135684, "f1": 0.8034571512461246}}