{"time": "2021-12-14T15:18:08.267803", "features": ["i", "rpfa_F", "rpfa_R", "s", "scA", "scW", "tcA", "tcW"], "seed": 888, "split_id": 1, "metrics_train": {"acc": 0.7087833322960615, "auc": 0.7335566232550739, "nll": 0.5587528520154336, "mse": 0.18983954874766695, "rmse": 0.43570580527193686, "f1": 0.799167235694433}, "metrics_test": {"acc": 0.7070216744899864, "auc": 0.7330969315901226, "nll": 0.5612510902221032, "mse": 0.19084135682563683, "rmse": 0.4368539307659218, "f1": 0.799167235694433}}