{"time": "2021-07-02T09:28:11.652171", "features": ["i", "s", "scA", "scW", "tcA", "tcA_TW", "tcW", "tcW_TW"], "seed": 888, "split_id": 3, "metrics_train": {"acc": 0.7076247978904517, "auc": 0.7320219661793466, "nll": 0.5609391964899305, "mse": 0.19064160774147754, "rmse": 0.43662524863030716, "f1": 0.8027737675955395}, "metrics_test": {"acc": 0.7087894861293157, "auc": 0.7304048476763962, "nll": 0.5601085529343325, "mse": 0.19025521568092144, "rmse": 0.4361825485744718, "f1": 0.8027737675955395}}