{"time": "2021-07-02T13:09:38.017444", "features": ["i", "rc", "s", "scA", "scW", "tcA", "tcW"], "seed": 888, "split_id": 2, "metrics_train": {"acc": 0.7068149336716607, "auc": 0.7301653482700501, "nll": 0.5620828925096503, "mse": 0.19110063329547974, "rmse": 0.4371505842332591, "f1": 0.80213676990573}, "metrics_test": {"acc": 0.7087163816922227, "auc": 0.7317517104007116, "nll": 0.5602141904586511, "mse": 0.19026454083914116, "rmse": 0.4361932379566895, "f1": 0.80213676990573}}