{"time": "2021-07-02T15:31:12.945069", "features": ["i", "prev_resp_time_cat", "s", "scA", "scW", "tcA", "tcW"], "seed": 888, "split_id": 3, "metrics_train": {"acc": 0.7079112280470722, "auc": 0.7324394028618822, "nll": 0.560873421909031, "mse": 0.19057740840470394, "rmse": 0.4365517247757749, "f1": 0.8028412755724096}, "metrics_test": {"acc": 0.7089266895728302, "auc": 0.7306447776419029, "nll": 0.5600940524580537, "mse": 0.19022585764896593, "rmse": 0.4361488938985928, "f1": 0.8028412755724096}}