{"time": "2021-07-02T16:09:16.437397", "features": ["day", "i", "s", "scA", "scW", "tcA", "tcW"], "seed": 888, "split_id": 3, "metrics_train": {"acc": 0.706961684203294, "auc": 0.7307515402636017, "nll": 0.561938540030287, "mse": 0.19103063886021215, "rmse": 0.4370705193217819, "f1": 0.8025190852512418}, "metrics_test": {"acc": 0.70817148678906, "auc": 0.7290592435043813, "nll": 0.5610749483983607, "mse": 0.1906415691317996, "rmse": 0.43662520441655633, "f1": 0.8025190852512418}}