{"time": "2021-12-14T15:04:04.687081", "features": ["i", "ppe", "s", "scA", "scW", "tcA", "tcW"], "seed": 888, "split_id": 0, "metrics_train": {"acc": 0.7080566008049409, "auc": 0.7324177574894116, "nll": 0.560210563515522, "mse": 0.19035623520521716, "rmse": 0.4362983328013266, "f1": 0.8004321990778985}, "metrics_test": {"acc": 0.7064028918567821, "auc": 0.7292643244288343, "nll": 0.5630089269679452, "mse": 0.19144221115263335, "rmse": 0.43754109652995266, "f1": 0.8004321990778985}}