{"time": "2021-07-02T03:38:44.729832", "features": ["i", "partcA", "partcW", "s", "scA", "scW", "tcA", "tcW"], "seed": 888, "split_id": 2, "metrics_train": {"acc": 0.7072857062895311, "auc": 0.7311243848432392, "nll": 0.5614498649936431, "mse": 0.190847218508298, "rmse": 0.43686063968764455, "f1": 0.8023571294001859}, "metrics_test": {"acc": 0.7091257679401175, "auc": 0.7327025700443422, "nll": 0.5595683526992473, "mse": 0.19000442578932067, "rmse": 0.43589497105302866, "f1": 0.8023571294001859}}