{"time": "2021-12-14T15:55:54.253231", "features": ["i", "rpfa_F", "rpfa_R", "s", "scA", "scW", "tcA", "tcW"], "seed": 888, "split_id": 2, "metrics_train": {"acc": 0.7090619665278345, "auc": 0.7340826409080811, "nll": 0.5583904795050061, "mse": 0.18968817702242372, "rmse": 0.4355320619913346, "f1": 0.7986163066955326}, "metrics_test": {"acc": 0.7058058172849739, "auc": 0.7312554409451465, "nll": 0.5627360021116552, "mse": 0.19143237823829437, "rmse": 0.43752985982478315, "f1": 0.7986163066955326}}