{"time": "2021-07-02T07:46:40.170955", "features": ["bundle", "i", "s", "scA", "scW", "tcA", "tcW"], "seed": 888, "split_id": 3, "metrics_train": {"acc": 0.7069758475040422, "auc": 0.730737547507938, "nll": 0.5619358589968438, "mse": 0.1910329528242208, "rmse": 0.43707316644266875, "f1": 0.8024966032373809}, "metrics_test": {"acc": 0.7081796606112267, "auc": 0.7290460529900952, "nll": 0.5610768854215121, "mse": 0.190644545351599, "rmse": 0.4366286126121363, "f1": 0.8024966032373809}}