{"time": "2021-07-02T23:13:20.146849", "features": ["i", "n_gram", "s", "scA", "scW", "tcA", "tcW"], "seed": 888, "split_id": 4, "metrics_train": {"acc": 0.709025373652799, "auc": 0.734074541052549, "nll": 0.5588122564890512, "mse": 0.18979235477077788, "rmse": 0.4356516438288485, "f1": 0.8002478428568032}, "metrics_test": {"acc": 0.7069692877316354, "auc": 0.7312381186602733, "nll": 0.5618648478356763, "mse": 0.19101228026227263, "rmse": 0.4370495169454745, "f1": 0.8002478428568032}}