{"time": "2021-07-02T03:02:05.243937", "features": ["i", "icA", "icW", "s", "scA", "scW", "tcA", "tcW"], "seed": 888, "split_id": 2, "metrics_train": {"acc": 0.713189245666735, "auc": 0.7368812697128181, "nll": 0.5573165430802246, "mse": 0.1887895919547094, "rmse": 0.43449924275504714, "f1": 0.8040916991183159}, "metrics_test": {"acc": 0.7128853942744106, "auc": 0.7345151690817069, "nll": 0.5584455734141559, "mse": 0.1891604571799822, "rmse": 0.43492580652334506, "f1": 0.8040916991183159}}