{"time": "2021-07-02T18:06:32.027015", "features": ["i", "part_of_day", "s", "scA", "scW", "tcA", "tcW"], "seed": 888, "split_id": 3, "metrics_train": {"acc": 0.7069760735141605, "auc": 0.7307620686203852, "nll": 0.5619274626671411, "mse": 0.19102827341440154, "rmse": 0.43706781329034233, "f1": 0.8025135476234546}, "metrics_test": {"acc": 0.7081533876114048, "auc": 0.7290408079744349, "nll": 0.5610839073684812, "mse": 0.19064759267902304, "rmse": 0.43663210220851034, "f1": 0.8025135476234546}}