{"time": "2021-07-02T07:38:03.544330", "features": ["i", "icA", "icW", "s", "scA", "scW", "tcA", "tcW"], "seed": 888, "split_id": 3, "metrics_train": {"acc": 0.712409206085217, "auc": 0.736796254789584, "nll": 0.5577427066133565, "mse": 0.18901221994076295, "rmse": 0.4347553564256143, "f1": 0.8054653149339772}, "metrics_test": {"acc": 0.7140327011271117, "auc": 0.7357298774323942, "nll": 0.5564032078900424, "mse": 0.18841529210400906, "rmse": 0.43406830350073833, "f1": 0.8054653149339772}}