{"time": "2021-07-02T22:49:21.495115", "features": ["i", "s", "scA", "scW", "tcA", "tcW", "vt"], "seed": 888, "split_id": 4, "metrics_train": {"acc": 0.7076053666574402, "auc": 0.7313782879571433, "nll": 0.5609236855121765, "mse": 0.19063820170353907, "rmse": 0.4366213481994886, "f1": 0.7998089976118564}, "metrics_test": {"acc": 0.705686476796612, "auc": 0.7287221840474817, "nll": 0.5637675514795142, "mse": 0.1917656953602785, "rmse": 0.4379106020185838, "f1": 0.7998089976118564}}