{"time": "2021-07-02T01:24:56.261739", "features": ["i", "month", "s", "scA", "scW", "tcA", "tcW"], "seed": 888, "split_id": 0, "metrics_train": {"acc": 0.7077272973314599, "auc": 0.7308197245542216, "nll": 0.5611550874922037, "mse": 0.19070430882843484, "rmse": 0.43669704467563647, "f1": 0.7993536395214828}, "metrics_test": {"acc": 0.7049869408347511, "auc": 0.7289142513626903, "nll": 0.5639758029340214, "mse": 0.191886943017308, "rmse": 0.4380490189662659, "f1": 0.7993536395214828}}