{"time": "2021-12-14T16:33:56.698254", "features": ["i", "rpfa_R", "s", "scA", "scW", "tcA", "tcW"], "seed": 888, "split_id": 3, "metrics_train": {"acc": 0.7074556710177803, "auc": 0.7319890703395209, "nll": 0.560970501293888, "mse": 0.19067819962710988, "rmse": 0.4366671496999859, "f1": 0.8033331086346955}, "metrics_test": {"acc": 0.7095934555189445, "auc": 0.7323350428324796, "nll": 0.5587567236968664, "mse": 0.1897026747969358, "rmse": 0.43554870542447466, "f1": 0.8033331086346955}}