{"time": "2021-07-02T07:11:33.091601", "features": ["day", "i", "s", "scA", "scW", "tcA", "tcW"], "seed": 888, "split_id": 1, "metrics_train": {"acc": 0.7073233456762323, "auc": 0.7307165856936841, "nll": 0.5614372624773468, "mse": 0.1908368818584274, "rmse": 0.4368488089241258, "f1": 0.80025617768723}, "metrics_test": {"acc": 0.7067165395615451, "auc": 0.7292348312703585, "nll": 0.5630666848798621, "mse": 0.19143671712821522, "rmse": 0.43753481818961015, "f1": 0.80025617768723}}