{"time": "2021-07-02T09:19:18.735959", "features": ["i", "s", "scA", "scW", "smA", "smW", "tcA", "tcW"], "seed": 888, "split_id": 1, "metrics_train": {"acc": 0.7080560903482308, "auc": 0.7313951948531702, "nll": 0.5609344761136259, "mse": 0.19059121290275177, "rmse": 0.4365675353284435, "f1": 0.8006577401536854}, "metrics_test": {"acc": 0.7074078219222576, "auc": 0.7300069655889652, "nll": 0.5625369739484481, "mse": 0.1911809639357847, "rmse": 0.4372424544069168, "f1": 0.8006577401536854}}