{"time": "2021-07-02T06:42:51.049881", "features": ["i", "icA_TW", "icW_TW", "s", "scA", "scA_TW", "scW", "scW_TW", "tcA", "tcA_TW", "tcW", "tcW_TW"], "seed": 888, "split_id": 1, "metrics_train": {"acc": 0.7156410826158992, "auc": 0.7437984503903042, "nll": 0.5524602130450075, "mse": 0.18687324765758542, "rmse": 0.4322883848284446, "f1": 0.8038294157911592}, "metrics_test": {"acc": 0.7149860770319079, "auc": 0.7427128442618407, "nll": 0.553807349800804, "mse": 0.18737444770553055, "rmse": 0.4328677023127627, "f1": 0.8038294157911592}}