{"time": "2021-07-01T21:52:53.113357", "features": ["at", "i", "s", "scA", "scW", "tcA", "tcW"], "seed": 888, "split_id": 0, "metrics_train": {"acc": 0.707698358445439, "auc": 0.730752917569575, "nll": 0.5612133991019405, "mse": 0.19072523355431073, "rmse": 0.4367210019615621, "f1": 0.7993190987853133}, "metrics_test": {"acc": 0.7049259445058375, "auc": 0.7288502868745075, "nll": 0.5640197659735524, "mse": 0.19190530369303313, "rmse": 0.4380699757950014, "f1": 0.7993190987853133}}