{"time": "2021-07-02T23:39:56.994610", "features": ["i", "s", "scA", "scW", "tcA", "tcW", "user_avg_correct"], "seed": 888, "split_id": 4, "metrics_train": {"acc": 0.7088067499978691, "auc": 0.7336887580773455, "nll": 0.5591732497059201, "mse": 0.189937685121424, "rmse": 0.4358184084242243, "f1": 0.8001142004155763}, "metrics_test": {"acc": 0.7068721369855597, "auc": 0.7309562363544702, "nll": 0.5620411847021194, "mse": 0.19108102808269406, "rmse": 0.4371281597914896, "f1": 0.8001142004155763}}