{"time": "2021-12-14T15:01:55.339662", "features": ["i", "rpfa_F", "s", "scA", "scW", "tcA", "tcW"], "seed": 888, "split_id": 2, "metrics_train": {"acc": 0.708706265740392, "auc": 0.7329623785041351, "nll": 0.559208736420208, "mse": 0.1899911162359578, "rmse": 0.4358797038587112, "f1": 0.7985088298449412}, "metrics_test": {"acc": 0.7054780811881632, "auc": 0.730211764072742, "nll": 0.5635087060203401, "mse": 0.19171965103631805, "rmse": 0.43785802611841895, "f1": 0.7985088298449412}}