{"time": "2021-07-01T23:36:49.935015", "features": ["i", "part", "s", "scA", "scW", "tcA", "tcW"], "seed": 888, "split_id": 1, "metrics_train": {"acc": 0.7073207359211168, "auc": 0.7307079275267047, "nll": 0.5614416537293023, "mse": 0.1908395388143712, "rmse": 0.4368518499610265, "f1": 0.800270013989525}, "metrics_test": {"acc": 0.7067369161203518, "auc": 0.7292278997432871, "nll": 0.5630719787429721, "mse": 0.19143939256668271, "rmse": 0.43753787557956936, "f1": 0.800270013989525}}