{"time": "2021-12-14T14:45:00.401737", "features": ["i", "rpfa_F", "rpfa_R", "s", "scA", "scW", "tcA", "tcW"], "seed": 888, "split_id": 0, "metrics_train": {"acc": 0.7087695135309671, "auc": 0.7341832464816592, "nll": 0.5586512105311674, "mse": 0.1898025641299626, "rmse": 0.43566336101394, "f1": 0.8003292681570253}, "metrics_test": {"acc": 0.7069682272442681, "auc": 0.730881510809004, "nll": 0.5615710816247829, "mse": 0.19094217246331094, "rmse": 0.43696930379983323, "f1": 0.8003292681570253}}