{"time": "2021-07-02T14:52:08.213222", "features": ["i", "resp_time_cat", "s", "scA", "scW", "tcA", "tcW"], "seed": 888, "split_id": 3, "metrics_train": {"acc": 0.7102484740173495, "auc": 0.7426137630790874, "nll": 0.5542781247780935, "mse": 0.18807649950654162, "rmse": 0.4336778752790389, "f1": 0.8028414056202935}, "metrics_test": {"acc": 0.7116625846209536, "auc": 0.741650742715416, "nll": 0.5529967454191005, "mse": 0.1875181393632235, "rmse": 0.43303364691813906, "f1": 0.8028414056202935}}