{"time": "2021-07-02T11:35:56.835167", "features": ["i", "s", "scA", "scW", "tcA", "tcW", "week"], "seed": 888, "split_id": 2, "metrics_train": {"acc": 0.7068691158087206, "auc": 0.7301371481334556, "nll": 0.5620998977420104, "mse": 0.19110238747978367, "rmse": 0.43715259061314465, "f1": 0.802201428437622}, "metrics_test": {"acc": 0.7088366824623294, "auc": 0.7317143552846466, "nll": 0.5602332070056475, "mse": 0.1902667094572534, "rmse": 0.43619572379524013, "f1": 0.802201428437622}}