{"time": "2021-07-02T02:07:06.060044", "features": ["at", "i", "s", "scA", "scW", "tcA", "tcW"], "seed": 888, "split_id": 2, "metrics_train": {"acc": 0.7067642591936116, "auc": 0.7300651395334563, "nll": 0.5621314866573437, "mse": 0.19112149140964274, "rmse": 0.4371744404807339, "f1": 0.8021220478024781}, "metrics_test": {"acc": 0.708708200027757, "auc": 0.7316572564369929, "nll": 0.5602625469037202, "mse": 0.1902841036886696, "rmse": 0.43621566190207983, "f1": 0.8021220478024781}}