{"time": "2021-07-02T01:53:11.637027", "features": ["i", "s", "scA", "scW", "sm", "tcA", "tcW"], "seed": 888, "split_id": 2, "metrics_train": {"acc": 0.7141320596302032, "auc": 0.7395217741881602, "nll": 0.5557635253423776, "mse": 0.18815448965976786, "rmse": 0.43376778310493264, "f1": 0.8054255111281845}, "metrics_test": {"acc": 0.7157495828866246, "auc": 0.7409218771712608, "nll": 0.5539764071233385, "mse": 0.18736421330256786, "rmse": 0.43285588052210616, "f1": 0.8054255111281845}}