{"time": "2021-07-02T22:39:58.277255", "features": ["i", "rc", "s", "scA", "scW", "tcA", "tcW"], "seed": 888, "split_id": 4, "metrics_train": {"acc": 0.7075694029166668, "auc": 0.731032634728678, "nll": 0.5611984330793661, "mse": 0.19071843283295556, "rmse": 0.43671321577547384, "f1": 0.7999501056676076}, "metrics_test": {"acc": 0.7057472336099473, "auc": 0.7284257205592944, "nll": 0.5639936212615825, "mse": 0.1918377450740251, "rmse": 0.43799285961534246, "f1": 0.7999501056676076}}