{"time": "2021-07-02T09:58:18.396534", "features": ["i", "s", "scA", "scW", "sm", "tcA", "tcW"], "seed": 888, "split_id": 4, "metrics_train": {"acc": 0.7148400600482318, "auc": 0.7403957037865591, "nll": 0.554799387052586, "mse": 0.18776135928553558, "rmse": 0.4333143885050848, "f1": 0.8032312900280886}, "metrics_test": {"acc": 0.7128756320062081, "auc": 0.7377012556102425, "nll": 0.557782236659637, "mse": 0.18893387709513143, "rmse": 0.4346652471674397, "f1": 0.8032312900280886}}