{"time": "2021-07-02T11:57:43.265415", "features": ["i", "s", "scA", "scW", "tcA", "tcW", "weekend"], "seed": 888, "split_id": 2, "metrics_train": {"acc": 0.7067950818142806, "auc": 0.7300640043411579, "nll": 0.5621339035692973, "mse": 0.19112099196842522, "rmse": 0.43717386926533613, "f1": 0.8021396582532602}, "metrics_test": {"acc": 0.70872153311059, "auc": 0.7316517814876428, "nll": 0.5602708783383836, "mse": 0.190285859525329, "rmse": 0.4362176744760911, "f1": 0.8021396582532602}}