{"time": "2021-07-02T05:28:43.061738", "features": ["i", "icA_TW", "icW_TW", "s", "scA", "scW", "tcA", "tcW"], "seed": 888, "split_id": 2, "metrics_train": {"acc": 0.7148521745620091, "auc": 0.7421243080497695, "nll": 0.5540094434859604, "mse": 0.18742563009037844, "rmse": 0.4329268184004988, "f1": 0.8047576199205888}, "metrics_test": {"acc": 0.714775055741377, "auc": 0.7395244765522602, "nll": 0.555628900050543, "mse": 0.18784979528753584, "rmse": 0.4334164224940442, "f1": 0.8047576199205888}}