{"time": "2021-12-14T16:47:24.346653", "features": ["i", "rpfa_R", "s", "scA", "scW", "tcA", "tcW"], "seed": 888, "split_id": 4, "metrics_train": {"acc": 0.7075471428143252, "auc": 0.7321068618497576, "nll": 0.5610099176468724, "mse": 0.19068692231263717, "rmse": 0.43667713738257147, "f1": 0.803181743897547}, "metrics_test": {"acc": 0.7095160632977489, "auc": 0.7317899421695663, "nll": 0.5585438039352607, "mse": 0.18964730701418567, "rmse": 0.435485139831643, "f1": 0.803181743897547}}