{"time": "2021-12-14T16:22:17.152899", "features": ["i", "rpfa_F", "s", "scA", "scW", "tcA", "tcW"], "seed": 888, "split_id": 4, "metrics_train": {"acc": 0.7077223831541544, "auc": 0.7324270984691919, "nll": 0.5605823752690119, "mse": 0.19054713390147213, "rmse": 0.4365170488096337, "f1": 0.8032347416724126}, "metrics_test": {"acc": 0.7096572746042429, "auc": 0.7323076015666464, "nll": 0.5579543002875706, "mse": 0.1894619744104724, "rmse": 0.43527229915361304, "f1": 0.8032347416724126}}