{"time": "2021-12-14T16:19:44.603749", "features": ["i", "ppe", "s", "scA", "scW", "tcA", "tcW"], "seed": 888, "split_id": 3, "metrics_train": {"acc": 0.7073229760377746, "auc": 0.7316868637319858, "nll": 0.5612554992400447, "mse": 0.19077772472295085, "rmse": 0.43678109474077614, "f1": 0.8034841188907832}, "metrics_test": {"acc": 0.7094642283874171, "auc": 0.7322414705776457, "nll": 0.5589173377723843, "mse": 0.1897613081289106, "rmse": 0.4356160099547658, "f1": 0.8034841188907832}}