{"time": "2021-07-02T13:29:41.513247", "features": ["i", "s", "scA", "scA_TW", "scW", "scW_TW", "tcA", "tcW"], "seed": 888, "split_id": 3, "metrics_train": {"acc": 0.7095943253982185, "auc": 0.7342386043651519, "nll": 0.5595178013142358, "mse": 0.18996377011076007, "rmse": 0.43584833383960536, "f1": 0.8034510487194043}, "metrics_test": {"acc": 0.7107348558050193, "auc": 0.7324721078530032, "nll": 0.5587411118053226, "mse": 0.18960669427318302, "rmse": 0.4354385080274631, "f1": 0.8034510487194043}}