{"time": "2021-07-02T04:32:15.854146", "features": ["i", "s", "scA", "scW", "tcA", "tcA_TW", "tcW", "tcW_TW"], "seed": 888, "split_id": 2, "metrics_train": {"acc": 0.7074599697744277, "auc": 0.7313519398577357, "nll": 0.5612198478975979, "mse": 0.19075298377073446, "rmse": 0.4367527719096176, "f1": 0.8024478723614711}, "metrics_test": {"acc": 0.7095018214809298, "auc": 0.7331151554357785, "nll": 0.5589468939932984, "mse": 0.1897876558699959, "rmse": 0.435646250838907, "f1": 0.8024478723614711}}