{"time": "2021-07-02T18:11:06.180279", "features": ["i", "icA", "icW", "s", "scA", "scW", "tcA", "tcW"], "seed": 888, "split_id": 0, "metrics_train": {"acc": 0.713159111243327, "auc": 0.7368544634305386, "nll": 0.5569592031188322, "mse": 0.18869324579098304, "rmse": 0.4343883582590388, "f1": 0.8022578357217941}, "metrics_test": {"acc": 0.7109020970240337, "auc": 0.7355129603388263, "nll": 0.5593060049509709, "mse": 0.18966844615324835, "rmse": 0.4355094099479922, "f1": 0.8022578357217941}}