{"time": "2021-07-02T12:01:17.899173", "features": ["i", "part", "s", "scA", "scW", "tcA", "tcW"], "seed": 888, "split_id": 4, "metrics_train": {"acc": 0.7075552716339097, "auc": 0.7309391169722916, "nll": 0.5611991424406665, "mse": 0.19073356073781228, "rmse": 0.4367305356141385, "f1": 0.7999237601463118}, "metrics_test": {"acc": 0.7057388118734453, "auc": 0.7283325406796491, "nll": 0.5640081467882431, "mse": 0.19184951662579922, "rmse": 0.43800629747276376, "f1": 0.7999237601463118}}