{"time": "2021-07-02T21:09:28.373869", "features": ["i", "s", "scA", "scW", "tcA", "tcW", "week"], "seed": 888, "split_id": 4, "metrics_train": {"acc": 0.7076116472275544, "auc": 0.7310313176895925, "nll": 0.5611377901177393, "mse": 0.19070684136296787, "rmse": 0.4366999443129892, "f1": 0.7999061546819568}, "metrics_test": {"acc": 0.705769190280113, "auc": 0.7283289424411649, "nll": 0.5640134867983035, "mse": 0.1918495308381771, "rmse": 0.43800631369670584, "f1": 0.7999061546819568}}