{"time": "2021-07-02T08:03:44.172634", "features": ["i", "part_of_day", "s", "scA", "scW", "tcA", "tcW"], "seed": 888, "split_id": 1, "metrics_train": {"acc": 0.7073211087432761, "auc": 0.7307228668710456, "nll": 0.5614299543280626, "mse": 0.190835559513937, "rmse": 0.43684729541790346, "f1": 0.8002417608775307}, "metrics_test": {"acc": 0.7066946423640215, "auc": 0.7292312620900973, "nll": 0.563068281849862, "mse": 0.1914390633190793, "rmse": 0.4375374993290053, "f1": 0.8002417608775307}}