{"time": "2021-07-02T19:54:55.770759", "features": ["i", "n_gram", "s", "scA", "scW", "tcA", "tcW"], "seed": 888, "split_id": 3, "metrics_train": {"acc": 0.7084473993844388, "auc": 0.7338510525405879, "nll": 0.5595643275085598, "mse": 0.19010161001739903, "rmse": 0.43600643345872664, "f1": 0.802886464641343}, "metrics_test": {"acc": 0.7094825094801741, "auc": 0.7321447390120958, "nll": 0.5587615762664827, "mse": 0.1897440111712543, "rmse": 0.4355961560565638, "f1": 0.802886464641343}}