{"time": "2021-07-02T00:59:40.728151", "features": ["i", "icA_TW", "icW_TW", "s", "scA", "scW", "tcA", "tcW"], "seed": 888, "split_id": 1, "metrics_train": {"acc": 0.7146217868322196, "auc": 0.741882439943953, "nll": 0.5539930325861511, "mse": 0.18746033457209377, "rmse": 0.4329668977786798, "f1": 0.8036113342858553}, "metrics_test": {"acc": 0.7142354897612354, "auc": 0.7411495582421168, "nll": 0.555033780902636, "mse": 0.18783920603304838, "rmse": 0.43340420629367266, "f1": 0.8036113342858553}}