{"time": "2021-07-02T03:36:43.552579", "features": ["i", "s", "scA", "scW", "tcA", "tcW", "weekend"], "seed": 888, "split_id": 0, "metrics_train": {"acc": 0.7077153019382906, "auc": 0.7307574227735776, "nll": 0.5611938009815499, "mse": 0.1907220688199905, "rmse": 0.4367173786557967, "f1": 0.7993531993905942}, "metrics_test": {"acc": 0.7049655177338644, "auc": 0.7288590086115977, "nll": 0.5640072494682031, "mse": 0.19190220933573332, "rmse": 0.4380664439736663, "f1": 0.7993531993905942}}