{"time": "2021-07-02T22:29:46.633315", "features": ["i", "s", "scA", "scW", "tcA", "tcW", "vw"], "seed": 888, "split_id": 4, "metrics_train": {"acc": 0.7077796524781111, "auc": 0.7319228330355081, "nll": 0.5605643829574106, "mse": 0.1905009679193859, "rmse": 0.43646416567615937, "f1": 0.7998538444138988}, "metrics_test": {"acc": 0.705914465234771, "auc": 0.729285103348994, "nll": 0.5634021627902639, "mse": 0.1916220136385744, "rmse": 0.4377465175630463, "f1": 0.7998538444138988}}