{"time": "2021-07-02T20:15:41.728508", "features": ["i", "month", "s", "scA", "scW", "tcA", "tcW"], "seed": 888, "split_id": 4, "metrics_train": {"acc": 0.7076000580803198, "auc": 0.7310138677150809, "nll": 0.5611662066719766, "mse": 0.19071352970525443, "rmse": 0.43670760206945614, "f1": 0.7999156494075209}, "metrics_test": {"acc": 0.7057697918327203, "auc": 0.7283534264456148, "nll": 0.5640043237499767, "mse": 0.1918444110734369, "rmse": 0.43800046926166286, "f1": 0.7999156494075209}}