{"time": "2021-07-02T17:34:56.393169", "features": ["i", "s", "scA", "scW", "tcA", "tcW", "vw"], "seed": 888, "split_id": 3, "metrics_train": {"acc": 0.7071989948275325, "auc": 0.7317393437856322, "nll": 0.5613174158071328, "mse": 0.190803102886654, "rmse": 0.4368101451278965, "f1": 0.8024744249126903}, "metrics_test": {"acc": 0.7083367147657178, "auc": 0.730028330557643, "nll": 0.5604280660760852, "mse": 0.19040807624452827, "rmse": 0.4363577388388205, "f1": 0.8024744249126903}}