{"time": "2021-07-02T01:39:30.370078", "features": ["i", "lag_time_cat", "s", "scA", "scW", "tcA", "tcW"], "seed": 888, "split_id": 0, "metrics_train": {"acc": 0.7079876723344399, "auc": 0.7314125379714292, "nll": 0.5608023243255499, "mse": 0.19056364049627328, "rmse": 0.4365359555595315, "f1": 0.7994671732879015}, "metrics_test": {"acc": 0.7052178342554193, "auc": 0.7295975112664287, "nll": 0.5635804682396897, "mse": 0.19172787200325314, "rmse": 0.4378674137261794, "f1": 0.7994671732879015}}