{"time": "2021-07-03T01:45:17.619022", "features": ["bundle", "i", "s", "scA", "scW", "tcA", "tcW"], "seed": 888, "split_id": 0, "metrics_train": {"acc": 0.7077187506138267, "auc": 0.7307479726671293, "nll": 0.5611922553747308, "mse": 0.19072316908924114, "rmse": 0.43671863835797203, "f1": 0.7993171443519196}, "metrics_test": {"acc": 0.7049631373893214, "auc": 0.7288406861736653, "nll": 0.564016775826831, "mse": 0.1919059626074021, "rmse": 0.43807072785955703, "f1": 0.7993171443519196}}