{"time": "2021-07-02T15:31:49.240152", "features": ["i", "month", "s", "scA", "scW", "tcA", "tcW"], "seed": 888, "split_id": 3, "metrics_train": {"acc": 0.7069876753669011, "auc": 0.7308004119752133, "nll": 0.5619342269760923, "mse": 0.1910197102754704, "rmse": 0.4370580170589145, "f1": 0.8025363889840912}, "metrics_test": {"acc": 0.7081878344333936, "auc": 0.7291332900252369, "nll": 0.5610473473639973, "mse": 0.1906237031392517, "rmse": 0.43660474475118993, "f1": 0.8025363889840912}}