{"time": "2021-07-01T22:15:35.703084", "features": ["i", "s", "scA", "scW", "sm", "tcA", "tcW"], "seed": 888, "split_id": 1, "metrics_train": {"acc": 0.7146542969245154, "auc": 0.740188573819916, "nll": 0.5550265457196539, "mse": 0.1878571568856733, "rmse": 0.43342491493414786, "f1": 0.8034766364037595}, "metrics_test": {"acc": 0.7137221221304026, "auc": 0.7384465868802248, "nll": 0.5569065393261021, "mse": 0.1885612932186101, "rmse": 0.4342364485146429, "f1": 0.8034766364037595}}