{"time": "2021-07-02T13:29:10.003202", "features": ["i", "s", "scA", "scW", "smA", "smW", "tcA", "tcW"], "seed": 888, "split_id": 2, "metrics_train": {"acc": 0.7075124353975036, "auc": 0.7307746379282046, "nll": 0.5616598531008101, "mse": 0.19088779505840614, "rmse": 0.4369070782882856, "f1": 0.8026388061939286}, "metrics_test": {"acc": 0.7096136375619609, "auc": 0.7323630541962581, "nll": 0.5596349343101733, "mse": 0.18999116738259683, "rmse": 0.43587976252929755, "f1": 0.8026388061939286}}