{"time": "2021-07-02T16:04:20.350228", "features": ["i", "prev_lag_time_cat", "s", "scA", "scW", "tcA", "tcW"], "seed": 888, "split_id": 3, "metrics_train": {"acc": 0.7077443572430442, "auc": 0.7323368292448246, "nll": 0.5609560106826987, "mse": 0.19062788484288504, "rmse": 0.4366095336142868, "f1": 0.8027199803264402}, "metrics_test": {"acc": 0.7086750526189802, "auc": 0.7304901922075993, "nll": 0.5602104137778158, "mse": 0.19028942442412752, "rmse": 0.4362217606036264, "f1": 0.8027199803264402}}