{"time": "2021-07-02T06:31:39.475967", "features": ["i", "s", "scA", "scW", "tcA", "tcW", "week"], "seed": 888, "split_id": 1, "metrics_train": {"acc": 0.7073774794537708, "auc": 0.7307858565936227, "nll": 0.5613946979179835, "mse": 0.19081755370302175, "rmse": 0.436826686115926, "f1": 0.8002683943864982}, "metrics_test": {"acc": 0.7066849102762331, "auc": 0.7292864123705173, "nll": 0.5630385778846544, "mse": 0.19142507122323804, "rmse": 0.43752150944066515, "f1": 0.8002683943864982}}