{"time": "2021-07-02T12:01:58.604621", "features": ["i", "partcA", "partcW", "s", "scA", "scW", "tcA", "tcW"], "seed": 888, "split_id": 4, "metrics_train": {"acc": 0.7080777552524632, "auc": 0.7320101324506232, "nll": 0.5604773569923523, "mse": 0.1904490766772557, "rmse": 0.43640471660748087, "f1": 0.8001237198432882}, "metrics_test": {"acc": 0.7061150830292986, "auc": 0.7293956928247212, "nll": 0.5633108629558581, "mse": 0.1915801713353291, "rmse": 0.4376987221084031, "f1": 0.8001237198432882}}