{"time": "2021-07-02T01:47:25.012120", "features": ["bundle", "i", "s", "scA", "scW", "tcA", "tcW"], "seed": 888, "split_id": 2, "metrics_train": {"acc": 0.7067895591171147, "auc": 0.7300496074251377, "nll": 0.562153081906747, "mse": 0.19112481979487572, "rmse": 0.4371782471657021, "f1": 0.802134492985863}, "metrics_test": {"acc": 0.7087506234731348, "auc": 0.7316444757548475, "nll": 0.5602821695957079, "mse": 0.19028760573097908, "rmse": 0.4362196760016438, "f1": 0.802134492985863}}