{"time": "2021-07-02T16:53:18.137031", "features": ["i", "s", "scA", "scW", "tcA", "tcW", "weekend"], "seed": 888, "split_id": 3, "metrics_train": {"acc": 0.7069667317626032, "auc": 0.7307420104696544, "nll": 0.561955688046971, "mse": 0.19103414389084733, "rmse": 0.43707452898887544, "f1": 0.8025320611397238}, "metrics_test": {"acc": 0.7081744060112624, "auc": 0.7290588718788024, "nll": 0.5610816211151289, "mse": 0.19064204411047125, "rmse": 0.4366257483365717, "f1": 0.8025320611397238}}