{"time": "2021-07-01T22:25:27.608742", "features": ["at", "i", "s", "scA", "scW", "tcA", "tcW"], "seed": 888, "split_id": 1, "metrics_train": {"acc": 0.7072763700841534, "auc": 0.7307125330536887, "nll": 0.5614409716851819, "mse": 0.19083890275898088, "rmse": 0.4368511219614537, "f1": 0.8002352985039074}, "metrics_test": {"acc": 0.7066852144039766, "auc": 0.7292342382122335, "nll": 0.5630680918985026, "mse": 0.1914389806133836, "rmse": 0.43753740481630093, "f1": 0.8002352985039074}}