{"time": "2021-07-02T03:05:46.738411", "features": ["i", "part_of_day", "s", "scA", "scW", "tcA", "tcW"], "seed": 888, "split_id": 0, "metrics_train": {"acc": 0.7077198751819364, "auc": 0.7307653583010157, "nll": 0.5611921453588363, "mse": 0.1907207243782831, "rmse": 0.4367158393947752, "f1": 0.7993330109013056}, "metrics_test": {"acc": 0.7049509381235387, "auc": 0.7288676691417584, "nll": 0.5640038458643013, "mse": 0.19190025146285974, "rmse": 0.43806420929226775, "f1": 0.7993330109013056}}