{"time": "2021-07-02T03:28:55.818177", "features": ["i", "rc", "s", "scA", "scW", "tcA", "tcW"], "seed": 888, "split_id": 0, "metrics_train": {"acc": 0.7077218244333264, "auc": 0.7308562554018663, "nll": 0.5611461053703887, "mse": 0.19070307238601147, "rmse": 0.43669562899806025, "f1": 0.7993225147491656}, "metrics_test": {"acc": 0.7049238617043624, "auc": 0.7289634054428379, "nll": 0.5639498937057131, "mse": 0.1918808796066717, "rmse": 0.4380420979845107, "f1": 0.7993225147491656}}