{"time": "2021-07-02T22:06:07.601530", "features": ["hour", "i", "s", "scA", "scW", "tcA", "tcW"], "seed": 888, "split_id": 4, "metrics_train": {"acc": 0.7075768050171587, "auc": 0.7309555157068229, "nll": 0.5611878529423782, "mse": 0.19072935406715608, "rmse": 0.43672571949354677, "f1": 0.7999228587894556}, "metrics_test": {"acc": 0.705743323518, "auc": 0.7283512506533945, "nll": 0.5639949782112044, "mse": 0.1918448585501699, "rmse": 0.43800098007900606, "f1": 0.7999228587894556}}