{"time": "2021-07-02T02:01:10.450644", "features": ["i", "prev_lag_time_cat", "s", "scA", "scW", "tcA", "tcW"], "seed": 888, "split_id": 0, "metrics_train": {"acc": 0.7084159078705823, "auc": 0.7322722460258624, "nll": 0.5602588144288818, "mse": 0.19033786245912654, "rmse": 0.4362772770373522, "f1": 0.7997496247611473}, "metrics_test": {"acc": 0.7057673963017776, "auc": 0.7305760602692354, "nll": 0.5629661774108743, "mse": 0.19147343524963986, "rmse": 0.437576776405741, "f1": 0.7997496247611473}}