{"time": "2021-07-02T10:48:39.324303", "features": ["i", "prev_lag_time_cat", "s", "scA", "scW", "tcA", "tcW"], "seed": 888, "split_id": 2, "metrics_train": {"acc": 0.7075288542269157, "auc": 0.7316247278804903, "nll": 0.5612135038816984, "mse": 0.19073447785936368, "rmse": 0.4367315855984814, "f1": 0.802536018448564}, "metrics_test": {"acc": 0.7094933367918542, "auc": 0.7332146480680386, "nll": 0.5592651086494007, "mse": 0.18986913958502755, "rmse": 0.43573976130831527, "f1": 0.802536018448564}}