{"time": "2021-07-02T11:29:04.058163", "features": ["day", "i", "s", "scA", "scW", "tcA", "tcW"], "seed": 888, "split_id": 2, "metrics_train": {"acc": 0.7067986641043342, "auc": 0.7300691820219611, "nll": 0.5621312504777338, "mse": 0.19111954636176115, "rmse": 0.4371722159078287, "f1": 0.8021263500676191}, "metrics_test": {"acc": 0.7087060788554882, "auc": 0.7316541913360962, "nll": 0.5602698443613082, "mse": 0.19028486347482576, "rmse": 0.43621653278483813, "f1": 0.8021263500676191}}