{"time": "2021-07-02T22:36:29.411245", "features": ["i", "s", "scA", "scW", "tcA", "tcW", "vs"], "seed": 888, "split_id": 4, "metrics_train": {"acc": 0.707657181360883, "auc": 0.7315037865441245, "nll": 0.5608472528592084, "mse": 0.19059978602414324, "rmse": 0.4365773539982843, "f1": 0.7999291791950581}, "metrics_test": {"acc": 0.7060031942443447, "auc": 0.7290339230167834, "nll": 0.5635434687990226, "mse": 0.1916704147990542, "rmse": 0.4378017985333708, "f1": 0.7999291791950581}}