{"time": "2021-07-02T18:20:51.328122", "features": ["i", "s", "scA", "scW", "sm", "tcA", "tcW"], "seed": 888, "split_id": 0, "metrics_train": {"acc": 0.7148784259405175, "auc": 0.7401349123050007, "nll": 0.5548677177898843, "mse": 0.1877772917335504, "rmse": 0.4333327725127081, "f1": 0.8028831091268674}, "metrics_test": {"acc": 0.7124573546397973, "auc": 0.7384919560370883, "nll": 0.5575085539934745, "mse": 0.18888081284768896, "rmse": 0.4346042025195902, "f1": 0.8028831091268674}}