{"time": "2021-07-01T23:47:14.895028", "features": ["i", "icA", "icW", "s", "scA", "scW", "tcA", "tcW"], "seed": 888, "split_id": 1, "metrics_train": {"acc": 0.7128242620731, "auc": 0.7367307481003678, "nll": 0.5572462568843479, "mse": 0.18882742263224403, "rmse": 0.4345427742262481, "f1": 0.803075441975538}, "metrics_test": {"acc": 0.7124669869334557, "auc": 0.7361105740601619, "nll": 0.558202148251552, "mse": 0.1891677088955752, "rmse": 0.4349341431706359, "f1": 0.803075441975538}}