{"time": "2021-12-14T15:29:55.380036", "features": ["i", "rpfa_R", "s", "scA", "scW", "tcA", "tcW"], "seed": 888, "split_id": 1, "metrics_train": {"acc": 0.7082377397262571, "auc": 0.7320626886036818, "nll": 0.5600304345561716, "mse": 0.19029198395562485, "rmse": 0.43622469434412453, "f1": 0.7991477085026352}, "metrics_test": {"acc": 0.7064413607428259, "auc": 0.7316408451171036, "nll": 0.5625233175946953, "mse": 0.1913045043465366, "rmse": 0.4373837037962624, "f1": 0.7991477085026352}}