{"time": "2021-07-02T20:27:18.545181", "features": ["i", "lag_time_cat", "s", "scA", "scW", "tcA", "tcW"], "seed": 888, "split_id": 4, "metrics_train": {"acc": 0.70780484952726, "auc": 0.7316191314949555, "nll": 0.5607974541111119, "mse": 0.1905714799111279, "rmse": 0.4365449345842051, "f1": 0.8000403455890219}, "metrics_test": {"acc": 0.7060341742036196, "auc": 0.7290158122534743, "nll": 0.5636057452728317, "mse": 0.19168736119369237, "rmse": 0.4378211520629084, "f1": 0.8000403455890219}}