{"time": "2021-07-02T08:08:30.183386", "features": ["i", "s", "scA", "scW", "tcA", "tcW", "vw"], "seed": 888, "split_id": 1, "metrics_train": {"acc": 0.7075143797506863, "auc": 0.7317189375857162, "nll": 0.5607940190598387, "mse": 0.19060207064899315, "rmse": 0.43657997050826, "f1": 0.8001236105215683}, "metrics_test": {"acc": 0.7067083281124737, "auc": 0.7301192128593045, "nll": 0.5625028501267189, "mse": 0.1912338470698314, "rmse": 0.43730292369229756, "f1": 0.8001236105215683}}