{"time": "2021-07-02T01:02:20.852779", "features": ["i", "resp_time_cat", "s", "scA", "scW", "tcA", "tcW"], "seed": 888, "split_id": 0, "metrics_train": {"acc": 0.7109897443886676, "auc": 0.7428054134242559, "nll": 0.5534634615761678, "mse": 0.18773324000474043, "rmse": 0.4332819405476536, "f1": 0.7996747999398021}, "metrics_test": {"acc": 0.7084982465787011, "auc": 0.7407654150071052, "nll": 0.5562793230651724, "mse": 0.18892524225277219, "rmse": 0.43465531430407267, "f1": 0.7996747999398021}}