{"time": "2021-07-02T16:19:46.885373", "features": ["i", "icA_TW", "icW_TW", "s", "scA", "scA_TW", "scW", "scW_TW", "tcA", "tcA_TW", "tcW", "tcW_TW"], "seed": 888, "split_id": 4, "metrics_train": {"acc": 0.7158826346871999, "auc": 0.7441975629052604, "nll": 0.5520847804306134, "mse": 0.18671536774088285, "rmse": 0.4321057367599774, "f1": 0.8036468176285438}, "metrics_test": {"acc": 0.7141217482321873, "auc": 0.7412532133280507, "nll": 0.5553381342605996, "mse": 0.1879653440617213, "rmse": 0.43354970195090814, "f1": 0.8036468176285438}}