{"time": "2021-12-14T16:56:06.877500", "features": ["i", "rpfa_F", "rpfa_R", "s", "scA", "scW", "tcA", "tcW"], "seed": 888, "split_id": 4, "metrics_train": {"acc": 0.7080373187369502, "auc": 0.733539410928134, "nll": 0.5597690413411497, "mse": 0.1902453059018165, "rmse": 0.43617118875713984, "f1": 0.8032865413304014}, "metrics_test": {"acc": 0.7100528416801982, "auc": 0.7334564157256809, "nll": 0.5571382062415087, "mse": 0.18915559953850594, "rmse": 0.4349202220390608, "f1": 0.8032865413304014}}