{"time": "2021-12-14T15:16:09.074342", "features": ["i", "rpfa_R", "s", "scA", "scW", "tcA", "tcW"], "seed": 888, "split_id": 0, "metrics_train": {"acc": 0.7082456007116731, "auc": 0.7327141548719934, "nll": 0.5599240223696255, "mse": 0.19025576382457368, "rmse": 0.43618317691604486, "f1": 0.8003574779707079}, "metrics_test": {"acc": 0.7064932850551021, "auc": 0.7294321215935381, "nll": 0.5628209656454417, "mse": 0.19138671835223622, "rmse": 0.43747767754736494, "f1": 0.8003574779707079}}