{"time": "2021-07-02T22:12:02.916471", "features": ["i", "s", "scA", "scW", "tcA", "tcW", "weekend"], "seed": 888, "split_id": 4, "metrics_train": {"acc": 0.7075671598559118, "auc": 0.7309428881417933, "nll": 0.5612031046783188, "mse": 0.19073271917223583, "rmse": 0.4367295721292936, "f1": 0.7999214718305754}, "metrics_test": {"acc": 0.7057273823739071, "auc": 0.7283344980392894, "nll": 0.5640091118046822, "mse": 0.1918491200339578, "rmse": 0.43800584474862636, "f1": 0.7999214718305754}}