{"time": "2021-07-02T08:56:36.959254", "features": ["i", "s", "scA", "scW", "tcA", "tcW", "vs"], "seed": 888, "split_id": 1, "metrics_train": {"acc": 0.7074799309831619, "auc": 0.7313508195851918, "nll": 0.5610133872342645, "mse": 0.19068249393534603, "rmse": 0.4366720668136972, "f1": 0.8001443541034332}, "metrics_test": {"acc": 0.7066058370629532, "auc": 0.7296231970265739, "nll": 0.5628150480154743, "mse": 0.19135305747120857, "rmse": 0.4374392043143922, "f1": 0.8001443541034332}}