{"time": "2021-07-02T18:24:08.596066", "features": ["i", "s", "scA", "scW", "tcA", "tcA_TW", "tcW", "tcW_TW"], "seed": 888, "split_id": 0, "metrics_train": {"acc": 0.7084037625349985, "auc": 0.7320281566550977, "nll": 0.5602226837358744, "mse": 0.1903324109301853, "rmse": 0.4362710292125588, "f1": 0.799519411041513}, "metrics_test": {"acc": 0.7055332299073629, "auc": 0.7301514168021411, "nll": 0.5630803649499109, "mse": 0.1915288716562699, "rmse": 0.43764011659841, "f1": 0.799519411041513}}