{"time": "2021-07-02T03:18:19.583180", "features": ["i", "part", "s", "scA", "scW", "tcA", "tcW"], "seed": 888, "split_id": 2, "metrics_train": {"acc": 0.7067991118905909, "auc": 0.730059891946347, "nll": 0.5621368522333761, "mse": 0.19112250359146202, "rmse": 0.43717559811986534, "f1": 0.8021744768617055}, "metrics_test": {"acc": 0.7087715321712138, "auc": 0.7316518132822322, "nll": 0.560271520034302, "mse": 0.1902860822118859, "rmse": 0.4362179297230753, "f1": 0.8021744768617055}}