{"time": "2021-07-02T06:30:35.605550", "features": ["i", "lag_time_cat", "s", "scA", "scW", "tcA", "tcW"], "seed": 888, "split_id": 1, "metrics_train": {"acc": 0.7076017692648394, "auc": 0.7313925705062152, "nll": 0.5610289800696765, "mse": 0.19067383525124057, "rmse": 0.43666215229996813, "f1": 0.8002918852663826}, "metrics_test": {"acc": 0.7068506598963776, "auc": 0.7298957209643124, "nll": 0.5626842885709756, "mse": 0.19128418131867517, "rmse": 0.4373604706859951, "f1": 0.8002918852663826}}