{"time": "2021-07-02T09:57:40.602847", "features": ["i", "s", "scA", "scW", "tcA", "tcW", "user_avg_correct"], "seed": 888, "split_id": 1, "metrics_train": {"acc": 0.7085490358073315, "auc": 0.7334441066627053, "nll": 0.5594150733679782, "mse": 0.19004519263010547, "rmse": 0.4359417307738564, "f1": 0.800501460412064}, "metrics_test": {"acc": 0.7078752662638393, "auc": 0.7319192782936499, "nll": 0.5611035210149191, "mse": 0.19066112446116248, "rmse": 0.4366475975671485, "f1": 0.800501460412064}}