{"time": "2021-12-14T16:29:30.423539", "features": ["i", "ppe", "s", "scA", "scW", "tcA", "tcW"], "seed": 888, "split_id": 4, "metrics_train": {"acc": 0.7074014982860787, "auc": 0.7318313733541596, "nll": 0.5612729370755082, "mse": 0.19077787177410369, "rmse": 0.4367812630758143, "f1": 0.8032315388694956}, "metrics_test": {"acc": 0.7092935750902086, "auc": 0.7314852753268603, "nll": 0.5588218742142691, "mse": 0.18974581424927017, "rmse": 0.4355982257186893, "f1": 0.8032315388694956}}