{"time": "2021-07-02T18:06:34.381440", "features": ["i", "rt", "s", "scA", "scW", "tcA", "tcW"], "seed": 888, "split_id": 3, "metrics_train": {"acc": 0.7070312953197373, "auc": 0.7308736182611953, "nll": 0.561882442062477, "mse": 0.19099931247434723, "rmse": 0.4370346810887521, "f1": 0.8026289644329356}, "metrics_test": {"acc": 0.7082949698882229, "auc": 0.7292760194972333, "nll": 0.5609490002997273, "mse": 0.19058346259557193, "rmse": 0.4365586588255603, "f1": 0.8026289644329356}}