{"time": "2021-07-02T01:15:33.725796", "features": ["day", "i", "s", "scA", "scW", "tcA", "tcW"], "seed": 888, "split_id": 0, "metrics_train": {"acc": 0.7077206248940094, "auc": 0.7307623541540003, "nll": 0.5611920097800802, "mse": 0.19072060889728398, "rmse": 0.4367157071794922, "f1": 0.7993317405241376}, "metrics_test": {"acc": 0.7049381437716202, "auc": 0.7288615326112395, "nll": 0.5640065612297133, "mse": 0.19190160972308234, "rmse": 0.4380657595876244, "f1": 0.7993317405241376}}