{"time": "2021-07-02T02:56:40.788699", "features": ["i", "s", "scA", "scW", "tcA", "tcW", "vw"], "seed": 888, "split_id": 0, "metrics_train": {"acc": 0.7079255961747891, "auc": 0.7317124945863156, "nll": 0.5606074189958755, "mse": 0.19050046907717522, "rmse": 0.4364635942174046, "f1": 0.799248611564848}, "metrics_test": {"acc": 0.7052615730863964, "auc": 0.7299292848050047, "nll": 0.563313598449363, "mse": 0.19164177419469317, "rmse": 0.43776908775596884, "f1": 0.799248611564848}}