{"time": "2021-12-14T16:18:05.509131", "features": ["i", "rpfa_R", "s", "scA", "scW", "tcA", "tcW"], "seed": 888, "split_id": 2, "metrics_train": {"acc": 0.7085301629880056, "auc": 0.7326132320634787, "nll": 0.5596789329436763, "mse": 0.19014495306914095, "rmse": 0.4360561352270381, "f1": 0.798634303121839}, "metrics_test": {"acc": 0.7053646340777288, "auc": 0.7298035210734456, "nll": 0.5639623237574583, "mse": 0.19187200757062542, "rmse": 0.438031970945758, "f1": 0.798634303121839}}