{"time": "2021-07-02T07:32:01.897841", "features": ["i", "s", "scA", "scW", "tcA", "tcW", "weekend"], "seed": 888, "split_id": 1, "metrics_train": {"acc": 0.7073089547408812, "auc": 0.7307098573598282, "nll": 0.5614555445610162, "mse": 0.1908399776013238, "rmse": 0.4368523521755649, "f1": 0.8002696618043316}, "metrics_test": {"acc": 0.7067138024118547, "auc": 0.7292303673070172, "nll": 0.5630780106168253, "mse": 0.1914388608560769, "rmse": 0.4375372679624867, "f1": 0.8002696618043316}}