{"time": "2021-07-02T01:37:02.734028", "features": ["i", "s", "scA", "scW", "tcA", "tcW", "week"], "seed": 888, "split_id": 0, "metrics_train": {"acc": 0.7077364438187514, "auc": 0.7308319607053512, "nll": 0.5611442223622422, "mse": 0.19070008336598196, "rmse": 0.43669220666961983, "f1": 0.7993540089592805}, "metrics_test": {"acc": 0.7050036032465519, "auc": 0.7289026406315946, "nll": 0.563980981008575, "mse": 0.1918892007421195, "rmse": 0.4380515959817057, "f1": 0.7993540089592805}}