{"time": "2021-07-02T23:33:28.466016", "features": ["i", "rt", "s", "scA", "scW", "tcA", "tcW"], "seed": 888, "split_id": 4, "metrics_train": {"acc": 0.7076636862370727, "auc": 0.7310850947616517, "nll": 0.5610978289156767, "mse": 0.19069225228747128, "rmse": 0.43668324021820587, "f1": 0.7999369962770527}, "metrics_test": {"acc": 0.7058323533038773, "auc": 0.7285037927867674, "nll": 0.5638858277399732, "mse": 0.1917998132670941, "rmse": 0.4379495556192449, "f1": 0.7999369962770527}}