{"time": "2021-07-02T12:43:09.463330", "features": ["i", "s", "scA", "scW", "tcA", "tcA_TW", "tcW", "tcW_TW"], "seed": 888, "split_id": 4, "metrics_train": {"acc": 0.7082127127412281, "auc": 0.7322755362537721, "nll": 0.5601839569654676, "mse": 0.19032877150560512, "rmse": 0.4362668581334194, "f1": 0.8001595333343019}, "metrics_test": {"acc": 0.7062705843782804, "auc": 0.7293913934145707, "nll": 0.563238311009933, "mse": 0.1915393536868778, "rmse": 0.4376520920627226, "f1": 0.8001595333343019}}