{"time": "2021-07-02T13:17:43.928720", "features": ["i", "icA_TW", "icW_TW", "s", "scA", "scA_TW", "scW", "scW_TW", "tcA", "tcA_TW", "tcW", "tcW_TW"], "seed": 888, "split_id": 2, "metrics_train": {"acc": 0.7155549004608467, "auc": 0.7437556960465723, "nll": 0.552772571954286, "mse": 0.18696506794763343, "rmse": 0.43239457437349216, "f1": 0.8054276271373046}, "metrics_test": {"acc": 0.7161719991927424, "auc": 0.7424642029972504, "nll": 0.5532312872269544, "mse": 0.18697696901144356, "rmse": 0.4324083359643331, "f1": 0.8054276271373046}}