{"time": "2021-07-02T09:10:24.230432", "features": ["i", "rt", "s", "scA", "scW", "tcA", "tcW"], "seed": 888, "split_id": 1, "metrics_train": {"acc": 0.7073791944357039, "auc": 0.730846730364979, "nll": 0.5613430970145159, "mse": 0.1908002979819092, "rmse": 0.436806934448057, "f1": 0.800300214139771}, "metrics_test": {"acc": 0.7068223760162429, "auc": 0.7294395700813009, "nll": 0.5629137072305659, "mse": 0.19137623569107046, "rmse": 0.4374656965878244, "f1": 0.800300214139771}}