{"time": "2021-07-02T10:36:48.243046", "features": ["at", "i", "s", "scA", "scW", "tcA", "tcW"], "seed": 888, "split_id": 4, "metrics_train": {"acc": 0.7075576642320486, "auc": 0.7309398676214509, "nll": 0.5611967610269962, "mse": 0.1907332214715432, "rmse": 0.43673014719795017, "f1": 0.7999070689751082}, "metrics_test": {"acc": 0.7057252769397816, "auc": 0.7283519303362835, "nll": 0.5639917237728325, "mse": 0.19184449606627377, "rmse": 0.43800056628533457, "f1": 0.7999070689751082}}