{"time": "2021-07-02T20:41:06.708102", "features": ["i", "prev_lag_time_cat", "s", "scA", "scW", "tcA", "tcW"], "seed": 888, "split_id": 4, "metrics_train": {"acc": 0.7082825466994034, "auc": 0.732509846284899, "nll": 0.5602395835368356, "mse": 0.19033706901164577, "rmse": 0.4362763676978685, "f1": 0.8002136679979984}, "metrics_test": {"acc": 0.706390293347129, "auc": 0.7298547400980301, "nll": 0.5630808234244933, "mse": 0.1914692896137758, "rmse": 0.43757203934183886, "f1": 0.8002136679979984}}