{"time": "2021-07-02T13:14:42.123621", "features": ["i", "rt", "s", "scA", "scW", "tcA", "tcW"], "seed": 888, "split_id": 2, "metrics_train": {"acc": 0.7069154616862884, "auc": 0.7302409235601195, "nll": 0.5620150265278434, "mse": 0.1910689831801664, "rmse": 0.4371143822618588, "f1": 0.8020670630088541}, "metrics_test": {"acc": 0.7086994123140716, "auc": 0.731617681757747, "nll": 0.5603140375183202, "mse": 0.19029581713103114, "rmse": 0.4362290879011063, "f1": 0.8020670630088541}}