{"time": "2021-07-02T13:49:08.112241", "features": ["i", "s", "scA", "scW", "tcA", "tcW", "vt"], "seed": 888, "split_id": 2, "metrics_train": {"acc": 0.7068446368266881, "auc": 0.7304630614444371, "nll": 0.5619106055666685, "mse": 0.1910355125899847, "rmse": 0.4370760947363567, "f1": 0.8021169319144696}, "metrics_test": {"acc": 0.7087218361351999, "auc": 0.7321363857276803, "nll": 0.5600238411056677, "mse": 0.1901950623426017, "rmse": 0.436113588807551, "f1": 0.8021169319144696}}