{"time": "2021-07-02T15:48:08.395135", "features": ["i", "s", "scA", "scW", "tcA", "tcW", "week"], "seed": 888, "split_id": 3, "metrics_train": {"acc": 0.7070000305867027, "auc": 0.7308129161343199, "nll": 0.5619011670272861, "mse": 0.19101327922902955, "rmse": 0.4370506597970418, "f1": 0.802531113946551}, "metrics_test": {"acc": 0.7081913375000365, "auc": 0.7291323882503027, "nll": 0.5610306961759487, "mse": 0.19062267259119803, "rmse": 0.4366035645653824, "f1": 0.802531113946551}}