{"time": "2021-07-01T23:26:15.306135", "features": ["bundle", "i", "s", "scA", "scW", "tcA", "tcW"], "seed": 888, "split_id": 1, "metrics_train": {"acc": 0.7073126829624747, "auc": 0.7307005917245302, "nll": 0.5614376462094316, "mse": 0.19083948917306984, "rmse": 0.43685179314393324, "f1": 0.8002260532596561}, "metrics_test": {"acc": 0.7067159313060584, "auc": 0.7292211900156408, "nll": 0.5630710947309367, "mse": 0.1914399064020097, "rmse": 0.43753846276871444, "f1": 0.8002260532596561}}