{"time": "2021-12-14T15:01:50.571102", "features": ["i", "rpfa_F", "s", "scA", "scW", "tcA", "tcW"], "seed": 888, "split_id": 1, "metrics_train": {"acc": 0.7084450201820803, "auc": 0.7324786372684009, "nll": 0.5595365075665714, "mse": 0.19013004349631682, "rmse": 0.4360390389590327, "f1": 0.7990996262698014}, "metrics_test": {"acc": 0.7066357125384629, "auc": 0.7318039834845802, "nll": 0.562185392469263, "mse": 0.1911836055330094, "rmse": 0.4372454751429789, "f1": 0.7990996262698014}}