{"time": "2021-07-02T12:56:28.629731", "features": ["i", "icA_TW", "icW_TW", "s", "scA", "scW", "tcA", "tcW"], "seed": 888, "split_id": 4, "metrics_train": {"acc": 0.7148844726511827, "auc": 0.7422485554049323, "nll": 0.5536436309714837, "mse": 0.18731232395241915, "rmse": 0.43279593800360366, "f1": 0.8033547723094897}, "metrics_test": {"acc": 0.7133496554607441, "auc": 0.7398493423035724, "nll": 0.5564388661076475, "mse": 0.1883773444555337, "rmse": 0.4340245896899549, "f1": 0.8033547723094897}}