{"time": "2021-07-02T05:08:33.268326", "features": ["i", "s", "scA", "scW", "tcA", "tcW", "user_avg_correct"], "seed": 888, "split_id": 0, "metrics_train": {"acc": 0.7089221134623248, "auc": 0.7333912674489564, "nll": 0.5592572765648818, "mse": 0.1899586353718829, "rmse": 0.43584244328872207, "f1": 0.7997652755596728}, "metrics_test": {"acc": 0.706479119320126, "auc": 0.731986238278737, "nll": 0.561734252464234, "mse": 0.19099833044293887, "rmse": 0.4370335575707418, "f1": 0.7997652755596728}}