{"time": "2021-07-02T09:01:38.826520", "features": ["i", "rc", "s", "scA", "scW", "tcA", "tcW"], "seed": 888, "split_id": 1, "metrics_train": {"acc": 0.7072944146766662, "auc": 0.7308140266899024, "nll": 0.5613933442909879, "mse": 0.19081924209519838, "rmse": 0.4368286186769342, "f1": 0.8002768909176547}, "metrics_test": {"acc": 0.7067472564636269, "auc": 0.7293308414557214, "nll": 0.5630201458535921, "mse": 0.19141823262812882, "rmse": 0.4375136942178254, "f1": 0.8002768909176547}}