{"time": "2021-07-02T07:32:11.078988", "features": ["i", "s", "scA", "scW", "tcA", "tcW", "week"], "seed": 888, "split_id": 2, "metrics_train": {"acc": 0.7586044147952434, "auc": 0.7875373758452036, "nll": 0.5012022511529769, "mse": 0.16527536986272492, "rmse": 0.40654073579744127, "f1": 0.8357459330833825}, "metrics_test": {"acc": 0.7567366843062264, "auc": 0.784648347052098, "nll": 0.5043579850526592, "mse": 0.1664682399530251, "rmse": 0.40800519598777796, "f1": 0.8357459330833825}}