{"time": "2021-07-02T18:00:17.762815", "features": ["i", "lag_time_cat", "s", "scA", "scW", "tcA", "tcW"], "seed": 888, "split_id": 3, "metrics_train": {"acc": 0.7595524440377568, "auc": 0.7886093360947654, "nll": 0.5000696380637264, "mse": 0.16480428748598752, "rmse": 0.4059609433011845, "f1": 0.8363250307945848}, "metrics_test": {"acc": 0.7575230141780088, "auc": 0.7851934659067997, "nll": 0.5033605531264079, "mse": 0.16607061326196332, "rmse": 0.4075176232532322, "f1": 0.8363250307945848}}