{"time": "2021-07-01T23:27:20.845350", "features": ["i", "month", "s", "scA", "scW", "tcA", "tcW"], "seed": 888, "split_id": 1, "metrics_train": {"acc": 0.7585295849152828, "auc": 0.7875743136428099, "nll": 0.5012327506771664, "mse": 0.16528865728604475, "rmse": 0.4065570775254623, "f1": 0.8359984020902881}, "metrics_test": {"acc": 0.7568988363173283, "auc": 0.7844487405841556, "nll": 0.5042879905016523, "mse": 0.1664029315665046, "rmse": 0.4079251543684265, "f1": 0.8359984020902881}}