{"time": "2021-07-02T19:51:33.004264", "features": ["i", "part_of_day", "s", "scA", "scW", "tcA", "tcW"], "seed": 888, "split_id": 3, "metrics_train": {"acc": 0.7586675549363313, "auc": 0.7877403110439293, "nll": 0.5010869778208462, "mse": 0.16523547129339478, "rmse": 0.4064916620219839, "f1": 0.8356868439047831}, "metrics_test": {"acc": 0.7565172069840376, "auc": 0.7842707001478986, "nll": 0.5044275147374415, "mse": 0.166515011809368, "rmse": 0.4080625096837101, "f1": 0.8356868439047831}}