{"time": "2021-07-02T18:45:41.712782", "features": ["i", "s", "scA", "scW", "tcA", "tcW", "week"], "seed": 888, "split_id": 3, "metrics_train": {"acc": 0.7587466601147794, "auc": 0.7878281064886611, "nll": 0.5009952642238683, "mse": 0.16519642221878275, "rmse": 0.4064436273565902, "f1": 0.8357407084129835}, "metrics_test": {"acc": 0.7566051429033573, "auc": 0.7843421312849893, "nll": 0.504354505699405, "mse": 0.16648279056591023, "rmse": 0.4080230270044942, "f1": 0.8357407084129835}}