{"time": "2021-12-14T12:50:27.943213", "features": ["i", "rpfa_R", "s", "scA", "scW", "tcA", "tcW"], "seed": 888, "split_id": 2, "metrics_train": {"acc": 0.7587046446090309, "auc": 0.7877902652504932, "nll": 0.5010174300602106, "mse": 0.16520532408938915, "rmse": 0.406454578138061, "f1": 0.8357399730750009}, "metrics_test": {"acc": 0.756811123992061, "auc": 0.784997571577831, "nll": 0.5040880665280293, "mse": 0.16636699472888067, "rmse": 0.4078811036673318, "f1": 0.8357399730750009}}