{"time": "2021-07-03T13:24:01.778804", "features": ["i", "precA", "precW", "s", "scA", "scW", "tcA", "tcW"], "seed": 888, "split_id": 3, "metrics_train": {"acc": 0.7608799378218352, "auc": 0.7911348614659516, "nll": 0.49754891715513977, "mse": 0.1638974777550387, "rmse": 0.40484253451809965, "f1": 0.8370071997667221}, "metrics_test": {"acc": 0.7586593345369071, "auc": 0.7875714774938245, "nll": 0.5010790448896351, "mse": 0.16523012579067806, "rmse": 0.40648508679984563, "f1": 0.8370071997667221}}