{"time": "2021-07-02T17:40:39.606473", "features": ["i", "s", "scA", "scA_TW", "scW", "scW_TW", "tcA", "tcW"], "seed": 888, "split_id": 3, "metrics_train": {"acc": 0.7595046179649568, "auc": 0.7896661832282414, "nll": 0.4993803292135703, "mse": 0.16461510391666992, "rmse": 0.40572786928761734, "f1": 0.8357279211716946}, "metrics_test": {"acc": 0.7568201686914751, "auc": 0.7852664523479777, "nll": 0.5036481244711833, "mse": 0.1662292565208117, "rmse": 0.40771222267772605, "f1": 0.8357279211716946}}