{"time": "2021-07-03T03:03:56.543132", "features": ["i", "prev_lag_time_cat", "s", "scA", "scW", "tcA", "tcW"], "seed": 888, "split_id": 4, "metrics_train": {"acc": 0.758854937089029, "auc": 0.7883401543069279, "nll": 0.50073974952257, "mse": 0.1651074377414394, "rmse": 0.4063341454289061, "f1": 0.8373186125834469}, "metrics_test": {"acc": 0.7583602194776881, "auc": 0.7850232445666397, "nll": 0.5023107357053614, "mse": 0.16562363934965724, "rmse": 0.4069688432173368, "f1": 0.8373186125834469}}