{"time": "2021-07-01T18:41:31.725876", "features": ["i", "prev_resp_time_cat", "s", "scA", "scW", "tcA", "tcW"], "seed": 888, "split_id": 0, "metrics_train": {"acc": 0.7603884838219126, "auc": 0.7898766264177813, "nll": 0.49834349933922834, "mse": 0.16418739024791357, "rmse": 0.40520043219117324, "f1": 0.8373006873028799}, "metrics_test": {"acc": 0.7587692266754107, "auc": 0.7869665463039675, "nll": 0.5011869242289123, "mse": 0.1652370977264883, "rmse": 0.4064936625908063, "f1": 0.8373006873028799}}