{"time": "2021-07-01T19:07:00.448074", "features": ["i", "prev_lag_time_cat", "s", "scA", "scW", "tcA", "tcW"], "seed": 888, "split_id": 0, "metrics_train": {"acc": 0.7591038461417426, "auc": 0.7882530272177847, "nll": 0.5004915855741412, "mse": 0.16501403856756391, "rmse": 0.40621920014637897, "f1": 0.8363988330079702}, "metrics_test": {"acc": 0.7575571918216832, "auc": 0.7855123161542115, "nll": 0.5031993556246124, "mse": 0.16602195864649216, "rmse": 0.40745792254721486, "f1": 0.8363988330079702}}