{"time": "2021-07-03T03:35:36.039030", "features": ["i", "s", "scA", "scW", "tcA", "tcW", "week"], "seed": 888, "split_id": 4, "metrics_train": {"acc": 0.7583978459943023, "auc": 0.7877998049514546, "nll": 0.5013358670338892, "mse": 0.16534068637862046, "rmse": 0.4066210599300293, "f1": 0.8370307741141269}, "metrics_test": {"acc": 0.7578720376869539, "auc": 0.7843226860150236, "nll": 0.5030632475344304, "mse": 0.16591075276927492, "rmse": 0.4073214366679894, "f1": 0.8370307741141269}}