{"time": "2021-07-02T15:13:15.446806", "features": ["i", "s", "scA", "scW", "sch", "tcA", "tcW"], "seed": 888, "split_id": 3, "metrics_train": {"acc": 0.7591964173574269, "auc": 0.7885491732344958, "nll": 0.5001864491872489, "mse": 0.16490634477482533, "rmse": 0.40608662225543124, "f1": 0.8357617143293761}, "metrics_test": {"acc": 0.7567155442035253, "auc": 0.7845331763812816, "nll": 0.504047778353202, "mse": 0.16639085579256988, "rmse": 0.40791035264206016, "f1": 0.8357617143293761}}