{"time": "2021-07-02T03:27:42.896251", "features": ["c", "i", "s", "scA", "scW", "tcA", "tcW"], "seed": 888, "split_id": 2, "metrics_train": {"acc": 0.758905904368169, "auc": 0.7880800710650784, "nll": 0.5007183347178122, "mse": 0.16509509629817845, "rmse": 0.4063189588219807, "f1": 0.8357498206382192}, "metrics_test": {"acc": 0.7568445896721478, "auc": 0.7849921260683829, "nll": 0.5040649156944492, "mse": 0.16635982487934017, "rmse": 0.4078723144310486, "f1": 0.8357498206382192}}