{"time": "2021-07-02T07:46:32.023664", "features": ["i", "part_of_day", "s", "scA", "scW", "tcA", "tcW"], "seed": 888, "split_id": 2, "metrics_train": {"acc": 0.7586197773212523, "auc": 0.7875753774818457, "nll": 0.5011686720993234, "mse": 0.16526876682181346, "rmse": 0.406532614708603, "f1": 0.835666646481545}, "metrics_test": {"acc": 0.7566538782003702, "auc": 0.784583117979987, "nll": 0.5044221009787583, "mse": 0.16649634953365464, "rmse": 0.4080396421104874, "f1": 0.835666646481545}}