{"time": "2021-07-01T18:57:23.136588", "features": ["i", "s", "scA", "scW", "tcA", "tcA_TW", "tcW", "tcW_TW"], "seed": 888, "split_id": 0, "metrics_train": {"acc": 0.7603481072089215, "auc": 0.7905474895062159, "nll": 0.49809091612870005, "mse": 0.16412672594039612, "rmse": 0.40512556811486994, "f1": 0.8372395103301993}, "metrics_test": {"acc": 0.7589108596434454, "auc": 0.7880078601195994, "nll": 0.5005735525693382, "mse": 0.16506079253189182, "rmse": 0.4062767437743537, "f1": 0.8372395103301993}}