{"time": "2021-07-01T20:21:17.005013", "features": ["i", "s", "scA", "scW", "tcA", "tcW", "vs"], "seed": 888, "split_id": 0, "metrics_train": {"acc": 0.758858866242842, "auc": 0.7879911332207223, "nll": 0.5006850872754813, "mse": 0.16511209568224403, "rmse": 0.4063398770515195, "f1": 0.8360859737028296}, "metrics_test": {"acc": 0.7571874439369501, "auc": 0.7851172293278054, "nll": 0.5035101115743327, "mse": 0.16616152147326316, "rmse": 0.4076291469868944, "f1": 0.8360859737028296}}