{"time": "2021-07-02T17:05:34.391518", "features": ["i", "resp_time_cat", "s", "scA", "scW", "tcA", "tcW"], "seed": 888, "split_id": 3, "metrics_train": {"acc": 0.7623789329138446, "auc": 0.792950161276938, "nll": 0.4948232759266316, "mse": 0.16284989713578946, "rmse": 0.40354664802943097, "f1": 0.8382551723729804}, "metrics_test": {"acc": 0.7602406833926063, "auc": 0.7894981687348557, "nll": 0.49816963084231297, "mse": 0.16411070576822206, "rmse": 0.4051057957721934, "f1": 0.8382551723729804}}