{"time": "2021-07-03T00:18:05.332898", "features": ["i", "post", "s", "scA", "scW", "tcA", "tcW"], "seed": 888, "split_id": 3, "metrics_train": {"acc": 0.7586567193417125, "auc": 0.7877211644847506, "nll": 0.5011006015093666, "mse": 0.1652402171406653, "rmse": 0.40649749955032355, "f1": 0.8356618260182148}, "metrics_test": {"acc": 0.7564836158907695, "auc": 0.784267476502661, "nll": 0.5044285978279742, "mse": 0.1665142118057841, "rmse": 0.40806152943616736, "f1": 0.8356618260182148}}