{"time": "2021-07-03T00:55:40.994152", "features": ["at", "i", "s", "scA", "scW", "tcA", "tcW"], "seed": 888, "split_id": 4, "metrics_train": {"acc": 0.7582857918499107, "auc": 0.7876475483270433, "nll": 0.5014887779482926, "mse": 0.16540188118505092, "rmse": 0.4066963009237371, "f1": 0.8369896620470089}, "metrics_test": {"acc": 0.757806762508489, "auc": 0.7842610074568793, "nll": 0.503130771399718, "mse": 0.16594275842302614, "rmse": 0.4073607227298996, "f1": 0.8369896620470089}}