{"time": "2021-07-02T04:36:12.170749", "features": ["at", "i", "s", "scA", "scW", "tcA", "tcW"], "seed": 888, "split_id": 2, "metrics_train": {"acc": 0.7586495422153947, "auc": 0.7876261288776222, "nll": 0.5011183422307177, "mse": 0.1652499856137945, "rmse": 0.40650951478876174, "f1": 0.8356787692715997}, "metrics_test": {"acc": 0.7566695384224622, "auc": 0.7845802687637364, "nll": 0.5044247845683182, "mse": 0.16649699046884428, "rmse": 0.40804042749321334, "f1": 0.8356787692715997}}