{"time": "2021-07-01T18:14:50.700861", "features": ["i", "s", "scA", "scW", "sm", "tcA", "tcW"], "seed": 888, "split_id": 0, "metrics_train": {"acc": 0.7592299897212984, "auc": 0.7889591937903818, "nll": 0.5000838129444344, "mse": 0.16484961649332433, "rmse": 0.40601676873415504, "f1": 0.8363921700846765}, "metrics_test": {"acc": 0.7575777929806701, "auc": 0.7861948258188827, "nll": 0.5028130121354896, "mse": 0.1658756842158641, "rmse": 0.407278386629912, "f1": 0.8363921700846765}}