{"time": "2021-07-01T19:02:54.129629", "features": ["i", "lag_time_cat", "s", "scA", "scW", "tcA", "tcW"], "seed": 888, "split_id": 0, "metrics_train": {"acc": 0.7594164582008448, "auc": 0.7883613105102313, "nll": 0.5003068434152643, "mse": 0.16490108578538398, "rmse": 0.40608014699734335, "f1": 0.8366027362983444}, "metrics_test": {"acc": 0.7578494707648095, "auc": 0.7856515883398151, "nll": 0.5029627187400442, "mse": 0.16588745936290245, "rmse": 0.4072928422681921, "f1": 0.8366027362983444}}