{"time": "2021-07-03T03:39:42.699236", "features": ["hour", "i", "s", "scA", "scW", "tcA", "tcW"], "seed": 888, "split_id": 4, "metrics_train": {"acc": 0.7583043962593803, "auc": 0.7877138427908154, "nll": 0.501425980512222, "mse": 0.1653782873537191, "rmse": 0.40666729319398076, "f1": 0.83700724860645}, "metrics_test": {"acc": 0.7578397190318181, "auc": 0.7842730163129721, "nll": 0.5031218753031833, "mse": 0.1659377443354657, "rmse": 0.40735456832526834, "f1": 0.83700724860645}}