{"time": "2021-12-14T12:32:31.502390", "features": ["i", "rpfa_F", "s", "scA", "scW", "tcA", "tcW"], "seed": 888, "split_id": 1, "metrics_train": {"acc": 0.7590540134667861, "auc": 0.7884509756198969, "nll": 0.5004326105234528, "mse": 0.16497747339865898, "rmse": 0.4061741909558742, "f1": 0.836091278692361}, "metrics_test": {"acc": 0.7573069076368149, "auc": 0.7849761987466737, "nll": 0.5038436177293187, "mse": 0.16621781680766118, "rmse": 0.4076981932847645, "f1": 0.836091278692361}}