{"time": "2021-12-14T12:40:45.407249", "features": ["i", "ppe", "s", "scA", "scW", "tcA", "tcW"], "seed": 888, "split_id": 2, "metrics_train": {"acc": 0.7591465306002049, "auc": 0.7886138349747761, "nll": 0.5002216322766365, "mse": 0.16490487290016953, "rmse": 0.4060848099845272, "f1": 0.8358414016931599}, "metrics_test": {"acc": 0.7570104164074507, "auc": 0.7853981841651222, "nll": 0.5036898910362827, "mse": 0.16621046543339393, "rmse": 0.40768917747886557, "f1": 0.8358414016931599}}