{"time": "2021-07-02T19:09:40.619890", "features": ["day", "i", "s", "scA", "scW", "tcA", "tcW"], "seed": 888, "split_id": 3, "metrics_train": {"acc": 0.7586412399208287, "auc": 0.7877073303898372, "nll": 0.5011168623523585, "mse": 0.16524851302787322, "rmse": 0.40650770352832577, "f1": 0.8356772099361559}, "metrics_test": {"acc": 0.7565045835795611, "auc": 0.7842669761301303, "nll": 0.5044288017402543, "mse": 0.16651840826787648, "rmse": 0.4080666713514796, "f1": 0.8356772099361559}}