{"time": "2021-07-01T22:02:06.485446", "features": ["i", "icA", "icW", "s", "scA", "scW", "tcA", "tcW"], "seed": 888, "split_id": 1, "metrics_train": {"acc": 0.7585337029041127, "auc": 0.7875540953396195, "nll": 0.5012434221193828, "mse": 0.16529302675686594, "rmse": 0.4065624512382642, "f1": 0.8360226874595895}, "metrics_test": {"acc": 0.7569398133020634, "auc": 0.7844682216509866, "nll": 0.5042638000052994, "mse": 0.16639238306091653, "rmse": 0.40791222470148714, "f1": 0.8360226874595895}}