{"time": "2021-07-01T21:20:14.930100", "features": ["i", "s", "scA", "scW", "sch", "tcA", "tcW"], "seed": 888, "split_id": 1, "metrics_train": {"acc": 0.7590199999486589, "auc": 0.788395921040338, "nll": 0.5003254894958449, "mse": 0.1649691509714705, "rmse": 0.4061639459275903, "f1": 0.8359973599615578}, "metrics_test": {"acc": 0.7571049951369024, "auc": 0.7847617932403904, "nll": 0.5038644112971992, "mse": 0.1662654977496971, "rmse": 0.40775666487464934, "f1": 0.8359973599615578}}