{"time": "2021-07-02T23:02:19.788996", "features": ["i", "s", "scA", "scW", "smA", "smW", "tcA", "tcW"], "seed": 888, "split_id": 3, "metrics_train": {"acc": 0.7590575295879789, "auc": 0.7886163217740185, "nll": 0.5003161171075006, "mse": 0.16494287393521267, "rmse": 0.4061315968195687, "f1": 0.8359871358382535}, "metrics_test": {"acc": 0.7569701518531372, "auc": 0.7852475596890361, "nll": 0.5035719098217594, "mse": 0.16619031925607722, "rmse": 0.4076644689644625, "f1": 0.8359871358382535}}