{"time": "2021-07-01T23:54:26.326138", "features": ["i", "s", "scA", "scW", "tcA", "tcW", "week"], "seed": 888, "split_id": 1, "metrics_train": {"acc": 0.758552474515532, "auc": 0.7876077482813179, "nll": 0.5011977184107524, "mse": 0.16527970998597866, "rmse": 0.40654607363247114, "f1": 0.8360328154360878}, "metrics_test": {"acc": 0.7569338684545371, "auc": 0.7844964762617758, "nll": 0.5042398247568592, "mse": 0.16638927099859957, "rmse": 0.4079084100611307, "f1": 0.8360328154360878}}