{"time": "2021-07-03T00:01:10.541577", "features": ["i", "s", "scA", "scW", "sch", "tcA", "tcW"], "seed": 888, "split_id": 4, "metrics_train": {"acc": 0.7588061272446447, "auc": 0.7884379310672651, "nll": 0.5006041848187154, "mse": 0.1650816822798857, "rmse": 0.4063024517276332, "f1": 0.8370168415744232}, "metrics_test": {"acc": 0.7579781364298007, "auc": 0.7845512204289057, "nll": 0.5027323821635606, "mse": 0.16580809453493647, "rmse": 0.40719540092557094, "f1": 0.8370168415744232}}