{"time": "2021-07-02T11:48:45.445197", "features": ["i", "s", "scA", "scW", "tcA", "tcW", "vw"], "seed": 888, "split_id": 2, "metrics_train": {"acc": 0.7589849573665899, "auc": 0.7879355579496992, "nll": 0.5006846919429874, "mse": 0.16506199887441322, "rmse": 0.4062782284031637, "f1": 0.8360515879338466}, "metrics_test": {"acc": 0.7571828933740528, "auc": 0.7852411413350666, "nll": 0.5036697634557384, "mse": 0.16619688281954204, "rmse": 0.4076725190879832, "f1": 0.8360515879338466}}