{"time": "2021-12-14T12:16:09.707916", "features": ["i", "rpfa_R", "s", "scA", "scW", "tcA", "tcW"], "seed": 888, "split_id": 0, "metrics_train": {"acc": 0.7588818014391249, "auc": 0.788267316582413, "nll": 0.5006334195581166, "mse": 0.16506803139343187, "rmse": 0.4062856524582574, "f1": 0.8360673812992481}, "metrics_test": {"acc": 0.7571962423486008, "auc": 0.7852410069960928, "nll": 0.5036168484258021, "mse": 0.1661772978746009, "rmse": 0.4076484979422847, "f1": 0.8360673812992481}}