{"time": "2021-12-14T12:17:36.321352", "features": ["i", "ppe", "s", "scA", "scW", "tcA", "tcW"], "seed": 888, "split_id": 0, "metrics_train": {"acc": 0.7590028779404322, "auc": 0.7885516824500873, "nll": 0.5003545687048904, "mse": 0.16495643351860606, "rmse": 0.40614829005993125, "f1": 0.836234079592623}, "metrics_test": {"acc": 0.7573466737282861, "auc": 0.7855577898168287, "nll": 0.5032891110771868, "mse": 0.16604636291009858, "rmse": 0.40748786842076484, "f1": 0.836234079592623}}