{"time": "2021-12-14T12:40:12.123656", "features": ["i", "rpfa_R", "s", "scA", "scW", "tcA", "tcW"], "seed": 888, "split_id": 1, "metrics_train": {"acc": 0.7588419103018603, "auc": 0.788243622650608, "nll": 0.5006537897070963, "mse": 0.165077960084594, "rmse": 0.4062978711297833, "f1": 0.8360329228512401}, "metrics_test": {"acc": 0.7571306853708555, "auc": 0.784908382778532, "nll": 0.5039145625620088, "mse": 0.16626786903137158, "rmse": 0.40775957258091633, "f1": 0.8360329228512401}}