{"time": "2021-07-02T06:52:48.740543", "features": ["i", "month", "s", "scA", "scW", "tcA", "tcW"], "seed": 888, "split_id": 2, "metrics_train": {"acc": 0.7587256080559807, "auc": 0.787729032554713, "nll": 0.5010101537152621, "mse": 0.16520588420004295, "rmse": 0.40645526715746094, "f1": 0.8356728652067447}, "metrics_test": {"acc": 0.7566770467481228, "auc": 0.7845829202909574, "nll": 0.5044166139906108, "mse": 0.1664877834388051, "rmse": 0.4080291453300917, "f1": 0.8356728652067447}}