{"time": "2021-07-03T00:28:12.835156", "features": ["i", "s", "scA", "scW", "sm", "tcA", "tcW"], "seed": 888, "split_id": 4, "metrics_train": {"acc": 0.7590566987020698, "auc": 0.7891280134964853, "nll": 0.5002348618504173, "mse": 0.16491851608996722, "rmse": 0.4061016080859164, "f1": 0.8373899242525659}, "metrics_test": {"acc": 0.7585173476760123, "auc": 0.7858023017467224, "nll": 0.501846801682959, "mse": 0.16544647460236436, "rmse": 0.4067511212060323, "f1": 0.8373899242525659}}