{"time": "2021-07-02T00:03:45.436830", "features": ["hour", "i", "s", "scA", "scW", "tcA", "tcW"], "seed": 888, "split_id": 1, "metrics_train": {"acc": 0.7585230603096043, "auc": 0.7876319705796402, "nll": 0.5011774602478243, "mse": 0.165278635406772, "rmse": 0.4065447520344741, "f1": 0.8359764274412728}, "metrics_test": {"acc": 0.7568761185071384, "auc": 0.7844464384319415, "nll": 0.5042931627790218, "mse": 0.16641495494428016, "rmse": 0.40793989133729025, "f1": 0.8359764274412728}}