{"time": "2021-07-01T18:31:00.385166", "features": ["i", "icA_TW", "icW_TW", "s", "scA", "scW", "tcA", "tcW"], "seed": 888, "split_id": 0, "metrics_train": {"acc": 0.7586496225800101, "auc": 0.7878016940453659, "nll": 0.5010258892215467, "mse": 0.1652167674158161, "rmse": 0.40646865489950895, "f1": 0.8360737527240591}, "metrics_test": {"acc": 0.7570277849548019, "auc": 0.7849495245988598, "nll": 0.503848317207379, "mse": 0.1662628783483579, "rmse": 0.40775345289569026, "f1": 0.8360737527240591}}