{"time": "2021-07-02T04:39:18.302490", "features": ["i", "pre", "s", "scA", "scW", "tcA", "tcW"], "seed": 888, "split_id": 1, "metrics_train": {"acc": 0.7585880924448917, "auc": 0.7877302231949256, "nll": 0.5010735694061161, "mse": 0.16524112039449698, "rmse": 0.4064986105689624, "f1": 0.8359732572770114}, "metrics_test": {"acc": 0.7569026580050239, "auc": 0.7844344690882241, "nll": 0.5043076758177729, "mse": 0.16641700451019814, "rmse": 0.40794240342258875, "f1": 0.8359732572770114}}