{"time": "2021-12-14T12:14:35.937739", "features": ["i", "ppe", "s", "scA", "scW", "tcA", "tcW"], "seed": 888, "split_id": 1, "metrics_train": {"acc": 0.75899251103621, "auc": 0.7885843633555122, "nll": 0.5003203935073656, "mse": 0.16494647490689454, "rmse": 0.40613603005261, "f1": 0.8361846838862093}, "metrics_test": {"acc": 0.7572873745663712, "auc": 0.785252421582478, "nll": 0.503568468877963, "mse": 0.16613264436138883, "rmse": 0.4075937246344561, "f1": 0.8361846838862093}}