{"time": "2021-07-01T20:32:48.703639", "features": ["i", "rt", "s", "scA", "scW", "tcA", "tcW"], "seed": 888, "split_id": 0, "metrics_train": {"acc": 0.7585538814699455, "auc": 0.7876199166115838, "nll": 0.5011179389693076, "mse": 0.1652688480505021, "rmse": 0.4065327146128613, "f1": 0.8359574000941952}, "metrics_test": {"acc": 0.7569316462128632, "auc": 0.7847743007259508, "nll": 0.5039269791348502, "mse": 0.16631516078317296, "rmse": 0.4078175582085364, "f1": 0.8359574000941952}}