{"time": "2021-07-01T18:11:04.412933", "features": ["i", "s", "scA", "scW", "t", "tcA", "tcW"], "seed": 888, "split_id": 0, "metrics_train": {"acc": 0.7590122653696084, "auc": 0.788500302074071, "nll": 0.5004193604346645, "mse": 0.16498743362245122, "rmse": 0.40618645179578705, "f1": 0.8362850212411456}, "metrics_test": {"acc": 0.7574269324101726, "auc": 0.785670620056547, "nll": 0.5032125690186127, "mse": 0.1660235566337124, "rmse": 0.4074598834654921, "f1": 0.8362850212411456}}