{"time": "2021-07-02T15:50:19.573993", "features": ["d", "i", "s", "scA", "scW", "tcA", "tcW"], "seed": 888, "split_id": 3, "metrics_train": {"acc": 0.7586482323488831, "auc": 0.7876900757340538, "nll": 0.50114063271213, "mse": 0.16525147871540444, "rmse": 0.40651135127497295, "f1": 0.8356915641943167}, "metrics_test": {"acc": 0.7565146395119406, "auc": 0.7843099905922286, "nll": 0.5043964041091075, "mse": 0.16650201854907626, "rmse": 0.40804658869922716, "f1": 0.8356915641943167}}