{"time": "2021-07-03T01:34:44.624579", "features": ["i", "s", "scA", "scW", "tcA", "tcA_TW", "tcW", "tcW_TW"], "seed": 888, "split_id": 4, "metrics_train": {"acc": 0.7603876089714525, "auc": 0.7909561373773231, "nll": 0.49798080271349004, "mse": 0.16409833638838991, "rmse": 0.4050905286332796, "f1": 0.8381355991660485}, "metrics_test": {"acc": 0.7596348927509682, "auc": 0.7874404316601122, "nll": 0.49985186492567996, "mse": 0.1647319699951911, "rmse": 0.4058718640102946, "f1": 0.8381355991660485}}