{"time": "2021-12-14T13:30:30.250819", "features": ["i", "rpfa_R", "s", "scA", "scW", "tcA", "tcW"], "seed": 888, "split_id": 4, "metrics_train": {"acc": 0.7586739717842746, "auc": 0.7883753382072348, "nll": 0.500847420043182, "mse": 0.16515842541437825, "rmse": 0.40639688164942683, "f1": 0.8369924661262139}, "metrics_test": {"acc": 0.7580170463896022, "auc": 0.7847631617527147, "nll": 0.5027177848821417, "mse": 0.16578002754137194, "rmse": 0.40716093567700223, "f1": 0.8369924661262139}}