{"time": "2021-12-14T13:36:52.486639", "features": ["i", "rpfa_F", "rpfa_R", "s", "scA", "scW", "tcA", "tcW"], "seed": 888, "split_id": 4, "metrics_train": {"acc": 0.7587971458055904, "auc": 0.7883844729812558, "nll": 0.5008192740571704, "mse": 0.16513247929487954, "rmse": 0.4063649582516676, "f1": 0.8370364756859561}, "metrics_test": {"acc": 0.7581269723416099, "auc": 0.784898555295065, "nll": 0.5025742952830412, "mse": 0.16571328581322642, "rmse": 0.40707896753974704, "f1": 0.8370364756859561}}