{"time": "2021-07-03T09:51:53.850766", "features": ["i", "post", "s", "scA", "scW", "tcA", "tcW"], "seed": 888, "split_id": 4, "metrics_train": {"acc": 0.7583260479428148, "auc": 0.7877445934125074, "nll": 0.5013880913615855, "mse": 0.1653660331120853, "rmse": 0.406652226247546, "f1": 0.8369631597816823}, "metrics_test": {"acc": 0.7577910284263835, "auc": 0.7842513874753148, "nll": 0.5031395171812203, "mse": 0.16594418403055383, "rmse": 0.40736247253589014, "f1": 0.8369631597816823}}