{"time": "2021-07-01T23:59:42.297238", "features": ["i", "s", "scA", "scW", "tcA", "tcW", "weekend"], "seed": 888, "split_id": 1, "metrics_train": {"acc": 0.758603762194595, "auc": 0.7877737651555806, "nll": 0.5010380639796832, "mse": 0.16522786593054428, "rmse": 0.40648230703259924, "f1": 0.8359848874451594}, "metrics_test": {"acc": 0.7569113629603302, "auc": 0.7844299750776741, "nll": 0.504314696434517, "mse": 0.16641970857763763, "rmse": 0.40794571768513227, "f1": 0.8359848874451594}}