{"time": "2021-07-02T01:56:55.213633", "features": ["i", "rt", "s", "scA", "scW", "tcA", "tcW"], "seed": 888, "split_id": 1, "metrics_train": {"acc": 0.7585773428896345, "auc": 0.7877575010208346, "nll": 0.5009879099570662, "mse": 0.16522201309463028, "rmse": 0.40647510759532407, "f1": 0.8359475087278885}, "metrics_test": {"acc": 0.7569124245402457, "auc": 0.784481867942085, "nll": 0.504197910526622, "mse": 0.16639112653644791, "rmse": 0.40791068450881246, "f1": 0.8359475087278885}}