{"time": "2021-07-02T01:50:23.361819", "features": ["i", "rc", "s", "scA", "scW", "tcA", "tcW"], "seed": 888, "split_id": 1, "metrics_train": {"acc": 0.7591362128022604, "auc": 0.7890732265268197, "nll": 0.4995655618849746, "mse": 0.1647635809170254, "rmse": 0.4059108041393151, "f1": 0.8359313516550303}, "metrics_test": {"acc": 0.7574391804942758, "auc": 0.785800023052245, "nll": 0.5027857479413772, "mse": 0.1659419577780454, "rmse": 0.40735974000635533, "f1": 0.8359313516550303}}