{"time": "2021-07-02T01:20:44.893950", "features": ["i", "s", "scA", "scW", "tcA", "tcW", "vw"], "seed": 888, "split_id": 1, "metrics_train": {"acc": 0.7590788818408886, "auc": 0.7882627691124525, "nll": 0.5004279621023606, "mse": 0.16497591192268804, "rmse": 0.4061722687760552, "f1": 0.8363228895532825}, "metrics_test": {"acc": 0.7574780343191801, "auc": 0.7850901521894403, "nll": 0.5035408202378612, "mse": 0.16610498778286828, "rmse": 0.40755979657329827, "f1": 0.8363228895532825}}