{"time": "2021-12-14T13:03:30.633550", "features": ["i", "ppe", "s", "scA", "scW", "tcA", "tcW"], "seed": 888, "split_id": 3, "metrics_train": {"acc": 0.7590862999598976, "auc": 0.7886153721411052, "nll": 0.5003012735426049, "mse": 0.16492991826761885, "rmse": 0.4061156464205964, "f1": 0.8359088542212085}, "metrics_test": {"acc": 0.7569384863639418, "auc": 0.7851201408165254, "nll": 0.5036845443267216, "mse": 0.16622267542143412, "rmse": 0.40770415183247044, "f1": 0.8359088542212085}}