{"time": "2021-07-03T06:50:55.394122", "features": ["i", "precA", "precW", "s", "scA", "scW", "tcA", "tcW"], "seed": 888, "split_id": 1, "metrics_train": {"acc": 0.760797687594179, "auc": 0.7912065607885357, "nll": 0.4974716552591472, "mse": 0.163878006885575, "rmse": 0.40481848634366363, "f1": 0.8373800075694149}, "metrics_test": {"acc": 0.7591602138531508, "auc": 0.7876617010831528, "nll": 0.5009665861954412, "mse": 0.1651416220589818, "rmse": 0.40637620754539977, "f1": 0.8373800075694149}}