{"time": "2021-07-01T19:18:43.119363", "features": ["i", "s", "scA", "scW", "tcA", "tcW", "week"], "seed": 888, "split_id": 0, "metrics_train": {"acc": 0.7586380483065371, "auc": 0.7876777215038994, "nll": 0.5011375219821168, "mse": 0.1652562636259641, "rmse": 0.40651723656686944, "f1": 0.8360095357856201}, "metrics_test": {"acc": 0.7569451657234483, "auc": 0.7847842751655063, "nll": 0.5039844599242076, "mse": 0.16631444400048923, "rmse": 0.4078166794044712, "f1": 0.8360095357856201}}