{"time": "2021-07-01T18:02:23.681014", "features": ["i", "s", "scA", "scW", "tcA", "tcW", "tea"], "seed": 888, "split_id": 0, "metrics_train": {"acc": 0.7602111894208794, "auc": 0.790428334283857, "nll": 0.4982787923806312, "mse": 0.1642251734301744, "rmse": 0.405247052339896, "f1": 0.8356460371887711}, "metrics_test": {"acc": 0.7567691974904355, "auc": 0.7841026809453541, "nll": 0.5042752614508322, "mse": 0.1664734038090406, "rmse": 0.4080115241130336, "f1": 0.8356460371887711}}