{"time": "2021-07-03T00:40:58.962282", "features": ["i", "s", "scA", "scW", "tcA", "tcW", "tea"], "seed": 888, "split_id": 4, "metrics_train": {"acc": 0.7597289166465253, "auc": 0.7901447016280856, "nll": 0.4988703590547058, "mse": 0.16445447098329505, "rmse": 0.40552986447769174, "f1": 0.8366650246820512}, "metrics_test": {"acc": 0.7575452365491671, "auc": 0.7838831418291627, "nll": 0.5031904977658045, "mse": 0.16600391540831, "rmse": 0.40743578071680203, "f1": 0.8366650246820512}}