{"time": "2021-12-14T13:29:45.237829", "features": ["i", "ppe", "s", "scA", "scW", "tcA", "tcW"], "seed": 888, "split_id": 4, "metrics_train": {"acc": 0.7588370811328139, "auc": 0.7887507263144901, "nll": 0.5004792760401828, "mse": 0.1650136864581311, "rmse": 0.4062187667478339, "f1": 0.8371263148535698}, "metrics_test": {"acc": 0.7581214441505998, "auc": 0.7850023940536525, "nll": 0.5024627501868095, "mse": 0.16568084259244098, "rmse": 0.40703911678417465, "f1": 0.8371263148535698}}