{"time": "2021-07-01T21:37:57.942091", "features": ["c", "i", "s", "scA", "scW", "tcA", "tcW"], "seed": 888, "split_id": 1, "metrics_train": {"acc": 0.7587991260023291, "auc": 0.7880903107595831, "nll": 0.5007729308924406, "mse": 0.16512183634523298, "rmse": 0.40635186273134394, "f1": 0.8361122355039886}, "metrics_test": {"acc": 0.7571561632888255, "auc": 0.7848662640686729, "nll": 0.5039331649858831, "mse": 0.16626990452857784, "rmse": 0.40776206852596997, "f1": 0.8361122355039886}}