{"time": "2021-07-03T03:35:16.010123", "features": ["day", "i", "s", "scA", "scW", "tcA", "tcW"], "seed": 888, "split_id": 4, "metrics_train": {"acc": 0.758325352950507, "auc": 0.787732076561794, "nll": 0.5014066397208894, "mse": 0.16537220255729618, "rmse": 0.4066598118296129, "f1": 0.8370026563730125}, "metrics_test": {"acc": 0.7578399316545493, "auc": 0.7842622996236206, "nll": 0.5031302047273181, "mse": 0.16594088736382814, "rmse": 0.40735842616033874, "f1": 0.8370026563730125}}