{"time": "2021-12-14T12:46:11.571190", "features": ["i", "rpfa_F", "s", "scA", "scW", "tcA", "tcW"], "seed": 888, "split_id": 2, "metrics_train": {"acc": 0.7591192194428555, "auc": 0.7883383392020533, "nll": 0.5004734267930062, "mse": 0.16498640501695366, "rmse": 0.4061851856197536, "f1": 0.8357615615559009}, "metrics_test": {"acc": 0.75701706663875, "auc": 0.7851717322597332, "nll": 0.5039217494761539, "mse": 0.16628413485886254, "rmse": 0.4077795174587151, "f1": 0.8357615615559009}}