{"time": "2021-12-14T13:03:20.558221", "features": ["i", "rpfa_R", "s", "scA", "scW", "tcA", "tcW"], "seed": 888, "split_id": 3, "metrics_train": {"acc": 0.7588223491451703, "auc": 0.7880490430509853, "nll": 0.5008528747299053, "mse": 0.16513757226927014, "rmse": 0.4063712247062655, "f1": 0.8357597000620417}, "metrics_test": {"acc": 0.7567326606841714, "auc": 0.784723769652798, "nll": 0.5040509064907679, "mse": 0.1663664490982593, "rmse": 0.407880434806892, "f1": 0.8357597000620417}}