{"time": "2021-12-14T12:20:30.337710", "features": ["i", "rpfa_F", "rpfa_R", "s", "scA", "scW", "tcA", "tcW"], "seed": 888, "split_id": 0, "metrics_train": {"acc": 0.7590636295417489, "auc": 0.788440225367887, "nll": 0.5004418843322794, "mse": 0.16498177677185233, "rmse": 0.4061794883691843, "f1": 0.8361541180403805}, "metrics_test": {"acc": 0.7573743565356748, "auc": 0.7854009258653811, "nll": 0.5034471747719638, "mse": 0.16610037065985322, "rmse": 0.4075541321835091, "f1": 0.8361541180403805}}