{"time": "2021-07-02T05:49:05.581783", "features": ["i", "post", "s", "scA", "scW", "tcA", "tcW"], "seed": 888, "split_id": 1, "metrics_train": {"acc": 0.7585449337827396, "auc": 0.7876548881815064, "nll": 0.5011495859915206, "mse": 0.1652677183504968, "rmse": 0.40653132517740476, "f1": 0.8359779749603985}, "metrics_test": {"acc": 0.7568977747374129, "auc": 0.7844385250134787, "nll": 0.5043031837163051, "mse": 0.1664159316686136, "rmse": 0.40794108847799776, "f1": 0.8359779749603985}}