{"time": "2021-07-02T00:50:41.517249", "features": ["i", "icA_TW", "icW_TW", "s", "scA", "scA_TW", "scW", "scW_TW", "tcA", "tcA_TW", "tcW", "tcW_TW"], "seed": 888, "split_id": 1, "metrics_train": {"acc": 0.7615051259869269, "auc": 0.7927608083174895, "nll": 0.49604255859698143, "mse": 0.16336210557610056, "rmse": 0.40418078328404056, "f1": 0.8374643423046901}, "metrics_test": {"acc": 0.759542170306718, "auc": 0.7888361381457965, "nll": 0.49979704650017276, "mse": 0.16473093116734064, "rmse": 0.40587058425973743, "f1": 0.8374643423046901}}