{"time": "2021-07-01T23:23:30.502357", "features": ["i", "prev_lag_time_cat", "s", "scA", "scW", "tcA", "tcW"], "seed": 888, "split_id": 1, "metrics_train": {"acc": 0.7591438070154272, "auc": 0.7884092031710898, "nll": 0.5003433343901221, "mse": 0.16495288197811128, "rmse": 0.4061439178149924, "f1": 0.8363136455949159}, "metrics_test": {"acc": 0.7574661446241274, "auc": 0.7851895524807251, "nll": 0.5034944459802416, "mse": 0.16610066540314525, "rmse": 0.40755449378352493, "f1": 0.8363136455949159}}