{"time": "2021-07-02T03:02:52.648535", "features": ["i", "n_gram", "s", "scA", "scW", "tcA", "tcW"], "seed": 888, "split_id": 1, "metrics_train": {"acc": 0.7619583186797108, "auc": 0.7931675830052936, "nll": 0.49529084627337394, "mse": 0.16308163943202508, "rmse": 0.4038336779319242, "f1": 0.8379744099649503}, "metrics_test": {"acc": 0.7602929196229014, "auc": 0.7898732243893685, "nll": 0.49854563570730925, "mse": 0.1642624396345476, "rmse": 0.40529302934364364, "f1": 0.8379744099649503}}