{"time": "2021-07-01T19:56:08.248656", "features": ["i", "s", "scA", "scW", "tcA", "tcW", "vw"], "seed": 888, "split_id": 0, "metrics_train": {"acc": 0.7590498150863134, "auc": 0.7881819328014563, "nll": 0.5005078830140108, "mse": 0.16500735197494765, "rmse": 0.4062109697865724, "f1": 0.8363600768156768}, "metrics_test": {"acc": 0.7574904526503821, "auc": 0.7853756763928359, "nll": 0.5032602083963644, "mse": 0.1660313054687537, "rmse": 0.4074693920636907, "f1": 0.8363600768156768}}