{"time": "2021-07-03T02:13:39.477595", "features": ["i", "s", "scA", "scA_TW", "scW", "scW_TW", "tcA", "tcW"], "seed": 888, "split_id": 4, "metrics_train": {"acc": 0.7591536768594773, "auc": 0.7896404734490694, "nll": 0.49971470267629375, "mse": 0.16475740546181428, "rmse": 0.4059031971564332, "f1": 0.8369874695886578}, "metrics_test": {"acc": 0.7580534048766299, "auc": 0.7852738778297672, "nll": 0.5023139830968797, "mse": 0.1656573822843272, "rmse": 0.4070102975163248, "f1": 0.8369874695886578}}