{"time": "2021-07-02T04:09:54.893969", "features": ["i", "s", "scA", "scW", "sm", "tcA", "tcW"], "seed": 888, "split_id": 2, "metrics_train": {"acc": 0.7593528045171374, "auc": 0.7891177284493711, "nll": 0.49985755907890045, "mse": 0.16476488551345542, "rmse": 0.4059124111350322, "f1": 0.8361626319238219}, "metrics_test": {"acc": 0.7575023190000112, "auc": 0.7860932233606803, "nll": 0.5031556420523963, "mse": 0.16600586157183622, "rmse": 0.4074381690168905, "f1": 0.8361626319238219}}