{"time": "2021-07-02T05:47:15.107447", "features": ["i", "s", "scA", "scW", "tcA", "tcA_TW", "tcW", "tcW_TW"], "seed": 888, "split_id": 2, "metrics_train": {"acc": 0.7604904849154663, "auc": 0.790630964822128, "nll": 0.4979208384835502, "mse": 0.16406137044018662, "rmse": 0.40504489928918574, "f1": 0.8370022026259335}, "metrics_test": {"acc": 0.7587304665544852, "auc": 0.7879802350895456, "nll": 0.5009016920499157, "mse": 0.16518569792249335, "rmse": 0.40643043429656367, "f1": 0.8370022026259335}}