{"time": "2021-07-03T07:23:13.686581", "features": ["i", "s", "scA", "scW", "tcA", "tcW", "vw"], "seed": 888, "split_id": 4, "metrics_train": {"acc": 0.7588227535990845, "auc": 0.7882322532042904, "nll": 0.5007834596952685, "mse": 0.1651136963663998, "rmse": 0.40634184668379875, "f1": 0.8372778380352791}, "metrics_test": {"acc": 0.7582717684215271, "auc": 0.7849035466779398, "nll": 0.502381580382608, "mse": 0.1656443360063813, "rmse": 0.4069942702377778, "f1": 0.8372778380352791}}