{"time": "2021-07-02T15:58:39.816785", "features": ["i", "s", "scA", "scW", "tcA", "tcW", "tea"], "seed": 888, "split_id": 3, "metrics_train": {"acc": 0.7602576117249887, "auc": 0.7904662448583242, "nll": 0.49823519822221457, "mse": 0.1642012564329865, "rmse": 0.4052175421091571, "f1": 0.8353732795179039}, "metrics_test": {"acc": 0.7562420595576502, "auc": 0.783590922967801, "nll": 0.5047519937310726, "mse": 0.1666804930243534, "rmse": 0.4082652238733461, "f1": 0.8353732795179039}}