{"time": "2021-07-01T19:53:29.303383", "features": ["hour", "i", "s", "scA", "scW", "tcA", "tcW"], "seed": 888, "split_id": 0, "metrics_train": {"acc": 0.7585658824447448, "auc": 0.7876178803436202, "nll": 0.5011975431824928, "mse": 0.16528443092366404, "rmse": 0.40655187974434953, "f1": 0.8359930484696093}, "metrics_test": {"acc": 0.7568981693295095, "auc": 0.7847448883018892, "nll": 0.5040264202674679, "mse": 0.16633565268032338, "rmse": 0.4078426812881695, "f1": 0.8359930484696093}}