{"time": "2021-07-02T01:29:04.099743", "features": ["i", "s", "scA", "scW", "tcA", "tcW", "vs"], "seed": 888, "split_id": 1, "metrics_train": {"acc": 0.7589389237010473, "auc": 0.7881212348515578, "nll": 0.5005554944083243, "mse": 0.16506035962664964, "rmse": 0.40627621100262523, "f1": 0.8360865453822082}, "metrics_test": {"acc": 0.7571754840432862, "auc": 0.7847792479309371, "nll": 0.5038350574981875, "mse": 0.16625469148412833, "rmse": 0.407743413783875, "f1": 0.8360865453822082}}