{"time": "2021-07-01T17:59:06.237227", "features": ["i", "icA", "icW", "s", "scA", "scW", "tcA", "tcW"], "seed": 888, "split_id": 0, "metrics_train": {"acc": 0.7585846573030972, "auc": 0.7875958669021846, "nll": 0.5011973429346608, "mse": 0.16527620219314487, "rmse": 0.40654175947022325, "f1": 0.836032377234245}, "metrics_test": {"acc": 0.7569584706386273, "auc": 0.7847381326984822, "nll": 0.5040195276084232, "mse": 0.16632387460501516, "rmse": 0.40782824154908054, "f1": 0.836032377234245}}