{"time": "2021-12-14T12:45:44.399884", "features": ["i", "rpfa_F", "rpfa_R", "s", "scA", "scW", "tcA", "tcW"], "seed": 888, "split_id": 1, "metrics_train": {"acc": 0.7591043919794841, "auc": 0.7885522105225602, "nll": 0.5003249518211101, "mse": 0.16494332302020953, "rmse": 0.40613214970032785, "f1": 0.8360901324092397}, "metrics_test": {"acc": 0.7573137017482735, "auc": 0.7850494579715447, "nll": 0.5037649875362868, "mse": 0.16619316810196164, "rmse": 0.4076679630556731, "f1": 0.8360901324092397}}