{"time": "2021-07-02T15:31:52.973576", "features": ["i", "precA", "precW", "s", "scA", "scW", "tcA", "tcW"], "seed": 888, "split_id": 0, "metrics_train": {"acc": 0.7607375255067385, "auc": 0.7909616528827695, "nll": 0.49771690452156225, "mse": 0.16396572556401312, "rmse": 0.40492681507157946, "f1": 0.837255075835424}, "metrics_test": {"acc": 0.7589690149985021, "auc": 0.7880526104110598, "nll": 0.5006543873692252, "mse": 0.16505136762401465, "rmse": 0.4062651444857344, "f1": 0.837255075835424}}