{"time": "2021-07-02T15:48:26.981517", "features": ["i", "s", "scA", "scW", "sm", "tcA", "tcW"], "seed": 888, "split_id": 3, "metrics_train": {"acc": 0.7592977808755598, "auc": 0.7890726973767647, "nll": 0.4999879822124591, "mse": 0.16480682637504845, "rmse": 0.4059640703006221, "f1": 0.8361944297595627}, "metrics_test": {"acc": 0.7573606215678782, "auc": 0.7857601673217477, "nll": 0.5031713335017997, "mse": 0.1660313752170263, "rmse": 0.4074694776508129, "f1": 0.8361944297595627}}