{"time": "2021-07-01T19:13:46.415003", "features": ["day", "i", "s", "scA", "scW", "tcA", "tcW"], "seed": 888, "split_id": 0, "metrics_train": {"acc": 0.7585039040771152, "auc": 0.7875021897187866, "nll": 0.5013137769680261, "mse": 0.16532798054273828, "rmse": 0.40660543594833837, "f1": 0.8360085682020223}, "metrics_test": {"acc": 0.7568996714973523, "auc": 0.7847407223695348, "nll": 0.5040298887198209, "mse": 0.16634117311476024, "rmse": 0.4078494490798783, "f1": 0.8360085682020223}}