{"time": "2021-07-03T19:00:45.260241", "features": ["i", "postcA", "postcW", "s", "scA", "scW", "tcA", "tcW"], "seed": 888, "split_id": 4, "metrics_train": {"acc": 0.7596894090068758, "auc": 0.7899448099934826, "nll": 0.49917840009031317, "mse": 0.16452746553051326, "rmse": 0.40561985347183543, "f1": 0.8376579890937901}, "metrics_test": {"acc": 0.7589827788345127, "auc": 0.786170763043914, "nll": 0.5012437263850065, "mse": 0.1652209686596782, "rmse": 0.40647382284678335, "f1": 0.8376579890937901}}