{"time": "2021-07-02T22:17:04.239305", "features": ["i", "s", "scA", "scW", "tcA", "tcW", "vt"], "seed": 888, "split_id": 3, "metrics_train": {"acc": 0.7588460486723168, "auc": 0.787833065505162, "nll": 0.5009134449102641, "mse": 0.1651574869821639, "rmse": 0.4063957270717347, "f1": 0.8358347307526487}, "metrics_test": {"acc": 0.7567350142002602, "auc": 0.7845726949259579, "nll": 0.5040546118233709, "mse": 0.16636376277467002, "rmse": 0.4078771417653483, "f1": 0.8358347307526487}}