{"time": "2021-12-14T13:24:59.340917", "features": ["i", "rpfa_F", "s", "scA", "scW", "tcA", "tcW"], "seed": 888, "split_id": 4, "metrics_train": {"acc": 0.7588657362002729, "auc": 0.7885048094868592, "nll": 0.5006976450017175, "mse": 0.16508476864363827, "rmse": 0.40630624982104113, "f1": 0.837031090038105}, "metrics_test": {"acc": 0.7581305869280396, "auc": 0.7848308762098151, "nll": 0.5026411875790823, "mse": 0.1657309625717033, "rmse": 0.40710067866770167, "f1": 0.837031090038105}}