{"time": "2021-07-01T21:55:13.336648", "features": ["i", "s", "scA", "scW", "tcA", "tcW", "tea"], "seed": 888, "split_id": 1, "metrics_train": {"acc": 0.7601840537781531, "auc": 0.7904789253907363, "nll": 0.4982231038632627, "mse": 0.16420935138666964, "rmse": 0.40522753039085296, "f1": 0.835593235420668}, "metrics_test": {"acc": 0.7567839733704801, "auc": 0.7839933760089562, "nll": 0.5044046532069146, "mse": 0.16649371248633105, "rmse": 0.4080364107360164, "f1": 0.835593235420668}}