{"time": "2021-07-03T01:54:07.734570", "features": ["i", "resp_time_cat", "s", "scA", "scW", "tcA", "tcW"], "seed": 888, "split_id": 4, "metrics_train": {"acc": 0.7620837109680959, "auc": 0.7928799349216096, "nll": 0.49517322020749344, "mse": 0.16298729372032877, "rmse": 0.4037168484474345, "f1": 0.839421977955312}, "metrics_test": {"acc": 0.76137520980548, "auc": 0.789346743128805, "nll": 0.4970297026521641, "mse": 0.1636132168420598, "rmse": 0.4044913062626437, "f1": 0.839421977955312}}