{"time": "2021-07-02T23:34:32.773363", "features": ["i", "n_gram", "s", "scA", "scW", "tcA", "tcW"], "seed": 888, "split_id": 3, "metrics_train": {"acc": 0.7620088680000925, "auc": 0.7931245563141619, "nll": 0.49532748396352655, "mse": 0.16308755372994846, "rmse": 0.40384100055584804, "f1": 0.8377465126856461}, "metrics_test": {"acc": 0.7599552660778313, "auc": 0.7897894950099306, "nll": 0.4986743438136797, "mse": 0.164354540774641, "rmse": 0.40540663632289126, "f1": 0.8377465126856461}}