{"time": "2021-07-01T23:14:02.558441", "features": ["i", "s", "scA", "scA_TW", "scW", "scW_TW", "tcA", "tcW"], "seed": 888, "split_id": 1, "metrics_train": {"acc": 0.7593278329837856, "auc": 0.7894762443244702, "nll": 0.49956571941753, "mse": 0.16468996360799107, "rmse": 0.405820112374918, "f1": 0.8360420950969297}, "metrics_test": {"acc": 0.7572083930206641, "auc": 0.7854175885559879, "nll": 0.503495591923689, "mse": 0.16613141480771937, "rmse": 0.40759221632376563, "f1": 0.8360420950969297}}