{"time": "2021-07-03T08:15:31.307309", "features": ["i", "postcA", "postcW", "s", "scA", "scW", "tcA", "tcW"], "seed": 888, "split_id": 3, "metrics_train": {"acc": 0.7599307290577714, "auc": 0.7897767374209888, "nll": 0.49903271443591163, "mse": 0.16445291951552501, "rmse": 0.4055279515835191, "f1": 0.8364422963839901}, "metrics_test": {"acc": 0.757791956880162, "auc": 0.7862466352249746, "nll": 0.5024808930774236, "mse": 0.16577268409365625, "rmse": 0.407151917708435, "f1": 0.8364422963839901}}