{"time": "2021-07-02T00:56:02.793395", "features": ["i", "post", "s", "scA", "scW", "tcA", "tcW"], "seed": 888, "split_id": 0, "metrics_train": {"acc": 0.7585248124420987, "auc": 0.787553165041846, "nll": 0.5012566913631091, "mse": 0.16530577579097966, "rmse": 0.4065781299959205, "f1": 0.8360063092259037}, "metrics_test": {"acc": 0.7569146931757802, "auc": 0.7847455611497662, "nll": 0.5040236731537996, "mse": 0.16633518468801656, "rmse": 0.40784210754655603, "f1": 0.8360063092259037}}