{"time": "2021-07-03T08:46:42.039943", "features": ["i", "postcA", "postcW", "s", "scA", "scW", "tcA", "tcW"], "seed": 888, "split_id": 2, "metrics_train": {"acc": 0.7600538264505038, "auc": 0.7899132225791535, "nll": 0.4988229083609307, "mse": 0.1643803239872698, "rmse": 0.40543843427488446, "f1": 0.8362975541281618}, "metrics_test": {"acc": 0.7578035101207939, "auc": 0.7864992416941684, "nll": 0.5024907653719496, "mse": 0.1657598342930115, "rmse": 0.40713613729686476, "f1": 0.8362975541281618}}