{"time": "2021-07-01T20:49:27.088052", "features": ["i", "s", "scA", "scW", "smA", "smW", "tcA", "tcW"], "seed": 888, "split_id": 0, "metrics_train": {"acc": 0.7588437183457621, "auc": 0.7883186014582491, "nll": 0.5006035011659142, "mse": 0.1650552967430908, "rmse": 0.4062699801155517, "f1": 0.8363319405411955}, "metrics_test": {"acc": 0.7573846571151682, "auc": 0.7857023170864137, "nll": 0.5031681972151416, "mse": 0.16601116660516702, "rmse": 0.40744467919604377, "f1": 0.8363319405411955}}