{"time": "2021-12-14T12:16:13.868120", "features": ["i", "rpfa_F", "s", "scA", "scW", "tcA", "tcW"], "seed": 888, "split_id": 0, "metrics_train": {"acc": 0.7590297067863165, "auc": 0.7883477266366316, "nll": 0.5005381379253685, "mse": 0.1650119827216331, "rmse": 0.4062166696747354, "f1": 0.836142866313412}, "metrics_test": {"acc": 0.7573413088431333, "auc": 0.7853188180001827, "nll": 0.503536193456232, "mse": 0.16612720424162064, "rmse": 0.40758705112113247, "f1": 0.836142866313412}}