{"time": "2021-07-03T01:06:57.243230", "features": ["i", "icA", "icW", "s", "scA", "scW", "tcA", "tcW"], "seed": 888, "split_id": 4, "metrics_train": {"acc": 0.7583850153670818, "auc": 0.7877654891236068, "nll": 0.501357473976048, "mse": 0.16534714689624905, "rmse": 0.4066290040027261, "f1": 0.8370115208036097}, "metrics_test": {"acc": 0.7578556657366549, "auc": 0.784272260605741, "nll": 0.5031005166793844, "mse": 0.16592311690575207, "rmse": 0.4073366137554444, "f1": 0.8370115208036097}}