{"time": "2021-07-02T06:10:11.029674", "features": ["i", "resp_time_cat", "s", "scA", "scW", "tcA", "tcW"], "seed": 888, "split_id": 2, "metrics_train": {"acc": 0.7623775685356691, "auc": 0.7928344156042663, "nll": 0.4948547012125781, "mse": 0.1628593376949154, "rmse": 0.40355834484608966, "f1": 0.8383395723889085}, "metrics_test": {"acc": 0.7606219210501702, "auc": 0.7899699617990964, "nll": 0.49795248017342586, "mse": 0.16401738140873834, "rmse": 0.4049905942225552, "f1": 0.8383395723889085}}