{"time": "2021-12-14T13:06:05.573272", "features": ["i", "rpfa_F", "rpfa_R", "s", "scA", "scW", "tcA", "tcW"], "seed": 888, "split_id": 2, "metrics_train": {"acc": 0.759165733757716, "auc": 0.7884782103713509, "nll": 0.500336776500357, "mse": 0.1649397852955131, "rmse": 0.40612779429080337, "f1": 0.8357742964237362}, "metrics_test": {"acc": 0.7570550373142333, "auc": 0.7852413447482207, "nll": 0.5038590112590087, "mse": 0.16626151660546612, "rmse": 0.40775178308067045, "f1": 0.8357742964237362}}