{"time": "2021-12-14T13:14:21.443833", "features": ["i", "rpfa_F", "rpfa_R", "s", "scA", "scW", "tcA", "tcW"], "seed": 888, "split_id": 3, "metrics_train": {"acc": 0.7591646044786449, "auc": 0.7885137870532714, "nll": 0.5003820461957761, "mse": 0.1649517230092059, "rmse": 0.4061424910166454, "f1": 0.8357988745101186}, "metrics_test": {"acc": 0.7569312118596672, "auc": 0.7849365360262207, "nll": 0.5038442423631149, "mse": 0.1662732539834286, "rmse": 0.4077661756244976, "f1": 0.8357988745101186}}