{"time": "2021-07-02T22:35:00.773263", "features": ["i", "rc", "s", "scA", "scW", "tcA", "tcW"], "seed": 888, "split_id": 3, "metrics_train": {"acc": 0.7591839270660931, "auc": 0.7890439099662513, "nll": 0.4995942228866107, "mse": 0.16476723162069015, "rmse": 0.4059153010428286, "f1": 0.8357482483967211}, "metrics_test": {"acc": 0.7571458097357686, "auc": 0.7856854772853951, "nll": 0.5029096224204985, "mse": 0.16602333602872543, "rmse": 0.40745961275778664, "f1": 0.8357482483967211}}