{"time": "2021-07-02T20:53:27.879908", "features": ["i", "postcA", "postcW", "s", "scA", "scW", "tcA", "tcW"], "seed": 888, "split_id": 0, "metrics_train": {"acc": 0.7598920701665527, "auc": 0.7897565743258192, "nll": 0.499033896667932, "mse": 0.1644640850102367, "rmse": 0.4055417179652874, "f1": 0.8366408882175892}, "metrics_test": {"acc": 0.758064709957141, "auc": 0.7866398545592599, "nll": 0.5021640688846389, "mse": 0.1656197962502701, "rmse": 0.4069641215761779, "f1": 0.8366408882175892}}