{"time": "2021-07-02T07:08:38.934137", "features": ["i", "prev_lag_time_cat", "s", "scA", "scW", "tcA", "tcW"], "seed": 888, "split_id": 2, "metrics_train": {"acc": 0.7592307044406288, "auc": 0.7884508823405829, "nll": 0.5002387987042891, "mse": 0.16490429272444287, "rmse": 0.40608409563099473, "f1": 0.8360321246496693}, "metrics_test": {"acc": 0.7572708480460763, "auc": 0.785394253658106, "nll": 0.5035757315043552, "mse": 0.16616448946481047, "rmse": 0.4076327875242747, "f1": 0.8360321246496693}}