{"time": "2021-07-03T07:46:52.089493", "features": ["i", "s", "scA", "scW", "tcA", "tcW", "vt"], "seed": 888, "split_id": 4, "metrics_train": {"acc": 0.758469376741056, "auc": 0.7877826459261834, "nll": 0.5012716566807843, "mse": 0.1653077083737379, "rmse": 0.4065805066327429, "f1": 0.837174469059313}, "metrics_test": {"acc": 0.7580457504583082, "auc": 0.7845796804176463, "nll": 0.5027578922519305, "mse": 0.16579193078319918, "rmse": 0.4071755527818427, "f1": 0.837174469059313}}