{"time": "2021-07-01T21:32:02.605202", "features": ["i", "s", "scA", "scW", "sm", "tcA", "tcW"], "seed": 888, "split_id": 1, "metrics_train": {"acc": 0.7593215222996048, "auc": 0.7892111908841448, "nll": 0.49983791664372806, "mse": 0.16476313261263356, "rmse": 0.4059102519186151, "f1": 0.8363643503611178}, "metrics_test": {"acc": 0.7575892878943159, "auc": 0.78591295894513, "nll": 0.5030742844420759, "mse": 0.16594249717220702, "rmse": 0.40736040206702345, "f1": 0.8363643503611178}}