{"time": "2021-07-01T21:31:54.447177", "features": ["d", "i", "s", "scA", "scW", "tcA", "tcW"], "seed": 888, "split_id": 1, "metrics_train": {"acc": 0.75857547107653, "auc": 0.7877049770495791, "nll": 0.5011121884754594, "mse": 0.1652516146674634, "rmse": 0.40651151849297384, "f1": 0.8359987933019665}, "metrics_test": {"acc": 0.7569198555996536, "auc": 0.7844814732750618, "nll": 0.5042672240842198, "mse": 0.16640058818562942, "rmse": 0.4079222820411131, "f1": 0.8359987933019665}}