{"time": "2021-07-02T04:07:11.323024", "features": ["d", "i", "s", "scA", "scW", "tcA", "tcW"], "seed": 888, "split_id": 2, "metrics_train": {"acc": 0.7586663983203211, "auc": 0.7876438775249575, "nll": 0.5011078999408826, "mse": 0.16524368461182556, "rmse": 0.4065017645863614, "f1": 0.8356993640169789}, "metrics_test": {"acc": 0.7567049348148619, "auc": 0.7846171591184393, "nll": 0.5043916838620195, "mse": 0.1664822494489951, "rmse": 0.4080223639079053, "f1": 0.8356993640169789}}