{"time": "2021-07-03T06:53:41.073385", "features": ["i", "pre", "s", "scA", "scW", "tcA", "tcW"], "seed": 888, "split_id": 4, "metrics_train": {"acc": 0.7583489292280244, "auc": 0.7877922630545341, "nll": 0.501339024555432, "mse": 0.16534919061886644, "rmse": 0.4066315170014081, "f1": 0.8369537665716169}, "metrics_test": {"acc": 0.7577837992535241, "auc": 0.7842423683833296, "nll": 0.5031482684052193, "mse": 0.1659467623300438, "rmse": 0.4073656371492861, "f1": 0.8369537665716169}}