{"time": "2021-07-03T00:32:06.450289", "features": ["d", "i", "s", "scA", "scW", "tcA", "tcW"], "seed": 888, "split_id": 4, "metrics_train": {"acc": 0.7583573760576112, "auc": 0.7877928352117919, "nll": 0.5013513584487341, "mse": 0.16534981745862512, "rmse": 0.40663228777191945, "f1": 0.8369992682489452}, "metrics_test": {"acc": 0.7578348287090015, "auc": 0.7842914512273568, "nll": 0.5031056015012483, "mse": 0.16592944043246466, "rmse": 0.40734437572214577, "f1": 0.8369992682489452}}