{"time": "2021-12-14T13:06:44.425205", "features": ["i", "rpfa_F", "s", "scA", "scW", "tcA", "tcW"], "seed": 888, "split_id": 3, "metrics_train": {"acc": 0.7590855526775101, "auc": 0.7883433700708358, "nll": 0.5005500180279499, "mse": 0.16501027650640732, "rmse": 0.40621456953980284, "f1": 0.8357939938600665}, "metrics_test": {"acc": 0.7568939835142616, "auc": 0.7848675317421415, "nll": 0.5039090760620312, "mse": 0.16629767602786316, "rmse": 0.4077961206630872, "f1": 0.8357939938600665}}