{"time": "2021-07-01T22:27:46.355594", "features": ["i", "s", "scA", "scW", "tcA", "tcA_TW", "tcW", "tcW_TW"], "seed": 888, "split_id": 1, "metrics_train": {"acc": 0.7604554131979295, "auc": 0.7908011264047394, "nll": 0.4978234477658188, "mse": 0.16403177645318134, "rmse": 0.4050083659051765, "f1": 0.8372951108241772}, "metrics_test": {"acc": 0.7591069225413969, "auc": 0.7878361447381211, "nll": 0.5006799326475876, "mse": 0.16506844895311923, "rmse": 0.40628616633245, "f1": 0.8372951108241772}}