{"time": "2021-07-02T16:38:24.702323", "features": ["i", "icA_TW", "icW_TW", "s", "scA", "scW", "tcA", "tcW"], "seed": 888, "split_id": 3, "metrics_train": {"acc": 0.7587698792461053, "auc": 0.7879055409455171, "nll": 0.5009290814469992, "mse": 0.16517745489878727, "rmse": 0.4064202934140805, "f1": 0.835768968242382}, "metrics_test": {"acc": 0.7566573481693282, "auc": 0.7845000645814413, "nll": 0.5042193169504762, "mse": 0.16643887974003907, "rmse": 0.4079692142062181, "f1": 0.835768968242382}}