{"time": "2021-07-02T06:21:30.127951", "features": ["i", "s", "scA", "scA_TW", "scW", "scW_TW", "tcA", "tcW"], "seed": 888, "split_id": 2, "metrics_train": {"acc": 0.7594367649891446, "auc": 0.7895396337420203, "nll": 0.4994334640647658, "mse": 0.16463502009154107, "rmse": 0.40575241230526415, "f1": 0.8357218744838844}, "metrics_test": {"acc": 0.7569578581278269, "auc": 0.7854926012751222, "nll": 0.503693873608418, "mse": 0.16623226433952537, "rmse": 0.4077159113151281, "f1": 0.8357218744838844}}