{"time": "2021-07-02T13:47:12.168865", "features": ["i", "rt", "s", "scA", "scW", "tcA", "tcW"], "seed": 888, "split_id": 2, "metrics_train": {"acc": 0.758482101350318, "auc": 0.7873509993111372, "nll": 0.5013366013133491, "mse": 0.16534259493962436, "rmse": 0.40662340677784936, "f1": 0.835707822859726}, "metrics_test": {"acc": 0.7566613865260308, "auc": 0.7846401681909047, "nll": 0.5043203894484233, "mse": 0.16647253567555828, "rmse": 0.4080104602526243, "f1": 0.835707822859726}}