{"time": "2021-07-03T03:36:44.883772", "features": ["i", "s", "scA", "scW", "tcA", "tcW", "weekend"], "seed": 888, "split_id": 4, "metrics_train": {"acc": 0.7582752600434006, "auc": 0.787663783875753, "nll": 0.5014673904915873, "mse": 0.1653940103279513, "rmse": 0.4066866242304403, "f1": 0.8369744695157146}, "metrics_test": {"acc": 0.7578080382448759, "auc": 0.7842421733893548, "nll": 0.5031451828205561, "mse": 0.16594657105750427, "rmse": 0.40736540238157715, "f1": 0.8369744695157146}}